                                                                        S0000001
,,31HOpen CASCADE IGES processor 7.5,13HFilename.iges,                  G0000001
16HOpen CASCADE 7.5,31HOpen CASCADE IGES processor 7.5,32,308,15,308,15,G0000002
,1.,2,2HMM,1,0.01,15H20240305.145140,1.21807E-07,1752.986667,,,11,0,    G0000003
15H20240305.145140,;                                                    G0000004
     402       1       0       0       0       0       0       000000000D0000001
     402       0       0       2       1                               0D0000002
     144       3       0       0       0       0       0       000020000D0000003
     144       0       0       1       0                               0D0000004
     120       4       0       0       0       0       7       000010000D0000005
     120       0       0       1       0                               0D0000006
     124       5       0       0       0       0       0       000000000D0000007
     124       0       0       1       0                               0D0000008
     110       6       0       0       0       0       0       000010000D0000009
     110       0       0       1       0                               0D0000010
     100       7       0       0       0       0      13       000010000D0000011
     100       0       0       1       0                               0D0000012
     124       8       0       0       0       0       0       000000000D0000013
     124       0       0       1       0                               0D0000014
     142       9       0       0       0       0       0       000010500D0000015
     142       0       0       1       0                               0D0000016
     102      10       0       0       0       0       0       000010000D0000017
     102       0       0       1       0                               0D0000018
     110      11       0       0       0       0       0       000010000D0000019
     110       0       0       1       0                               0D0000020
     110      12       0       0       0       0       0       000010000D0000021
     110       0       0       1       0                               0D0000022
     102      13       0       0       0       0       0       000010000D0000023
     102       0       0       1       0                               0D0000024
     100      14       0       0       0       0      27       000010000D0000025
     100       0       0       1       0                               0D0000026
     124      15       0       0       0       0       0       000000000D0000027
     124       0       0       1       0                               0D0000028
     100      16       0       0       0       0      31       000010000D0000029
     100       0       0       1       0                               0D0000030
     124      17       0       0       0       0       0       000000000D0000031
     124       0       0       1       0                               0D0000032
     402      18       0       0       0       0       0       000020000D0000033
     402       0       0       1       1                               0D0000034
     144      19       0       0       0       0       0       000020000D0000035
     144       0       0       1       0                               0D0000036
     120      20       0       0       0       0      39       000010000D0000037
     120       0       0       1       0                               0D0000038
     124      21       0       0       0       0       0       000000000D0000039
     124       0       0       1       0                               0D0000040
     110      22       0       0       0       0       0       000010000D0000041
     110       0       0       1       0                               0D0000042
     110      23       0       0       0       0       0       000010000D0000043
     110       0       0       1       0                               0D0000044
     142      24       0       0       0       0       0       000010500D0000045
     142       0       0       1       0                               0D0000046
     102      25       0       0       0       0       0       000010000D0000047
     102       0       0       1       0                               0D0000048
     110      26       0       0       0       0       0       000010000D0000049
     110       0       0       1       0                               0D0000050
     110      27       0       0       0       0       0       000010000D0000051
     110       0       0       1       0                               0D0000052
     110      28       0       0       0       0       0       000010000D0000053
     110       0       0       1       0                               0D0000054
     110      29       0       0       0       0       0       000010000D0000055
     110       0       0       1       0                               0D0000056
     110      30       0       0       0       0       0       000010000D0000057
     110       0       0       1       0                               0D0000058
     110      31       0       0       0       0       0       000010000D0000059
     110       0       0       1       0                               0D0000060
     102      32       0       0       0       0       0       000010000D0000061
     102       0       0       1       0                               0D0000062
     100      33       0       0       0       0      65       000010000D0000063
     100       0       0       1       0                               0D0000064
     124      34       0       0       0       0       0       000000000D0000065
     124       0       0       1       0                               0D0000066
     110      35       0       0       0       0       0       000010000D0000067
     110       0       0       1       0                               0D0000068
     100      36       0       0       0       0      71       000010000D0000069
     100       0       0       1       0                               0D0000070
     124      37       0       0       0       0       0       000000000D0000071
     124       0       0       1       0                               0D0000072
     100      38       0       0       0       0      75       000010000D0000073
     100       0       0       1       0                               0D0000074
     124      39       0       0       0       0       0       000000000D0000075
     124       0       0       1       0                               0D0000076
     100      40       0       0       0       0      79       000010000D0000077
     100       0       0       1       0                               0D0000078
     124      41       0       0       0       0       0       000000000D0000079
     124       0       0       1       0                               0D0000080
     110      42       0       0       0       0       0       000010000D0000081
     110       0       0       1       0                               0D0000082
     144      43       0       0       0       0       0       000020000D0000083
     144       0       0       1       0                               0D0000084
     108      44       0       0       0       0       0       000010000D0000085
     108       0       0       1       0                               0D0000086
     142      45       0       0       0       0       0       000010500D0000087
     142       0       0       1       0                               0D0000088
     102      46       0       0       0       0       0       000010000D0000089
     102       0       0       1       0                               0D0000090
     100      47       0       0       0       0      93       000010000D0000091
     100       0       0       1       0                               0D0000092
     124      48       0       0       0       0       0       000000000D0000093
     124       0       0       1       0                               0D0000094
     110      49       0       0       0       0       0       000010000D0000095
     110       0       0       1       0                               0D0000096
     110      50       0       0       0       0       0       000010000D0000097
     110       0       0       1       0                               0D0000098
     110      51       0       0       0       0       0       000010000D0000099
     110       0       0       1       0                               0D0000100
     100      52       0       0       0       0     103       000010000D0000101
     100       0       0       1       0                               0D0000102
     124      53       0       0       0       0       0       000000000D0000103
     124       0       0       1       0                               0D0000104
     144      54       0       0       0       0       0       000020000D0000105
     144       0       0       1       0                               0D0000106
     108      55       0       0       0       0       0       000010000D0000107
     108       0       0       1       0                               0D0000108
     142      56       0       0       0       0       0       000010500D0000109
     142       0       0       1       0                               0D0000110
     102      57       0       0       0       0       0       000010000D0000111
     102       0       0       1       0                               0D0000112
     110      58       0       0       0       0       0       000010000D0000113
     110       0       0       1       0                               0D0000114
     110      59       0       0       0       0       0       000010000D0000115
     110       0       0       1       0                               0D0000116
     100      60       0       0       0       0     119       000010000D0000117
     100       0       0       1       0                               0D0000118
     124      61       0       0       0       0       0       000000000D0000119
     124       0       0       1       0                               0D0000120
     110      62       0       0       0       0       0       000010000D0000121
     110       0       0       1       0                               0D0000122
     144      63       0       0       0       0       0       000020000D0000123
     144       0       0       1       0                               0D0000124
     108      64       0       0       0       0       0       000010000D0000125
     108       0       0       1       0                               0D0000126
     142      65       0       0       0       0       0       000010500D0000127
     142       0       0       1       0                               0D0000128
     100      66       0       0       0       0     131       000010000D0000129
     100       0       0       1       0                               0D0000130
     124      67       0       0       0       0       0       000000000D0000131
     124       0       0       1       0                               0D0000132
     144      68       0       0       0       0       0       000020000D0000133
     144       0       0       1       0                               0D0000134
     108      69       0       0       0       0       0       000010000D0000135
     108       0       0       1       0                               0D0000136
     142      70       0       0       0       0       0       000010500D0000137
     142       0       0       1       0                               0D0000138
     102      71       0       0       0       0       0       000010000D0000139
     102       0       0       1       0                               0D0000140
     110      72       0       0       0       0       0       000010000D0000141
     110       0       0       1       0                               0D0000142
     110      73       0       0       0       0       0       000010000D0000143
     110       0       0       1       0                               0D0000144
     110      74       0       0       0       0       0       000010000D0000145
     110       0       0       1       0                               0D0000146
     110      75       0       0       0       0       0       000010000D0000147
     110       0       0       1       0                               0D0000148
     110      76       0       0       0       0       0       000010000D0000149
     110       0       0       1       0                               0D0000150
     144      77       0       0       0       0       0       000020000D0000151
     144       0       0       1       0                               0D0000152
     108      78       0       0       0       0       0       000010000D0000153
     108       0       0       1       0                               0D0000154
     142      79       0       0       0       0       0       000010500D0000155
     142       0       0       1       0                               0D0000156
     102      80       0       0       0       0       0       000010000D0000157
     102       0       0       1       0                               0D0000158
     110      81       0       0       0       0       0       000010000D0000159
     110       0       0       1       0                               0D0000160
     110      82       0       0       0       0       0       000010000D0000161
     110       0       0       1       0                               0D0000162
     110      83       0       0       0       0       0       000010000D0000163
     110       0       0       1       0                               0D0000164
     110      84       0       0       0       0       0       000010000D0000165
     110       0       0       1       0                               0D0000166
     144      85       0       0       0       0       0       000020000D0000167
     144       0       0       1       0                               0D0000168
     108      86       0       0       0       0       0       000010000D0000169
     108       0       0       1       0                               0D0000170
     142      87       0       0       0       0       0       000010500D0000171
     142       0       0       1       0                               0D0000172
     102      88       0       0       0       0       0       000010000D0000173
     102       0       0       1       0                               0D0000174
     110      89       0       0       0       0       0       000010000D0000175
     110       0       0       1       0                               0D0000176
     110      90       0       0       0       0       0       000010000D0000177
     110       0       0       1       0                               0D0000178
     110      91       0       0       0       0       0       000010000D0000179
     110       0       0       1       0                               0D0000180
     110      92       0       0       0       0       0       000010000D0000181
     110       0       0       1       0                               0D0000182
     110      93       0       0       0       0       0       000010000D0000183
     110       0       0       1       0                               0D0000184
     144      94       0       0       0       0       0       000020000D0000185
     144       0       0       1       0                               0D0000186
     108      95       0       0       0       0       0       000010000D0000187
     108       0       0       1       0                               0D0000188
     142      96       0       0       0       0       0       000010500D0000189
     142       0       0       1       0                               0D0000190
     102      97       0       0       0       0       0       000010000D0000191
     102       0       0       1       0                               0D0000192
     110      98       0       0       0       0       0       000010000D0000193
     110       0       0       1       0                               0D0000194
     110      99       0       0       0       0       0       000010000D0000195
     110       0       0       1       0                               0D0000196
     110     100       0       0       0       0       0       000010000D0000197
     110       0       0       1       0                               0D0000198
     110     101       0       0       0       0       0       000010000D0000199
     110       0       0       1       0                               0D0000200
     144     102       0       0       0       0       0       000020000D0000201
     144       0       0       1       0                               0D0000202
     108     103       0       0       0       0       0       000010000D0000203
     108       0       0       1       0                               0D0000204
     142     104       0       0       0       0       0       000010500D0000205
     142       0       0       1       0                               0D0000206
     102     105       0       0       0       0       0       000010000D0000207
     102       0       0       1       0                               0D0000208
     110     106       0       0       0       0       0       000010000D0000209
     110       0       0       1       0                               0D0000210
     110     107       0       0       0       0       0       000010000D0000211
     110       0       0       1       0                               0D0000212
     110     108       0       0       0       0       0       000010000D0000213
     110       0       0       1       0                               0D0000214
     110     109       0       0       0       0       0       000010000D0000215
     110       0       0       1       0                               0D0000216
     402     110       0       0       0       0       0       000020000D0000217
     402       0       0       1       1                               0D0000218
     144     111       0       0       0       0       0       000020000D0000219
     144       0       0       1       0                               0D0000220
     108     112       0       0       0       0       0       000010000D0000221
     108       0       0       1       0                               0D0000222
     142     113       0       0       0       0       0       000010500D0000223
     142       0       0       1       0                               0D0000224
     102     114       0       0       0       0       0       000010000D0000225
     102       0       0       1       0                               0D0000226
     110     115       0       0       0       0       0       000010000D0000227
     110       0       0       1       0                               0D0000228
     110     116       0       0       0       0       0       000010000D0000229
     110       0       0       1       0                               0D0000230
     110     117       0       0       0       0       0       000010000D0000231
     110       0       0       1       0                               0D0000232
     110     118       0       0       0       0       0       000010000D0000233
     110       0       0       1       0                               0D0000234
     144     119       0       0       0       0       0       000020000D0000235
     144       0       0       1       0                               0D0000236
     108     120       0       0       0       0       0       000010000D0000237
     108       0       0       1       0                               0D0000238
     142     121       0       0       0       0       0       000010500D0000239
     142       0       0       1       0                               0D0000240
     102     122       0       0       0       0       0       000010000D0000241
     102       0       0       1       0                               0D0000242
     110     123       0       0       0       0       0       000010000D0000243
     110       0       0       1       0                               0D0000244
     110     124       0       0       0       0       0       000010000D0000245
     110       0       0       1       0                               0D0000246
     110     125       0       0       0       0       0       000010000D0000247
     110       0       0       1       0                               0D0000248
     110     126       0       0       0       0       0       000010000D0000249
     110       0       0       1       0                               0D0000250
     144     127       0       0       0       0       0       000020000D0000251
     144       0       0       1       0                               0D0000252
     108     128       0       0       0       0       0       000010000D0000253
     108       0       0       1       0                               0D0000254
     142     129       0       0       0       0       0       000010500D0000255
     142       0       0       1       0                               0D0000256
     102     130       0       0       0       0       0       000010000D0000257
     102       0       0       1       0                               0D0000258
     110     131       0       0       0       0       0       000010000D0000259
     110       0       0       1       0                               0D0000260
     110     132       0       0       0       0       0       000010000D0000261
     110       0       0       1       0                               0D0000262
     110     133       0       0       0       0       0       000010000D0000263
     110       0       0       1       0                               0D0000264
     110     134       0       0       0       0       0       000010000D0000265
     110       0       0       1       0                               0D0000266
     144     135       0       0       0       0       0       000020000D0000267
     144       0       0       1       0                               0D0000268
     108     136       0       0       0       0       0       000010000D0000269
     108       0       0       1       0                               0D0000270
     142     137       0       0       0       0       0       000010500D0000271
     142       0       0       1       0                               0D0000272
     102     138       0       0       0       0       0       000010000D0000273
     102       0       0       1       0                               0D0000274
     110     139       0       0       0       0       0       000010000D0000275
     110       0       0       1       0                               0D0000276
     110     140       0       0       0       0       0       000010000D0000277
     110       0       0       1       0                               0D0000278
     110     141       0       0       0       0       0       000010000D0000279
     110       0       0       1       0                               0D0000280
     110     142       0       0       0       0       0       000010000D0000281
     110       0       0       1       0                               0D0000282
     144     143       0       0       0       0       0       000020000D0000283
     144       0       0       1       0                               0D0000284
     108     144       0       0       0       0       0       000010000D0000285
     108       0       0       1       0                               0D0000286
     142     145       0       0       0       0       0       000010500D0000287
     142       0       0       1       0                               0D0000288
     102     146       0       0       0       0       0       000010000D0000289
     102       0       0       1       0                               0D0000290
     110     147       0       0       0       0       0       000010000D0000291
     110       0       0       1       0                               0D0000292
     110     148       0       0       0       0       0       000010000D0000293
     110       0       0       1       0                               0D0000294
     110     149       0       0       0       0       0       000010000D0000295
     110       0       0       1       0                               0D0000296
     110     150       0       0       0       0       0       000010000D0000297
     110       0       0       1       0                               0D0000298
     144     151       0       0       0       0       0       000020000D0000299
     144       0       0       1       0                               0D0000300
     108     152       0       0       0       0       0       000010000D0000301
     108       0       0       1       0                               0D0000302
     142     153       0       0       0       0       0       000010500D0000303
     142       0       0       1       0                               0D0000304
     102     154       0       0       0       0       0       000010000D0000305
     102       0       0       1       0                               0D0000306
     110     155       0       0       0       0       0       000010000D0000307
     110       0       0       1       0                               0D0000308
     110     156       0       0       0       0       0       000010000D0000309
     110       0       0       1       0                               0D0000310
     110     157       0       0       0       0       0       000010000D0000311
     110       0       0       1       0                               0D0000312
     110     158       0       0       0       0       0       000010000D0000313
     110       0       0       1       0                               0D0000314
     402     159       0       0       0       0       0       000020000D0000315
     402       0       0       1       1                               0D0000316
     144     160       0       0       0       0       0       000020000D0000317
     144       0       0       1       0                               0D0000318
     108     161       0       0       0       0       0       000010000D0000319
     108       0       0       1       0                               0D0000320
     142     162       0       0       0       0       0       000010500D0000321
     142       0       0       1       0                               0D0000322
     102     163       0       0       0       0       0       000010000D0000323
     102       0       0       1       0                               0D0000324
     110     164       0       0       0       0       0       000010000D0000325
     110       0       0       1       0                               0D0000326
     110     165       0       0       0       0       0       000010000D0000327
     110       0       0       1       0                               0D0000328
     110     166       0       0       0       0       0       000010000D0000329
     110       0       0       1       0                               0D0000330
     110     167       0       0       0       0       0       000010000D0000331
     110       0       0       1       0                               0D0000332
     144     168       0       0       0       0       0       000020000D0000333
     144       0       0       1       0                               0D0000334
     108     169       0       0       0       0       0       000010000D0000335
     108       0       0       1       0                               0D0000336
     142     170       0       0       0       0       0       000010500D0000337
     142       0       0       1       0                               0D0000338
     102     171       0       0       0       0       0       000010000D0000339
     102       0       0       1       0                               0D0000340
     110     172       0       0       0       0       0       000010000D0000341
     110       0       0       1       0                               0D0000342
     110     173       0       0       0       0       0       000010000D0000343
     110       0       0       1       0                               0D0000344
     110     174       0       0       0       0       0       000010000D0000345
     110       0       0       1       0                               0D0000346
     110     175       0       0       0       0       0       000010000D0000347
     110       0       0       1       0                               0D0000348
     144     176       0       0       0       0       0       000020000D0000349
     144       0       0       1       0                               0D0000350
     108     177       0       0       0       0       0       000010000D0000351
     108       0       0       1       0                               0D0000352
     142     178       0       0       0       0       0       000010500D0000353
     142       0       0       1       0                               0D0000354
     102     179       0       0       0       0       0       000010000D0000355
     102       0       0       1       0                               0D0000356
     110     180       0       0       0       0       0       000010000D0000357
     110       0       0       1       0                               0D0000358
     110     181       0       0       0       0       0       000010000D0000359
     110       0       0       1       0                               0D0000360
     110     182       0       0       0       0       0       000010000D0000361
     110       0       0       1       0                               0D0000362
     110     183       0       0       0       0       0       000010000D0000363
     110       0       0       1       0                               0D0000364
     144     184       0       0       0       0       0       000020000D0000365
     144       0       0       1       0                               0D0000366
     108     185       0       0       0       0       0       000010000D0000367
     108       0       0       1       0                               0D0000368
     142     186       0       0       0       0       0       000010500D0000369
     142       0       0       1       0                               0D0000370
     102     187       0       0       0       0       0       000010000D0000371
     102       0       0       1       0                               0D0000372
     110     188       0       0       0       0       0       000010000D0000373
     110       0       0       1       0                               0D0000374
     110     189       0       0       0       0       0       000010000D0000375
     110       0       0       1       0                               0D0000376
     110     190       0       0       0       0       0       000010000D0000377
     110       0       0       1       0                               0D0000378
     110     191       0       0       0       0       0       000010000D0000379
     110       0       0       1       0                               0D0000380
     144     192       0       0       0       0       0       000020000D0000381
     144       0       0       1       0                               0D0000382
     108     193       0       0       0       0       0       000010000D0000383
     108       0       0       1       0                               0D0000384
     142     194       0       0       0       0       0       000010500D0000385
     142       0       0       1       0                               0D0000386
     102     195       0       0       0       0       0       000010000D0000387
     102       0       0       1       0                               0D0000388
     110     196       0       0       0       0       0       000010000D0000389
     110       0       0       1       0                               0D0000390
     110     197       0       0       0       0       0       000010000D0000391
     110       0       0       1       0                               0D0000392
     110     198       0       0       0       0       0       000010000D0000393
     110       0       0       1       0                               0D0000394
     110     199       0       0       0       0       0       000010000D0000395
     110       0       0       1       0                               0D0000396
     144     200       0       0       0       0       0       000020000D0000397
     144       0       0       1       0                               0D0000398
     108     201       0       0       0       0       0       000010000D0000399
     108       0       0       1       0                               0D0000400
     142     202       0       0       0       0       0       000010500D0000401
     142       0       0       1       0                               0D0000402
     102     203       0       0       0       0       0       000010000D0000403
     102       0       0       1       0                               0D0000404
     110     204       0       0       0       0       0       000010000D0000405
     110       0       0       1       0                               0D0000406
     110     205       0       0       0       0       0       000010000D0000407
     110       0       0       1       0                               0D0000408
     110     206       0       0       0       0       0       000010000D0000409
     110       0       0       1       0                               0D0000410
     110     207       0       0       0       0       0       000010000D0000411
     110       0       0       1       0                               0D0000412
     402     208       0       0       0       0       0       000020000D0000413
     402       0       0       1       1                               0D0000414
     144     209       0       0       0       0       0       000020000D0000415
     144       0       0       1       0                               0D0000416
     108     210       0       0       0       0       0       000010000D0000417
     108       0       0       1       0                               0D0000418
     142     211       0       0       0       0       0       000010500D0000419
     142       0       0       1       0                               0D0000420
     102     212       0       0       0       0       0       000010000D0000421
     102       0       0       1       0                               0D0000422
     110     213       0       0       0       0       0       000010000D0000423
     110       0       0       1       0                               0D0000424
     110     214       0       0       0       0       0       000010000D0000425
     110       0       0       1       0                               0D0000426
     110     215       0       0       0       0       0       000010000D0000427
     110       0       0       1       0                               0D0000428
     110     216       0       0       0       0       0       000010000D0000429
     110       0       0       1       0                               0D0000430
     144     217       0       0       0       0       0       000020000D0000431
     144       0       0       1       0                               0D0000432
     108     218       0       0       0       0       0       000010000D0000433
     108       0       0       1       0                               0D0000434
     142     219       0       0       0       0       0       000010500D0000435
     142       0       0       1       0                               0D0000436
     102     220       0       0       0       0       0       000010000D0000437
     102       0       0       1       0                               0D0000438
     110     221       0       0       0       0       0       000010000D0000439
     110       0       0       1       0                               0D0000440
     110     222       0       0       0       0       0       000010000D0000441
     110       0       0       1       0                               0D0000442
     110     223       0       0       0       0       0       000010000D0000443
     110       0       0       1       0                               0D0000444
     110     224       0       0       0       0       0       000010000D0000445
     110       0       0       1       0                               0D0000446
     144     225       0       0       0       0       0       000020000D0000447
     144       0       0       1       0                               0D0000448
     108     226       0       0       0       0       0       000010000D0000449
     108       0       0       1       0                               0D0000450
     142     227       0       0       0       0       0       000010500D0000451
     142       0       0       1       0                               0D0000452
     102     228       0       0       0       0       0       000010000D0000453
     102       0       0       1       0                               0D0000454
     110     229       0       0       0       0       0       000010000D0000455
     110       0       0       1       0                               0D0000456
     110     230       0       0       0       0       0       000010000D0000457
     110       0       0       1       0                               0D0000458
     110     231       0       0       0       0       0       000010000D0000459
     110       0       0       1       0                               0D0000460
     110     232       0       0       0       0       0       000010000D0000461
     110       0       0       1       0                               0D0000462
     144     233       0       0       0       0       0       000020000D0000463
     144       0       0       1       0                               0D0000464
     108     234       0       0       0       0       0       000010000D0000465
     108       0       0       1       0                               0D0000466
     142     235       0       0       0       0       0       000010500D0000467
     142       0       0       1       0                               0D0000468
     102     236       0       0       0       0       0       000010000D0000469
     102       0       0       1       0                               0D0000470
     110     237       0       0       0       0       0       000010000D0000471
     110       0       0       1       0                               0D0000472
     110     238       0       0       0       0       0       000010000D0000473
     110       0       0       1       0                               0D0000474
     110     239       0       0       0       0       0       000010000D0000475
     110       0       0       1       0                               0D0000476
     110     240       0       0       0       0       0       000010000D0000477
     110       0       0       1       0                               0D0000478
     144     241       0       0       0       0       0       000020000D0000479
     144       0       0       1       0                               0D0000480
     108     242       0       0       0       0       0       000010000D0000481
     108       0       0       1       0                               0D0000482
     142     243       0       0       0       0       0       000010500D0000483
     142       0       0       1       0                               0D0000484
     102     244       0       0       0       0       0       000010000D0000485
     102       0       0       1       0                               0D0000486
     110     245       0       0       0       0       0       000010000D0000487
     110       0       0       1       0                               0D0000488
     110     246       0       0       0       0       0       000010000D0000489
     110       0       0       1       0                               0D0000490
     110     247       0       0       0       0       0       000010000D0000491
     110       0       0       1       0                               0D0000492
     110     248       0       0       0       0       0       000010000D0000493
     110       0       0       1       0                               0D0000494
     144     249       0       0       0       0       0       000020000D0000495
     144       0       0       1       0                               0D0000496
     108     250       0       0       0       0       0       000010000D0000497
     108       0       0       1       0                               0D0000498
     142     251       0       0       0       0       0       000010500D0000499
     142       0       0       1       0                               0D0000500
     102     252       0       0       0       0       0       000010000D0000501
     102       0       0       1       0                               0D0000502
     110     253       0       0       0       0       0       000010000D0000503
     110       0       0       1       0                               0D0000504
     110     254       0       0       0       0       0       000010000D0000505
     110       0       0       1       0                               0D0000506
     110     255       0       0       0       0       0       000010000D0000507
     110       0       0       1       0                               0D0000508
     110     256       0       0       0       0       0       000010000D0000509
     110       0       0       1       0                               0D0000510
     402     257       0       0       0       0       0       000020000D0000511
     402       0       0       1       1                               0D0000512
     144     258       0       0       0       0       0       000020000D0000513
     144       0       0       1       0                               0D0000514
     108     259       0       0       0       0       0       000010000D0000515
     108       0       0       1       0                               0D0000516
     142     260       0       0       0       0       0       000010500D0000517
     142       0       0       1       0                               0D0000518
     102     261       0       0       0       0       0       000010000D0000519
     102       0       0       1       0                               0D0000520
     110     262       0       0       0       0       0       000010000D0000521
     110       0       0       1       0                               0D0000522
     110     263       0       0       0       0       0       000010000D0000523
     110       0       0       1       0                               0D0000524
     110     264       0       0       0       0       0       000010000D0000525
     110       0       0       1       0                               0D0000526
     110     265       0       0       0       0       0       000010000D0000527
     110       0       0       1       0                               0D0000528
     144     266       0       0       0       0       0       000020000D0000529
     144       0       0       1       0                               0D0000530
     108     267       0       0       0       0       0       000010000D0000531
     108       0       0       1       0                               0D0000532
     142     268       0       0       0       0       0       000010500D0000533
     142       0       0       1       0                               0D0000534
     102     269       0       0       0       0       0       000010000D0000535
     102       0       0       1       0                               0D0000536
     110     270       0       0       0       0       0       000010000D0000537
     110       0       0       1       0                               0D0000538
     110     271       0       0       0       0       0       000010000D0000539
     110       0       0       1       0                               0D0000540
     110     272       0       0       0       0       0       000010000D0000541
     110       0       0       1       0                               0D0000542
     110     273       0       0       0       0       0       000010000D0000543
     110       0       0       1       0                               0D0000544
     144     274       0       0       0       0       0       000020000D0000545
     144       0       0       1       0                               0D0000546
     108     275       0       0       0       0       0       000010000D0000547
     108       0       0       1       0                               0D0000548
     142     276       0       0       0       0       0       000010500D0000549
     142       0       0       1       0                               0D0000550
     102     277       0       0       0       0       0       000010000D0000551
     102       0       0       1       0                               0D0000552
     110     278       0       0       0       0       0       000010000D0000553
     110       0       0       1       0                               0D0000554
     110     279       0       0       0       0       0       000010000D0000555
     110       0       0       1       0                               0D0000556
     110     280       0       0       0       0       0       000010000D0000557
     110       0       0       1       0                               0D0000558
     110     281       0       0       0       0       0       000010000D0000559
     110       0       0       1       0                               0D0000560
     144     282       0       0       0       0       0       000020000D0000561
     144       0       0       1       0                               0D0000562
     108     283       0       0       0       0       0       000010000D0000563
     108       0       0       1       0                               0D0000564
     142     284       0       0       0       0       0       000010500D0000565
     142       0       0       1       0                               0D0000566
     102     285       0       0       0       0       0       000010000D0000567
     102       0       0       1       0                               0D0000568
     110     286       0       0       0       0       0       000010000D0000569
     110       0       0       1       0                               0D0000570
     110     287       0       0       0       0       0       000010000D0000571
     110       0       0       1       0                               0D0000572
     110     288       0       0       0       0       0       000010000D0000573
     110       0       0       1       0                               0D0000574
     110     289       0       0       0       0       0       000010000D0000575
     110       0       0       1       0                               0D0000576
     144     290       0       0       0       0       0       000020000D0000577
     144       0       0       1       0                               0D0000578
     108     291       0       0       0       0       0       000010000D0000579
     108       0       0       1       0                               0D0000580
     142     292       0       0       0       0       0       000010500D0000581
     142       0       0       1       0                               0D0000582
     102     293       0       0       0       0       0       000010000D0000583
     102       0       0       1       0                               0D0000584
     110     294       0       0       0       0       0       000010000D0000585
     110       0       0       1       0                               0D0000586
     110     295       0       0       0       0       0       000010000D0000587
     110       0       0       1       0                               0D0000588
     110     296       0       0       0       0       0       000010000D0000589
     110       0       0       1       0                               0D0000590
     110     297       0       0       0       0       0       000010000D0000591
     110       0       0       1       0                               0D0000592
     144     298       0       0       0       0       0       000020000D0000593
     144       0       0       1       0                               0D0000594
     108     299       0       0       0       0       0       000010000D0000595
     108       0       0       1       0                               0D0000596
     142     300       0       0       0       0       0       000010500D0000597
     142       0       0       1       0                               0D0000598
     102     301       0       0       0       0       0       000010000D0000599
     102       0       0       1       0                               0D0000600
     110     302       0       0       0       0       0       000010000D0000601
     110       0       0       1       0                               0D0000602
     110     303       0       0       0       0       0       000010000D0000603
     110       0       0       1       0                               0D0000604
     110     304       0       0       0       0       0       000010000D0000605
     110       0       0       1       0                               0D0000606
     110     305       0       0       0       0       0       000010000D0000607
     110       0       0       1       0                               0D0000608
     402     306       0       0       0       0       0       000020000D0000609
     402       0       0       1       1                               0D0000610
     144     307       0       0       0       0       0       000020000D0000611
     144       0       0       1       0                               0D0000612
     108     308       0       0       0       0       0       000010000D0000613
     108       0       0       1       0                               0D0000614
     142     309       0       0       0       0       0       000010500D0000615
     142       0       0       1       0                               0D0000616
     102     310       0       0       0       0       0       000010000D0000617
     102       0       0       1       0                               0D0000618
     110     311       0       0       0       0       0       000010000D0000619
     110       0       0       1       0                               0D0000620
     110     312       0       0       0       0       0       000010000D0000621
     110       0       0       1       0                               0D0000622
     110     313       0       0       0       0       0       000010000D0000623
     110       0       0       1       0                               0D0000624
     110     314       0       0       0       0       0       000010000D0000625
     110       0       0       1       0                               0D0000626
     144     315       0       0       0       0       0       000020000D0000627
     144       0       0       1       0                               0D0000628
     108     316       0       0       0       0       0       000010000D0000629
     108       0       0       1       0                               0D0000630
     142     317       0       0       0       0       0       000010500D0000631
     142       0       0       1       0                               0D0000632
     102     318       0       0       0       0       0       000010000D0000633
     102       0       0       1       0                               0D0000634
     110     319       0       0       0       0       0       000010000D0000635
     110       0       0       1       0                               0D0000636
     110     320       0       0       0       0       0       000010000D0000637
     110       0       0       1       0                               0D0000638
     110     321       0       0       0       0       0       000010000D0000639
     110       0       0       1       0                               0D0000640
     110     322       0       0       0       0       0       000010000D0000641
     110       0       0       1       0                               0D0000642
     144     323       0       0       0       0       0       000020000D0000643
     144       0       0       1       0                               0D0000644
     108     324       0       0       0       0       0       000010000D0000645
     108       0       0       1       0                               0D0000646
     142     325       0       0       0       0       0       000010500D0000647
     142       0       0       1       0                               0D0000648
     102     326       0       0       0       0       0       000010000D0000649
     102       0       0       1       0                               0D0000650
     110     327       0       0       0       0       0       000010000D0000651
     110       0       0       1       0                               0D0000652
     110     328       0       0       0       0       0       000010000D0000653
     110       0       0       1       0                               0D0000654
     110     329       0       0       0       0       0       000010000D0000655
     110       0       0       1       0                               0D0000656
     110     330       0       0       0       0       0       000010000D0000657
     110       0       0       1       0                               0D0000658
     144     331       0       0       0       0       0       000020000D0000659
     144       0       0       1       0                               0D0000660
     108     332       0       0       0       0       0       000010000D0000661
     108       0       0       1       0                               0D0000662
     142     333       0       0       0       0       0       000010500D0000663
     142       0       0       1       0                               0D0000664
     102     334       0       0       0       0       0       000010000D0000665
     102       0       0       1       0                               0D0000666
     110     335       0       0       0       0       0       000010000D0000667
     110       0       0       1       0                               0D0000668
     110     336       0       0       0       0       0       000010000D0000669
     110       0       0       1       0                               0D0000670
     110     337       0       0       0       0       0       000010000D0000671
     110       0       0       1       0                               0D0000672
     110     338       0       0       0       0       0       000010000D0000673
     110       0       0       1       0                               0D0000674
     144     339       0       0       0       0       0       000020000D0000675
     144       0       0       1       0                               0D0000676
     108     340       0       0       0       0       0       000010000D0000677
     108       0       0       1       0                               0D0000678
     142     341       0       0       0       0       0       000010500D0000679
     142       0       0       1       0                               0D0000680
     102     342       0       0       0       0       0       000010000D0000681
     102       0       0       1       0                               0D0000682
     110     343       0       0       0       0       0       000010000D0000683
     110       0       0       1       0                               0D0000684
     110     344       0       0       0       0       0       000010000D0000685
     110       0       0       1       0                               0D0000686
     110     345       0       0       0       0       0       000010000D0000687
     110       0       0       1       0                               0D0000688
     110     346       0       0       0       0       0       000010000D0000689
     110       0       0       1       0                               0D0000690
     144     347       0       0       0       0       0       000020000D0000691
     144       0       0       1       0                               0D0000692
     108     348       0       0       0       0       0       000010000D0000693
     108       0       0       1       0                               0D0000694
     142     349       0       0       0       0       0       000010500D0000695
     142       0       0       1       0                               0D0000696
     102     350       0       0       0       0       0       000010000D0000697
     102       0       0       1       0                               0D0000698
     110     351       0       0       0       0       0       000010000D0000699
     110       0       0       1       0                               0D0000700
     110     352       0       0       0       0       0       000010000D0000701
     110       0       0       1       0                               0D0000702
     110     353       0       0       0       0       0       000010000D0000703
     110       0       0       1       0                               0D0000704
     110     354       0       0       0       0       0       000010000D0000705
     110       0       0       1       0                               0D0000706
     402     355       0       0       0       0       0       000020000D0000707
     402       0       0       1       1                               0D0000708
     144     356       0       0       0       0       0       000020000D0000709
     144       0       0       1       0                               0D0000710
     120     357       0       0       0       0     713       000010000D0000711
     120       0       0       1       0                               0D0000712
     124     358       0       0       0       0       0       000000000D0000713
     124       0       0       1       0                               0D0000714
     110     359       0       0       0       0       0       000010000D0000715
     110       0       0       1       0                               0D0000716
     110     360       0       0       0       0       0       000010000D0000717
     110       0       0       1       0                               0D0000718
     142     361       0       0       0       0       0       000010500D0000719
     142       0       0       1       0                               0D0000720
     102     362       0       0       0       0       0       000010000D0000721
     102       0       0       1       0                               0D0000722
     110     363       0       0       0       0       0       000010000D0000723
     110       0       0       1       0                               0D0000724
     110     364       0       0       0       0       0       000010000D0000725
     110       0       0       1       0                               0D0000726
     110     365       0       0       0       0       0       000010000D0000727
     110       0       0       1       0                               0D0000728
     110     366       0       0       0       0       0       000010000D0000729
     110       0       0       1       0                               0D0000730
     110     367       0       0       0       0       0       000010000D0000731
     110       0       0       1       0                               0D0000732
     102     368       0       0       0       0       0       000010000D0000733
     102       0       0       1       0                               0D0000734
     110     369       0       0       0       0       0       000010000D0000735
     110       0       0       1       0                               0D0000736
     100     370       0       0       0       0     739       000010000D0000737
     100       0       0       1       0                               0D0000738
     124     371       0       0       0       0       0       000000000D0000739
     124       0       0       1       0                               0D0000740
     100     372       0       0       0       0     743       000010000D0000741
     100       0       0       1       0                               0D0000742
     124     373       0       0       0       0       0       000000000D0000743
     124       0       0       1       0                               0D0000744
     110     374       0       0       0       0       0       000010000D0000745
     110       0       0       1       0                               0D0000746
     100     375       0       0       0       0     749       000010000D0000747
     100       0       0       1       0                               0D0000748
     124     376       0       0       0       0       0       000000000D0000749
     124       0       0       1       0                               0D0000750
     144     377       0       0       0       0       0       000020000D0000751
     144       0       0       1       0                               0D0000752
     108     378       0       0       0       0       0       000010000D0000753
     108       0       0       1       0                               0D0000754
     142     379       0       0       0       0       0       000010500D0000755
     142       0       0       1       0                               0D0000756
     100     380       0       0       0       0     759       000010000D0000757
     100       0       0       1       0                               0D0000758
     124     381       0       0       0       0       0       000000000D0000759
     124       0       0       1       0                               0D0000760
     144     382       0       0       0       0       0       000020000D0000761
     144       0       0       1       0                               0D0000762
     108     383       0       0       0       0       0       000010000D0000763
     108       0       0       1       0                               0D0000764
     142     384       0       0       0       0       0       000010500D0000765
     142       0       0       1       0                               0D0000766
     102     385       0       0       0       0       0       000010000D0000767
     102       0       0       1       0                               0D0000768
     110     386       0       0       0       0       0       000010000D0000769
     110       0       0       1       0                               0D0000770
     100     387       0       0       0       0     773       000010000D0000771
     100       0       0       1       0                               0D0000772
     124     388       0       0       0       0       0       000000000D0000773
     124       0       0       1       0                               0D0000774
     110     389       0       0       0       0       0       000010000D0000775
     110       0       0       1       0                               0D0000776
     110     390       0       0       0       0       0       000010000D0000777
     110       0       0       1       0                               0D0000778
     144     391       0       0       0       0       0       000020000D0000779
     144       0       0       1       0                               0D0000780
     108     392       0       0       0       0       0       000010000D0000781
     108       0       0       1       0                               0D0000782
     142     393       0       0       0       0       0       000010500D0000783
     142       0       0       1       0                               0D0000784
     102     394       0       0       0       0       0       000010000D0000785
     102       0       0       1       0                               0D0000786
     110     395       0       0       0       0       0       000010000D0000787
     110       0       0       1       0                               0D0000788
     110     396       0       0       0       0       0       000010000D0000789
     110       0       0       1       0                               0D0000790
     110     397       0       0       0       0       0       000010000D0000791
     110       0       0       1       0                               0D0000792
     100     398       0       0       0       0     795       000010000D0000793
     100       0       0       1       0                               0D0000794
     124     399       0       0       0       0       0       000000000D0000795
     124       0       0       1       0                               0D0000796
     144     400       0       0       0       0       0       000020000D0000797
     144       0       0       1       0                               0D0000798
     108     401       0       0       0       0       0       000010000D0000799
     108       0       0       1       0                               0D0000800
     142     402       0       0       0       0       0       000010500D0000801
     142       0       0       1       0                               0D0000802
     102     403       0       0       0       0       0       000010000D0000803
     102       0       0       1       0                               0D0000804
     110     404       0       0       0       0       0       000010000D0000805
     110       0       0       1       0                               0D0000806
     110     405       0       0       0       0       0       000010000D0000807
     110       0       0       1       0                               0D0000808
     110     406       0       0       0       0       0       000010000D0000809
     110       0       0       1       0                               0D0000810
     110     407       0       0       0       0       0       000010000D0000811
     110       0       0       1       0                               0D0000812
     110     408       0       0       0       0       0       000010000D0000813
     110       0       0       1       0                               0D0000814
     144     409       0       0       0       0       0       000020000D0000815
     144       0       0       1       0                               0D0000816
     108     410       0       0       0       0       0       000010000D0000817
     108       0       0       1       0                               0D0000818
     142     411       0       0       0       0       0       000010500D0000819
     142       0       0       1       0                               0D0000820
     102     412       0       0       0       0       0       000010000D0000821
     102       0       0       1       0                               0D0000822
     110     413       0       0       0       0       0       000010000D0000823
     110       0       0       1       0                               0D0000824
     110     414       0       0       0       0       0       000010000D0000825
     110       0       0       1       0                               0D0000826
     110     415       0       0       0       0       0       000010000D0000827
     110       0       0       1       0                               0D0000828
     110     416       0       0       0       0       0       000010000D0000829
     110       0       0       1       0                               0D0000830
     144     417       0       0       0       0       0       000020000D0000831
     144       0       0       1       0                               0D0000832
     108     418       0       0       0       0       0       000010000D0000833
     108       0       0       1       0                               0D0000834
     142     419       0       0       0       0       0       000010500D0000835
     142       0       0       1       0                               0D0000836
     102     420       0       0       0       0       0       000010000D0000837
     102       0       0       1       0                               0D0000838
     110     421       0       0       0       0       0       000010000D0000839
     110       0       0       1       0                               0D0000840
     110     422       0       0       0       0       0       000010000D0000841
     110       0       0       1       0                               0D0000842
     110     423       0       0       0       0       0       000010000D0000843
     110       0       0       1       0                               0D0000844
     110     424       0       0       0       0       0       000010000D0000845
     110       0       0       1       0                               0D0000846
     110     425       0       0       0       0       0       000010000D0000847
     110       0       0       1       0                               0D0000848
     144     426       0       0       0       0       0       000020000D0000849
     144       0       0       1       0                               0D0000850
     108     427       0       0       0       0       0       000010000D0000851
     108       0       0       1       0                               0D0000852
     142     428       0       0       0       0       0       000010500D0000853
     142       0       0       1       0                               0D0000854
     102     429       0       0       0       0       0       000010000D0000855
     102       0       0       1       0                               0D0000856
     110     430       0       0       0       0       0       000010000D0000857
     110       0       0       1       0                               0D0000858
     110     431       0       0       0       0       0       000010000D0000859
     110       0       0       1       0                               0D0000860
     110     432       0       0       0       0       0       000010000D0000861
     110       0       0       1       0                               0D0000862
     110     433       0       0       0       0       0       000010000D0000863
     110       0       0       1       0                               0D0000864
     144     434       0       0       0       0       0       000020000D0000865
     144       0       0       1       0                               0D0000866
     108     435       0       0       0       0       0       000010000D0000867
     108       0       0       1       0                               0D0000868
     142     436       0       0       0       0       0       000010500D0000869
     142       0       0       1       0                               0D0000870
     102     437       0       0       0       0       0       000010000D0000871
     102       0       0       1       0                               0D0000872
     110     438       0       0       0       0       0       000010000D0000873
     110       0       0       1       0                               0D0000874
     110     439       0       0       0       0       0       000010000D0000875
     110       0       0       1       0                               0D0000876
     110     440       0       0       0       0       0       000010000D0000877
     110       0       0       1       0                               0D0000878
     110     441       0       0       0       0       0       000010000D0000879
     110       0       0       1       0                               0D0000880
     402     442       0       0       0       0       0       000020000D0000881
     402       0       0       1       1                               0D0000882
     144     443       0       0       0       0       0       000020000D0000883
     144       0       0       1       0                               0D0000884
     108     444       0       0       0       0       0       000010000D0000885
     108       0       0       1       0                               0D0000886
     142     445       0       0       0       0       0       000010500D0000887
     142       0       0       1       0                               0D0000888
     102     446       0       0       0       0       0       000010000D0000889
     102       0       0       1       0                               0D0000890
     110     447       0       0       0       0       0       000010000D0000891
     110       0       0       1       0                               0D0000892
     110     448       0       0       0       0       0       000010000D0000893
     110       0       0       1       0                               0D0000894
     110     449       0       0       0       0       0       000010000D0000895
     110       0       0       1       0                               0D0000896
     110     450       0       0       0       0       0       000010000D0000897
     110       0       0       1       0                               0D0000898
     144     451       0       0       0       0       0       000020000D0000899
     144       0       0       1       0                               0D0000900
     108     452       0       0       0       0       0       000010000D0000901
     108       0       0       1       0                               0D0000902
     142     453       0       0       0       0       0       000010500D0000903
     142       0       0       1       0                               0D0000904
     102     454       0       0       0       0       0       000010000D0000905
     102       0       0       1       0                               0D0000906
     110     455       0       0       0       0       0       000010000D0000907
     110       0       0       1       0                               0D0000908
     110     456       0       0       0       0       0       000010000D0000909
     110       0       0       1       0                               0D0000910
     110     457       0       0       0       0       0       000010000D0000911
     110       0       0       1       0                               0D0000912
     110     458       0       0       0       0       0       000010000D0000913
     110       0       0       1       0                               0D0000914
     144     459       0       0       0       0       0       000020000D0000915
     144       0       0       1       0                               0D0000916
     108     460       0       0       0       0       0       000010000D0000917
     108       0       0       1       0                               0D0000918
     142     461       0       0       0       0       0       000010500D0000919
     142       0       0       1       0                               0D0000920
     102     462       0       0       0       0       0       000010000D0000921
     102       0       0       1       0                               0D0000922
     110     463       0       0       0       0       0       000010000D0000923
     110       0       0       1       0                               0D0000924
     110     464       0       0       0       0       0       000010000D0000925
     110       0       0       1       0                               0D0000926
     110     465       0       0       0       0       0       000010000D0000927
     110       0       0       1       0                               0D0000928
     110     466       0       0       0       0       0       000010000D0000929
     110       0       0       1       0                               0D0000930
     144     467       0       0       0       0       0       000020000D0000931
     144       0       0       1       0                               0D0000932
     108     468       0       0       0       0       0       000010000D0000933
     108       0       0       1       0                               0D0000934
     142     469       0       0       0       0       0       000010500D0000935
     142       0       0       1       0                               0D0000936
     102     470       0       0       0       0       0       000010000D0000937
     102       0       0       1       0                               0D0000938
     110     471       0       0       0       0       0       000010000D0000939
     110       0       0       1       0                               0D0000940
     110     472       0       0       0       0       0       000010000D0000941
     110       0       0       1       0                               0D0000942
     110     473       0       0       0       0       0       000010000D0000943
     110       0       0       1       0                               0D0000944
     110     474       0       0       0       0       0       000010000D0000945
     110       0       0       1       0                               0D0000946
     144     475       0       0       0       0       0       000020000D0000947
     144       0       0       1       0                               0D0000948
     108     476       0       0       0       0       0       000010000D0000949
     108       0       0       1       0                               0D0000950
     142     477       0       0       0       0       0       000010500D0000951
     142       0       0       1       0                               0D0000952
     102     478       0       0       0       0       0       000010000D0000953
     102       0       0       1       0                               0D0000954
     110     479       0       0       0       0       0       000010000D0000955
     110       0       0       1       0                               0D0000956
     110     480       0       0       0       0       0       000010000D0000957
     110       0       0       1       0                               0D0000958
     110     481       0       0       0       0       0       000010000D0000959
     110       0       0       1       0                               0D0000960
     110     482       0       0       0       0       0       000010000D0000961
     110       0       0       1       0                               0D0000962
     144     483       0       0       0       0       0       000020000D0000963
     144       0       0       1       0                               0D0000964
     108     484       0       0       0       0       0       000010000D0000965
     108       0       0       1       0                               0D0000966
     142     485       0       0       0       0       0       000010500D0000967
     142       0       0       1       0                               0D0000968
     102     486       0       0       0       0       0       000010000D0000969
     102       0       0       1       0                               0D0000970
     110     487       0       0       0       0       0       000010000D0000971
     110       0       0       1       0                               0D0000972
     110     488       0       0       0       0       0       000010000D0000973
     110       0       0       1       0                               0D0000974
     110     489       0       0       0       0       0       000010000D0000975
     110       0       0       1       0                               0D0000976
     110     490       0       0       0       0       0       000010000D0000977
     110       0       0       1       0                               0D0000978
     402     491       0       0       0       0       0       000020000D0000979
     402       0       0       1       1                               0D0000980
     144     492       0       0       0       0       0       000020000D0000981
     144       0       0       1       0                               0D0000982
     108     493       0       0       0       0       0       000010000D0000983
     108       0       0       1       0                               0D0000984
     142     494       0       0       0       0       0       000010500D0000985
     142       0       0       1       0                               0D0000986
     102     495       0       0       0       0       0       000010000D0000987
     102       0       0       1       0                               0D0000988
     110     496       0       0       0       0       0       000010000D0000989
     110       0       0       1       0                               0D0000990
     110     497       0       0       0       0       0       000010000D0000991
     110       0       0       1       0                               0D0000992
     110     498       0       0       0       0       0       000010000D0000993
     110       0       0       1       0                               0D0000994
     110     499       0       0       0       0       0       000010000D0000995
     110       0       0       1       0                               0D0000996
     144     500       0       0       0       0       0       000020000D0000997
     144       0       0       1       0                               0D0000998
     108     501       0       0       0       0       0       000010000D0000999
     108       0       0       1       0                               0D0001000
     142     502       0       0       0       0       0       000010500D0001001
     142       0       0       1       0                               0D0001002
     102     503       0       0       0       0       0       000010000D0001003
     102       0       0       1       0                               0D0001004
     110     504       0       0       0       0       0       000010000D0001005
     110       0       0       1       0                               0D0001006
     110     505       0       0       0       0       0       000010000D0001007
     110       0       0       1       0                               0D0001008
     110     506       0       0       0       0       0       000010000D0001009
     110       0       0       1       0                               0D0001010
     110     507       0       0       0       0       0       000010000D0001011
     110       0       0       1       0                               0D0001012
     144     508       0       0       0       0       0       000020000D0001013
     144       0       0       1       0                               0D0001014
     108     509       0       0       0       0       0       000010000D0001015
     108       0       0       1       0                               0D0001016
     142     510       0       0       0       0       0       000010500D0001017
     142       0       0       1       0                               0D0001018
     102     511       0       0       0       0       0       000010000D0001019
     102       0       0       1       0                               0D0001020
     110     512       0       0       0       0       0       000010000D0001021
     110       0       0       1       0                               0D0001022
     110     513       0       0       0       0       0       000010000D0001023
     110       0       0       1       0                               0D0001024
     110     514       0       0       0       0       0       000010000D0001025
     110       0       0       1       0                               0D0001026
     110     515       0       0       0       0       0       000010000D0001027
     110       0       0       1       0                               0D0001028
     144     516       0       0       0       0       0       000020000D0001029
     144       0       0       1       0                               0D0001030
     108     517       0       0       0       0       0       000010000D0001031
     108       0       0       1       0                               0D0001032
     142     518       0       0       0       0       0       000010500D0001033
     142       0       0       1       0                               0D0001034
     102     519       0       0       0       0       0       000010000D0001035
     102       0       0       1       0                               0D0001036
     110     520       0       0       0       0       0       000010000D0001037
     110       0       0       1       0                               0D0001038
     110     521       0       0       0       0       0       000010000D0001039
     110       0       0       1       0                               0D0001040
     110     522       0       0       0       0       0       000010000D0001041
     110       0       0       1       0                               0D0001042
     110     523       0       0       0       0       0       000010000D0001043
     110       0       0       1       0                               0D0001044
     144     524       0       0       0       0       0       000020000D0001045
     144       0       0       1       0                               0D0001046
     108     525       0       0       0       0       0       000010000D0001047
     108       0       0       1       0                               0D0001048
     142     526       0       0       0       0       0       000010500D0001049
     142       0       0       1       0                               0D0001050
     102     527       0       0       0       0       0       000010000D0001051
     102       0       0       1       0                               0D0001052
     110     528       0       0       0       0       0       000010000D0001053
     110       0       0       1       0                               0D0001054
     110     529       0       0       0       0       0       000010000D0001055
     110       0       0       1       0                               0D0001056
     110     530       0       0       0       0       0       000010000D0001057
     110       0       0       1       0                               0D0001058
     110     531       0       0       0       0       0       000010000D0001059
     110       0       0       1       0                               0D0001060
     144     532       0       0       0       0       0       000020000D0001061
     144       0       0       1       0                               0D0001062
     108     533       0       0       0       0       0       000010000D0001063
     108       0       0       1       0                               0D0001064
     142     534       0       0       0       0       0       000010500D0001065
     142       0       0       1       0                               0D0001066
     102     535       0       0       0       0       0       000010000D0001067
     102       0       0       1       0                               0D0001068
     110     536       0       0       0       0       0       000010000D0001069
     110       0       0       1       0                               0D0001070
     110     537       0       0       0       0       0       000010000D0001071
     110       0       0       1       0                               0D0001072
     110     538       0       0       0       0       0       000010000D0001073
     110       0       0       1       0                               0D0001074
     110     539       0       0       0       0       0       000010000D0001075
     110       0       0       1       0                               0D0001076
     402     540       0       0       0       0       0       000020000D0001077
     402       0       0       1       1                               0D0001078
     144     541       0       0       0       0       0       000020000D0001079
     144       0       0       1       0                               0D0001080
     108     542       0       0       0       0       0       000010000D0001081
     108       0       0       1       0                               0D0001082
     142     543       0       0       0       0       0       000010500D0001083
     142       0       0       1       0                               0D0001084
     102     544       0       0       0       0       0       000010000D0001085
     102       0       0       1       0                               0D0001086
     110     545       0       0       0       0       0       000010000D0001087
     110       0       0       1       0                               0D0001088
     110     546       0       0       0       0       0       000010000D0001089
     110       0       0       1       0                               0D0001090
     110     547       0       0       0       0       0       000010000D0001091
     110       0       0       1       0                               0D0001092
     110     548       0       0       0       0       0       000010000D0001093
     110       0       0       1       0                               0D0001094
     144     549       0       0       0       0       0       000020000D0001095
     144       0       0       1       0                               0D0001096
     108     550       0       0       0       0       0       000010000D0001097
     108       0       0       1       0                               0D0001098
     142     551       0       0       0       0       0       000010500D0001099
     142       0       0       1       0                               0D0001100
     102     552       0       0       0       0       0       000010000D0001101
     102       0       0       1       0                               0D0001102
     110     553       0       0       0       0       0       000010000D0001103
     110       0       0       1       0                               0D0001104
     110     554       0       0       0       0       0       000010000D0001105
     110       0       0       1       0                               0D0001106
     110     555       0       0       0       0       0       000010000D0001107
     110       0       0       1       0                               0D0001108
     110     556       0       0       0       0       0       000010000D0001109
     110       0       0       1       0                               0D0001110
     144     557       0       0       0       0       0       000020000D0001111
     144       0       0       1       0                               0D0001112
     108     558       0       0       0       0       0       000010000D0001113
     108       0       0       1       0                               0D0001114
     142     559       0       0       0       0       0       000010500D0001115
     142       0       0       1       0                               0D0001116
     102     560       0       0       0       0       0       000010000D0001117
     102       0       0       1       0                               0D0001118
     110     561       0       0       0       0       0       000010000D0001119
     110       0       0       1       0                               0D0001120
     110     562       0       0       0       0       0       000010000D0001121
     110       0       0       1       0                               0D0001122
     110     563       0       0       0       0       0       000010000D0001123
     110       0       0       1       0                               0D0001124
     110     564       0       0       0       0       0       000010000D0001125
     110       0       0       1       0                               0D0001126
     144     565       0       0       0       0       0       000020000D0001127
     144       0       0       1       0                               0D0001128
     108     566       0       0       0       0       0       000010000D0001129
     108       0       0       1       0                               0D0001130
     142     567       0       0       0       0       0       000010500D0001131
     142       0       0       1       0                               0D0001132
     102     568       0       0       0       0       0       000010000D0001133
     102       0       0       1       0                               0D0001134
     110     569       0       0       0       0       0       000010000D0001135
     110       0       0       1       0                               0D0001136
     110     570       0       0       0       0       0       000010000D0001137
     110       0       0       1       0                               0D0001138
     110     571       0       0       0       0       0       000010000D0001139
     110       0       0       1       0                               0D0001140
     110     572       0       0       0       0       0       000010000D0001141
     110       0       0       1       0                               0D0001142
     144     573       0       0       0       0       0       000020000D0001143
     144       0       0       1       0                               0D0001144
     108     574       0       0       0       0       0       000010000D0001145
     108       0       0       1       0                               0D0001146
     142     575       0       0       0       0       0       000010500D0001147
     142       0       0       1       0                               0D0001148
     102     576       0       0       0       0       0       000010000D0001149
     102       0       0       1       0                               0D0001150
     110     577       0       0       0       0       0       000010000D0001151
     110       0       0       1       0                               0D0001152
     110     578       0       0       0       0       0       000010000D0001153
     110       0       0       1       0                               0D0001154
     110     579       0       0       0       0       0       000010000D0001155
     110       0       0       1       0                               0D0001156
     110     580       0       0       0       0       0       000010000D0001157
     110       0       0       1       0                               0D0001158
     144     581       0       0       0       0       0       000020000D0001159
     144       0       0       1       0                               0D0001160
     108     582       0       0       0       0       0       000010000D0001161
     108       0       0       1       0                               0D0001162
     142     583       0       0       0       0       0       000010500D0001163
     142       0       0       1       0                               0D0001164
     102     584       0       0       0       0       0       000010000D0001165
     102       0       0       1       0                               0D0001166
     110     585       0       0       0       0       0       000010000D0001167
     110       0       0       1       0                               0D0001168
     110     586       0       0       0       0       0       000010000D0001169
     110       0       0       1       0                               0D0001170
     110     587       0       0       0       0       0       000010000D0001171
     110       0       0       1       0                               0D0001172
     110     588       0       0       0       0       0       000010000D0001173
     110       0       0       1       0                               0D0001174
     402     589       0       0       0       0       0       000020000D0001175
     402       0       0       1       1                               0D0001176
     144     590       0       0       0       0       0       000020000D0001177
     144       0       0       1       0                               0D0001178
     108     591       0       0       0       0       0       000010000D0001179
     108       0       0       1       0                               0D0001180
     142     592       0       0       0       0       0       000010500D0001181
     142       0       0       1       0                               0D0001182
     102     593       0       0       0       0       0       000010000D0001183
     102       0       0       1       0                               0D0001184
     110     594       0       0       0       0       0       000010000D0001185
     110       0       0       1       0                               0D0001186
     110     595       0       0       0       0       0       000010000D0001187
     110       0       0       1       0                               0D0001188
     110     596       0       0       0       0       0       000010000D0001189
     110       0       0       1       0                               0D0001190
     110     597       0       0       0       0       0       000010000D0001191
     110       0       0       1       0                               0D0001192
     144     598       0       0       0       0       0       000020000D0001193
     144       0       0       1       0                               0D0001194
     108     599       0       0       0       0       0       000010000D0001195
     108       0       0       1       0                               0D0001196
     142     600       0       0       0       0       0       000010500D0001197
     142       0       0       1       0                               0D0001198
     102     601       0       0       0       0       0       000010000D0001199
     102       0       0       1       0                               0D0001200
     110     602       0       0       0       0       0       000010000D0001201
     110       0       0       1       0                               0D0001202
     110     603       0       0       0       0       0       000010000D0001203
     110       0       0       1       0                               0D0001204
     110     604       0       0       0       0       0       000010000D0001205
     110       0       0       1       0                               0D0001206
     110     605       0       0       0       0       0       000010000D0001207
     110       0       0       1       0                               0D0001208
     144     606       0       0       0       0       0       000020000D0001209
     144       0       0       1       0                               0D0001210
     108     607       0       0       0       0       0       000010000D0001211
     108       0       0       1       0                               0D0001212
     142     608       0       0       0       0       0       000010500D0001213
     142       0       0       1       0                               0D0001214
     102     609       0       0       0       0       0       000010000D0001215
     102       0       0       1       0                               0D0001216
     110     610       0       0       0       0       0       000010000D0001217
     110       0       0       1       0                               0D0001218
     110     611       0       0       0       0       0       000010000D0001219
     110       0       0       1       0                               0D0001220
     110     612       0       0       0       0       0       000010000D0001221
     110       0       0       1       0                               0D0001222
     110     613       0       0       0       0       0       000010000D0001223
     110       0       0       1       0                               0D0001224
     144     614       0       0       0       0       0       000020000D0001225
     144       0       0       1       0                               0D0001226
     108     615       0       0       0       0       0       000010000D0001227
     108       0       0       1       0                               0D0001228
     142     616       0       0       0       0       0       000010500D0001229
     142       0       0       1       0                               0D0001230
     102     617       0       0       0       0       0       000010000D0001231
     102       0       0       1       0                               0D0001232
     110     618       0       0       0       0       0       000010000D0001233
     110       0       0       1       0                               0D0001234
     110     619       0       0       0       0       0       000010000D0001235
     110       0       0       1       0                               0D0001236
     110     620       0       0       0       0       0       000010000D0001237
     110       0       0       1       0                               0D0001238
     110     621       0       0       0       0       0       000010000D0001239
     110       0       0       1       0                               0D0001240
     144     622       0       0       0       0       0       000020000D0001241
     144       0       0       1       0                               0D0001242
     108     623       0       0       0       0       0       000010000D0001243
     108       0       0       1       0                               0D0001244
     142     624       0       0       0       0       0       000010500D0001245
     142       0       0       1       0                               0D0001246
     102     625       0       0       0       0       0       000010000D0001247
     102       0       0       1       0                               0D0001248
     110     626       0       0       0       0       0       000010000D0001249
     110       0       0       1       0                               0D0001250
     110     627       0       0       0       0       0       000010000D0001251
     110       0       0       1       0                               0D0001252
     110     628       0       0       0       0       0       000010000D0001253
     110       0       0       1       0                               0D0001254
     110     629       0       0       0       0       0       000010000D0001255
     110       0       0       1       0                               0D0001256
     144     630       0       0       0       0       0       000020000D0001257
     144       0       0       1       0                               0D0001258
     108     631       0       0       0       0       0       000010000D0001259
     108       0       0       1       0                               0D0001260
     142     632       0       0       0       0       0       000010500D0001261
     142       0       0       1       0                               0D0001262
     102     633       0       0       0       0       0       000010000D0001263
     102       0       0       1       0                               0D0001264
     110     634       0       0       0       0       0       000010000D0001265
     110       0       0       1       0                               0D0001266
     110     635       0       0       0       0       0       000010000D0001267
     110       0       0       1       0                               0D0001268
     110     636       0       0       0       0       0       000010000D0001269
     110       0       0       1       0                               0D0001270
     110     637       0       0       0       0       0       000010000D0001271
     110       0       0       1       0                               0D0001272
     402     638       0       0       0       0       0       000020000D0001273
     402       0       0       1       1                               0D0001274
     144     639       0       0       0       0       0       000020000D0001275
     144       0       0       1       0                               0D0001276
     108     640       0       0       0       0       0       000010000D0001277
     108       0       0       1       0                               0D0001278
     142     641       0       0       0       0       0       000010500D0001279
     142       0       0       1       0                               0D0001280
     102     642       0       0       0       0       0       000010000D0001281
     102       0       0       1       0                               0D0001282
     110     643       0       0       0       0       0       000010000D0001283
     110       0       0       1       0                               0D0001284
     110     644       0       0       0       0       0       000010000D0001285
     110       0       0       1       0                               0D0001286
     110     645       0       0       0       0       0       000010000D0001287
     110       0       0       1       0                               0D0001288
     110     646       0       0       0       0       0       000010000D0001289
     110       0       0       1       0                               0D0001290
     144     647       0       0       0       0       0       000020000D0001291
     144       0       0       1       0                               0D0001292
     108     648       0       0       0       0       0       000010000D0001293
     108       0       0       1       0                               0D0001294
     142     649       0       0       0       0       0       000010500D0001295
     142       0       0       1       0                               0D0001296
     102     650       0       0       0       0       0       000010000D0001297
     102       0       0       1       0                               0D0001298
     110     651       0       0       0       0       0       000010000D0001299
     110       0       0       1       0                               0D0001300
     110     652       0       0       0       0       0       000010000D0001301
     110       0       0       1       0                               0D0001302
     110     653       0       0       0       0       0       000010000D0001303
     110       0       0       1       0                               0D0001304
     110     654       0       0       0       0       0       000010000D0001305
     110       0       0       1       0                               0D0001306
     144     655       0       0       0       0       0       000020000D0001307
     144       0       0       1       0                               0D0001308
     108     656       0       0       0       0       0       000010000D0001309
     108       0       0       1       0                               0D0001310
     142     657       0       0       0       0       0       000010500D0001311
     142       0       0       1       0                               0D0001312
     102     658       0       0       0       0       0       000010000D0001313
     102       0       0       1       0                               0D0001314
     110     659       0       0       0       0       0       000010000D0001315
     110       0       0       1       0                               0D0001316
     110     660       0       0       0       0       0       000010000D0001317
     110       0       0       1       0                               0D0001318
     110     661       0       0       0       0       0       000010000D0001319
     110       0       0       1       0                               0D0001320
     110     662       0       0       0       0       0       000010000D0001321
     110       0       0       1       0                               0D0001322
     144     663       0       0       0       0       0       000020000D0001323
     144       0       0       1       0                               0D0001324
     108     664       0       0       0       0       0       000010000D0001325
     108       0       0       1       0                               0D0001326
     142     665       0       0       0       0       0       000010500D0001327
     142       0       0       1       0                               0D0001328
     102     666       0       0       0       0       0       000010000D0001329
     102       0       0       1       0                               0D0001330
     110     667       0       0       0       0       0       000010000D0001331
     110       0       0       1       0                               0D0001332
     110     668       0       0       0       0       0       000010000D0001333
     110       0       0       1       0                               0D0001334
     110     669       0       0       0       0       0       000010000D0001335
     110       0       0       1       0                               0D0001336
     110     670       0       0       0       0       0       000010000D0001337
     110       0       0       1       0                               0D0001338
     144     671       0       0       0       0       0       000020000D0001339
     144       0       0       1       0                               0D0001340
     108     672       0       0       0       0       0       000010000D0001341
     108       0       0       1       0                               0D0001342
     142     673       0       0       0       0       0       000010500D0001343
     142       0       0       1       0                               0D0001344
     102     674       0       0       0       0       0       000010000D0001345
     102       0       0       1       0                               0D0001346
     110     675       0       0       0       0       0       000010000D0001347
     110       0       0       1       0                               0D0001348
     110     676       0       0       0       0       0       000010000D0001349
     110       0       0       1       0                               0D0001350
     110     677       0       0       0       0       0       000010000D0001351
     110       0       0       1       0                               0D0001352
     110     678       0       0       0       0       0       000010000D0001353
     110       0       0       1       0                               0D0001354
     144     679       0       0       0       0       0       000020000D0001355
     144       0       0       1       0                               0D0001356
     108     680       0       0       0       0       0       000010000D0001357
     108       0       0       1       0                               0D0001358
     142     681       0       0       0       0       0       000010500D0001359
     142       0       0       1       0                               0D0001360
     102     682       0       0       0       0       0       000010000D0001361
     102       0       0       1       0                               0D0001362
     110     683       0       0       0       0       0       000010000D0001363
     110       0       0       1       0                               0D0001364
     110     684       0       0       0       0       0       000010000D0001365
     110       0       0       1       0                               0D0001366
     110     685       0       0       0       0       0       000010000D0001367
     110       0       0       1       0                               0D0001368
     110     686       0       0       0       0       0       000010000D0001369
     110       0       0       1       0                               0D0001370
     402     687       0       0       0       0       0       000020000D0001371
     402       0       0       1       1                               0D0001372
     144     688       0       0       0       0       0       000020000D0001373
     144       0       0       1       0                               0D0001374
     108     689       0       0       0       0       0       000010000D0001375
     108       0       0       2       0                               0D0001376
     142     691       0       0       0       0       0       000010500D0001377
     142       0       0       1       0                               0D0001378
     102     692       0       0       0       0       0       000010000D0001379
     102       0       0       1       0                               0D0001380
     100     693       0       0       0       0    1383       000010000D0001381
     100       0       0       1       0                               0D0001382
     124     694       0       0       0       0       0       000000000D0001383
     124       0       0       2       0                               0D0001384
     100     696       0       0       0       0    1387       000010000D0001385
     100       0       0       1       0                               0D0001386
     124     697       0       0       0       0       0       000000000D0001387
     124       0       0       2       0                               0D0001388
     142     699       0       0       0       0       0       000010500D0001389
     142       0       0       1       0                               0D0001390
     144     700       0       0       0       0       0       000020000D0001391
     144       0       0       1       0                               0D0001392
     120     701       0       0       0       0    1395       000010000D0001393
     120       0       0       1       0                               0D0001394
     124     702       0       0       0       0       0       000000000D0001395
     124       0       0       2       0                               0D0001396
     110     704       0       0       0       0       0       000010000D0001397
     110       0       0       1       0                               0D0001398
     110     705       0       0       0       0       0       000010000D0001399
     110       0       0       1       0                               0D0001400
     142     706       0       0       0       0       0       000010500D0001401
     142       0       0       1       0                               0D0001402
     102     707       0       0       0       0       0       000010000D0001403
     102       0       0       1       0                               0D0001404
     110     708       0       0       0       0       0       000010000D0001405
     110       0       0       1       0                               0D0001406
     110     709       0       0       0       0       0       000010000D0001407
     110       0       0       1       0                               0D0001408
     126     710       0       0       0       0       0       000010000D0001409
     126       0       0      15       0                               0D0001410
     102     725       0       0       0       0       0       000010000D0001411
     102       0       0       1       0                               0D0001412
     110     726       0       0       0       0       0       000010000D0001413
     110       0       0       1       0                               0D0001414
     100     727       0       0       0       0    1417       000010000D0001415
     100       0       0       1       0                               0D0001416
     124     728       0       0       0       0       0       000000000D0001417
     124       0       0       2       0                               0D0001418
     104     730       0       0       0       0    1421       000010000D0001419
     104       0       0       2       1                               0D0001420
     124     732       0       0       0       0       0       000000000D0001421
     124       0       0       3       0                               0D0001422
     144     735       0       0       0       0       0       000020000D0001423
     144       0       0       1       0                               0D0001424
     120     736       0       0       0       0    1427       000010000D0001425
     120       0       0       1       0                               0D0001426
     124     737       0       0       0       0       0       000000000D0001427
     124       0       0       2       0                               0D0001428
     110     739       0       0       0       0       0       000010000D0001429
     110       0       0       1       0                               0D0001430
     110     740       0       0       0       0       0       000010000D0001431
     110       0       0       1       0                               0D0001432
     142     741       0       0       0       0       0       000010500D0001433
     142       0       0       1       0                               0D0001434
     102     742       0       0       0       0       0       000010000D0001435
     102       0       0       1       0                               0D0001436
     110     743       0       0       0       0       0       000010000D0001437
     110       0       0       1       0                               0D0001438
     110     744       0       0       0       0       0       000010000D0001439
     110       0       0       2       0                               0D0001440
     110     746       0       0       0       0       0       000010000D0001441
     110       0       0       1       0                               0D0001442
     110     747       0       0       0       0       0       000010000D0001443
     110       0       0       1       0                               0D0001444
     110     748       0       0       0       0       0       000010000D0001445
     110       0       0       1       0                               0D0001446
     126     749       0       0       0       0       0       000010000D0001447
     126       0       0      10       0                               0D0001448
     126     759       0       0       0       0       0       000010000D0001449
     126       0       0       8       0                               0D0001450
     126     767       0       0       0       0       0       000010000D0001451
     126       0       0      10       0                               0D0001452
     102     777       0       0       0       0       0       000010000D0001453
     102       0       0       1       0                               0D0001454
     100     778       0       0       0       0    1457       000010000D0001455
     100       0       0       1       0                               0D0001456
     124     779       0       0       0       0       0       000000000D0001457
     124       0       0       2       0                               0D0001458
     110     781       0       0       0       0       0       000010000D0001459
     110       0       0       1       0                               0D0001460
     110     782       0       0       0       0       0       000010000D0001461
     110       0       0       1       0                               0D0001462
     100     783       0       0       0       0    1465       000010000D0001463
     100       0       0       1       0                               0D0001464
     124     784       0       0       0       0       0       000000000D0001465
     124       0       0       2       0                               0D0001466
     110     786       0       0       0       0       0       000010000D0001467
     110       0       0       1       0                               0D0001468
     104     787       0       0       0       0    1471       000010000D0001469
     104       0       0       2       1                               0D0001470
     124     789       0       0       0       0       0       000000000D0001471
     124       0       0       2       0                               0D0001472
     104     791       0       0       0       0    1475       000010000D0001473
     104       0       0       2       1                               0D0001474
     124     793       0       0       0       0       0       000000000D0001475
     124       0       0       2       0                               0D0001476
     104     795       0       0       0       0    1479       000010000D0001477
     104       0       0       2       1                               0D0001478
     124     797       0       0       0       0       0       000000000D0001479
     124       0       0       3       0                               0D0001480
     144     800       0       0       0       0       0       000020000D0001481
     144       0       0       1       0                               0D0001482
     120     801       0       0       0       0    1485       000010000D0001483
     120       0       0       1       0                               0D0001484
     124     802       0       0       0       0       0       000000000D0001485
     124       0       0       1       0                               0D0001486
     110     803       0       0       0       0       0       000010000D0001487
     110       0       0       1       0                               0D0001488
     110     804       0       0       0       0       0       000010000D0001489
     110       0       0       1       0                               0D0001490
     142     805       0       0       0       0       0       000010500D0001491
     142       0       0       1       0                               0D0001492
     102     806       0       0       0       0       0       000010000D0001493
     102       0       0       1       0                               0D0001494
     110     807       0       0       0       0       0       000010000D0001495
     110       0       0       1       0                               0D0001496
     126     808       0       0       0       0       0       000010000D0001497
     126       0       0       8       0                               0D0001498
     126     816       0       0       0       0       0       000010000D0001499
     126       0       0       9       0                               0D0001500
     126     825       0       0       0       0       0       000010000D0001501
     126       0       0      14       0                               0D0001502
     126     839       0       0       0       0       0       000010000D0001503
     126       0       0       9       0                               0D0001504
     110     848       0       0       0       0       0       000010000D0001505
     110       0       0       1       0                               0D0001506
     110     849       0       0       0       0       0       000010000D0001507
     110       0       0       1       0                               0D0001508
     102     850       0       0       0       0       0       000010000D0001509
     102       0       0       1       0                               0D0001510
     110     851       0       0       0       0       0       000010000D0001511
     110       0       0       1       0                               0D0001512
     104     852       0       0       0       0    1515       000010000D0001513
     104       0       0       2       1                               0D0001514
     124     854       0       0       0       0       0       000000000D0001515
     124       0       0       2       0                               0D0001516
     104     856       0       0       0       0    1519       000010000D0001517
     104       0       0       2       1                               0D0001518
     124     858       0       0       0       0       0       000000000D0001519
     124       0       0       2       0                               0D0001520
     104     860       0       0       0       0    1523       000010000D0001521
     104       0       0       2       1                               0D0001522
     124     862       0       0       0       0       0       000000000D0001523
     124       0       0       2       0                               0D0001524
     104     864       0       0       0       0    1527       000010000D0001525
     104       0       0       2       1                               0D0001526
     124     866       0       0       0       0       0       000000000D0001527
     124       0       0       2       0                               0D0001528
     110     868       0       0       0       0       0       000010000D0001529
     110       0       0       1       0                               0D0001530
     100     869       0       0       0       0    1533       000010000D0001531
     100       0       0       1       0                               0D0001532
     124     870       0       0       0       0       0       000000000D0001533
     124       0       0       1       0                               0D0001534
     144     871       0       0       0       0       0       000020000D0001535
     144       0       0       1       0                               0D0001536
     108     872       0       0       0       0       0       000010000D0001537
     108       0       0       1       0                               0D0001538
     142     873       0       0       0       0       0       000010500D0001539
     142       0       0       1       0                               0D0001540
     100     874       0       0       0       0    1543       000010000D0001541
     100       0       0       1       0                               0D0001542
     124     875       0       0       0       0       0       000000000D0001543
     124       0       0       2       0                               0D0001544
     144     877       0       0       0       0       0       000020000D0001545
     144       0       0       1       0                               0D0001546
     108     878       0       0       0       0       0       000010000D0001547
     108       0       0       1       0                               0D0001548
     142     879       0       0       0       0       0       000010500D0001549
     142       0       0       1       0                               0D0001550
     100     880       0       0       0       0    1553       000010000D0001551
     100       0       0       1       0                               0D0001552
     124     881       0       0       0       0       0       000000000D0001553
     124       0       0       1       0                               0D0001554
     402     882       0       0       0       0       0       000020000D0001555
     402       0       0       1       1                               0D0001556
     144     883       0       0       0       0       0       000020000D0001557
     144       0       0       1       0                               0D0001558
     120     884       0       0       0       0    1561       000010000D0001559
     120       0       0       1       0                               0D0001560
     124     885       0       0       0       0       0       000000000D0001561
     124       0       0       2       0                               0D0001562
     110     887       0       0       0       0       0       000010000D0001563
     110       0       0       1       0                               0D0001564
     100     888       0       0       0       0    1567       000010000D0001565
     100       0       0       1       0                               0D0001566
     124     889       0       0       0       0       0       000000000D0001567
     124       0       0       1       0                               0D0001568
     142     890       0       0       0       0       0       000010500D0001569
     142       0       0       1       0                               0D0001570
     102     891       0       0       0       0       0       000010000D0001571
     102       0       0       1       0                               0D0001572
     110     892       0       0       0       0       0       000010000D0001573
     110       0       0       2       0                               0D0001574
     110     894       0       0       0       0       0       000010000D0001575
     110       0       0       1       0                               0D0001576
     110     895       0       0       0       0       0       000010000D0001577
     110       0       0       2       0                               0D0001578
     102     897       0       0       0       0       0       000010000D0001579
     102       0       0       1       0                               0D0001580
     100     898       0       0       0       0    1583       000010000D0001581
     100       0       0       1       0                               0D0001582
     124     899       0       0       0       0       0       000000000D0001583
     124       0       0       2       0                               0D0001584
     100     901       0       0       0       0    1587       000010000D0001585
     100       0       0       1       0                               0D0001586
     124     902       0       0       0       0       0       000000000D0001587
     124       0       0       2       0                               0D0001588
     100     904       0       0       0       0    1591       000010000D0001589
     100       0       0       1       0                               0D0001590
     124     905       0       0       0       0       0       000000000D0001591
     124       0       0       2       0                               0D0001592
     144     907       0       0       0       0       0       000020000D0001593
     144       0       0       1       0                               0D0001594
     108     908       0       0       0       0       0       000010000D0001595
     108       0       0       2       0                               0D0001596
     142     910       0       0       0       0       0       000010500D0001597
     142       0       0       1       0                               0D0001598
     100     911       0       0       0       0    1601       000010000D0001599
     100       0       0       1       0                               0D0001600
     124     912       0       0       0       0       0       000000000D0001601
     124       0       0       2       0                               0D0001602
     142     914       0       0       0       0       0       000010500D0001603
     142       0       0       1       0                               0D0001604
     100     915       0       0       0       0    1607       000010000D0001605
     100       0       0       1       0                               0D0001606
     124     916       0       0       0       0       0       000000000D0001607
     124       0       0       2       0                               0D0001608
     144     918       0       0       0       0       0       000020000D0001609
     144       0       0       1       0                               0D0001610
     120     919       0       0       0       0    1613       000010000D0001611
     120       0       0       1       0                               0D0001612
     124     920       0       0       0       0       0       000000000D0001613
     124       0       0       2       1                               0D0001614
     110     922       0       0       0       0       0       000010000D0001615
     110       0       0       1       0                               0D0001616
     100     923       0       0       0       0    1619       000010000D0001617
     100       0       0       1       0                               0D0001618
     124     924       0       0       0       0       0       000000000D0001619
     124       0       0       1       0                               0D0001620
     142     925       0       0       0       0       0       000010500D0001621
     142       0       0       1       0                               0D0001622
     102     926       0       0       0       0       0       000010000D0001623
     102       0       0       1       0                               0D0001624
     110     927       0       0       0       0       0       000010000D0001625
     110       0       0       2       0                               0D0001626
     110     929       0       0       0       0       0       000010000D0001627
     110       0       0       2       0                               0D0001628
     110     931       0       0       0       0       0       000010000D0001629
     110       0       0       2       0                               0D0001630
     102     933       0       0       0       0       0       000010000D0001631
     102       0       0       1       0                               0D0001632
     100     934       0       0       0       0    1635       000010000D0001633
     100       0       0       1       0                               0D0001634
     124     935       0       0       0       0       0       000000000D0001635
     124       0       0       2       0                               0D0001636
     100     937       0       0       0       0    1639       000010000D0001637
     100       0       0       1       0                               0D0001638
     124     938       0       0       0       0       0       000000000D0001639
     124       0       0       2       0                               0D0001640
     100     940       0       0       0       0    1643       000010000D0001641
     100       0       0       1       0                               0D0001642
     124     941       0       0       0       0       0       000000000D0001643
     124       0       0       2       0                               0D0001644
     402     943       0       0       0       0       0       000020000D0001645
     402       0       0       1       1                               0D0001646
     144     944       0       0       0       0       0       000020000D0001647
     144       0       0       1       0                               0D0001648
     108     945       0       0       0       0       0       000010000D0001649
     108       0       0       1       0                               0D0001650
     142     946       0       0       0       0       0       000010500D0001651
     142       0       0       1       0                               0D0001652
     100     947       0       0       0       0    1655       000010000D0001653
     100       0       0       1       0                               0D0001654
     124     948       0       0       0       0       0       000000000D0001655
     124       0       0       2       0                               0D0001656
     144     950       0       0       0       0       0       000020000D0001657
     144       0       0       1       0                               0D0001658
     120     951       0       0       0       0    1661       000010000D0001659
     120       0       0       1       0                               0D0001660
     124     952       0       0       0       0       0       000000000D0001661
     124       0       0       2       0                               0D0001662
     110     954       0       0       0       0       0       000010000D0001663
     110       0       0       1       0                               0D0001664
     110     955       0       0       0       0       0       000010000D0001665
     110       0       0       1       0                               0D0001666
     142     956       0       0       0       0       0       000010500D0001667
     142       0       0       1       0                               0D0001668
     102     957       0       0       0       0       0       000010000D0001669
     102       0       0       1       0                               0D0001670
     110     958       0       0       0       0       0       000010000D0001671
     110       0       0       1       0                               0D0001672
     110     959       0       0       0       0       0       000010000D0001673
     110       0       0       1       0                               0D0001674
     110     960       0       0       0       0       0       000010000D0001675
     110       0       0       1       0                               0D0001676
     110     961       0       0       0       0       0       000010000D0001677
     110       0       0       1       0                               0D0001678
     102     962       0       0       0       0       0       000010000D0001679
     102       0       0       1       0                               0D0001680
     100     963       0       0       0       0    1683       000010000D0001681
     100       0       0       1       0                               0D0001682
     124     964       0       0       0       0       0       000000000D0001683
     124       0       0       2       0                               0D0001684
     110     966       0       0       0       0       0       000010000D0001685
     110       0       0       1       0                               0D0001686
     100     967       0       0       0       0    1689       000010000D0001687
     100       0       0       1       0                               0D0001688
     124     968       0       0       0       0       0       000000000D0001689
     124       0       0       2       0                               0D0001690
     110     970       0       0       0       0       0       000010000D0001691
     110       0       0       1       0                               0D0001692
     144     971       0       0       0       0       0       000020000D0001693
     144       0       0       1       0                               0D0001694
     108     972       0       0       0       0       0       000010000D0001695
     108       0       0       1       0                               0D0001696
     142     973       0       0       0       0       0       000010500D0001697
     142       0       0       1       0                               0D0001698
     100     974       0       0       0       0    1701       000010000D0001699
     100       0       0       1       0                               0D0001700
     124     975       0       0       0       0       0       000000000D0001701
     124       0       0       2       0                               0D0001702
     402     977       0       0       0       0       0       000020000D0001703
     402       0       0       1       1                               0D0001704
     144     978       0       0       0       0       0       000020000D0001705
     144       0       0       1       0                               0D0001706
     120     979       0       0       0       0    1709       000010000D0001707
     120       0       0       1       0                               0D0001708
     124     980       0       0       0       0       0       000000000D0001709
     124       0       0       2       1                               0D0001710
     110     982       0       0       0       0       0       000010000D0001711
     110       0       0       1       0                               0D0001712
     100     983       0       0       0       0    1715       000010000D0001713
     100       0       0       1       0                               0D0001714
     124     984       0       0       0       0       0       000000000D0001715
     124       0       0       1       0                               0D0001716
     142     985       0       0       0       0       0       000010500D0001717
     142       0       0       1       0                               0D0001718
     102     986       0       0       0       0       0       000010000D0001719
     102       0       0       1       0                               0D0001720
     110     987       0       0       0       0       0       000010000D0001721
     110       0       0       1       0                               0D0001722
     110     988       0       0       0       0       0       000010000D0001723
     110       0       0       2       0                               0D0001724
     110     990       0       0       0       0       0       000010000D0001725
     110       0       0       2       0                               0D0001726
     102     992       0       0       0       0       0       000010000D0001727
     102       0       0       1       0                               0D0001728
     100     993       0       0       0       0    1731       000010000D0001729
     100       0       0       2       0                               0D0001730
     124     995       0       0       0       0       0       000000000D0001731
     124       0       0       2       0                               0D0001732
     100     997       0       0       0       0    1735       000010000D0001733
     100       0       0       1       0                               0D0001734
     124     998       0       0       0       0       0       000000000D0001735
     124       0       0       2       0                               0D0001736
     100    1000       0       0       0       0    1739       000010000D0001737
     100       0       0       1       0                               0D0001738
     124    1001       0       0       0       0       0       000000000D0001739
     124       0       0       2       0                               0D0001740
     144    1003       0       0       0       0       0       000020000D0001741
     144       0       0       1       0                               0D0001742
     108    1004       0       0       0       0       0       000010000D0001743
     108       0       0       2       0                               0D0001744
     142    1006       0       0       0       0       0       000010500D0001745
     142       0       0       1       0                               0D0001746
     100    1007       0       0       0       0    1749       000010000D0001747
     100       0       0       1       0                               0D0001748
     124    1008       0       0       0       0       0       000000000D0001749
     124       0       0       2       0                               0D0001750
     142    1010       0       0       0       0       0       000010500D0001751
     142       0       0       1       0                               0D0001752
     100    1011       0       0       0       0    1755       000010000D0001753
     100       0       0       1       0                               0D0001754
     124    1012       0       0       0       0       0       000000000D0001755
     124       0       0       2       0                               0D0001756
     144    1014       0       0       0       0       0       000020000D0001757
     144       0       0       1       0                               0D0001758
     120    1015       0       0       0       0    1761       000010000D0001759
     120       0       0       1       0                               0D0001760
     124    1016       0       0       0       0       0       000000000D0001761
     124       0       0       2       0                               0D0001762
     110    1018       0       0       0       0       0       000010000D0001763
     110       0       0       1       0                               0D0001764
     100    1019       0       0       0       0    1767       000010000D0001765
     100       0       0       1       0                               0D0001766
     124    1020       0       0       0       0       0       000000000D0001767
     124       0       0       1       0                               0D0001768
     142    1021       0       0       0       0       0       000010500D0001769
     142       0       0       1       0                               0D0001770
     102    1022       0       0       0       0       0       000010000D0001771
     102       0       0       1       0                               0D0001772
     110    1023       0       0       0       0       0       000010000D0001773
     110       0       0       1       0                               0D0001774
     110    1024       0       0       0       0       0       000010000D0001775
     110       0       0       1       0                               0D0001776
     110    1025       0       0       0       0       0       000010000D0001777
     110       0       0       1       0                               0D0001778
     102    1026       0       0       0       0       0       000010000D0001779
     102       0       0       1       0                               0D0001780
     100    1027       0       0       0       0    1783       000010000D0001781
     100       0       0       1       0                               0D0001782
     124    1028       0       0       0       0       0       000000000D0001783
     124       0       0       2       0                               0D0001784
     100    1030       0       0       0       0    1787       000010000D0001785
     100       0       0       2       0                               0D0001786
     124    1032       0       0       0       0       0       000000000D0001787
     124       0       0       2       0                               0D0001788
     100    1034       0       0       0       0    1791       000010000D0001789
     100       0       0       1       0                               0D0001790
     124    1035       0       0       0       0       0       000000000D0001791
     124       0       0       2       0                               0D0001792
402,17,3,33,217,315,413,511,609,707,881,979,1077,1175,1273,1371, 0000001P0000001
1555,1645,1703;                                                  0000001P0000002
144,5,1,0,15;                                                    0000003P0000003
120,9,11,6.283185307,12.566370614;                               0000005P0000004
124,-1.,0.,0.,0.,0.,1.,-2.2E-16,0.,0.,-2.2E-16,-1.,0.;           0000007P0000005
110,0.,0.,1.,0.,0.,0.;                                           0000009P0000006
100,0.,0.,0.,3.061616998E-14,-500.,3.061616998E-14,500.;         0000011P0000007
124,1.,0.,0.,0.,0.,0.,-1.,0.,0.,1.,-0.,0.;                       0000013P0000008
142,0,5,17,23,3;                                                 0000015P0000009
102,2,19,21;                                                     0000017P0000010
110,1.570796327,12.566370614,0.,-1.570796327,12.566370614,0.;    0000019P0000011
110,-1.570796327,6.283185307,0.,1.570796327,6.283185307,0.;      0000021P0000012
102,2,25,29;                                                     0000023P0000013
100,0.,0.,0.,3.061616998E-14,500.,-9.184850994E-14,-500.;        0000025P0000014
124,1.,0.,0.,0.,0.,2.2E-16,1.,0.,0.,-1.,2.2E-16,0.;              0000027P0000015
100,0.,0.,0.,-1.914284349E-13,500.,-9.184850994E-14,-500.;       0000029P0000016
124,1.,0.,0.,0.,0.,-2.2E-16,-1.,0.,0.,1.,-2.2E-16,0.;            0000031P0000017
402,9,35,83,105,123,133,151,167,185,201;                         0000033P0000018
144,37,1,0,45;                                                   0000035P0000019
120,41,43,6.283185307,12.566370614;                              0000037P0000020
124,0.,0.,1.,498.,2.2E-16,-1.,0.,0.,1.,2.2E-16,0.,0.;            0000039P0000021
110,0.,0.,1.,0.,0.,0.;                                           0000041P0000022
110,20.,0.,0.,20.,0.,252.;                                       0000043P0000023
142,0,37,47,61,3;                                                0000045P0000024
102,6,49,51,53,55,57,59;                                         0000047P0000025
110,5.536299203E-18,12.566370614,0.,0.,6.283185307,0.;           0000049P0000026
110,0.,6.283185307,0.,1.,6.283185307,0.;                         0000051P0000027
110,1.,6.283185307,0.,1.,7.853981642,0.;                         0000053P0000028
110,1.,7.853981642,0.,1.,10.995574289,0.;                        0000055P0000029
110,1.,10.995574289,0.,1.,12.566370614,0.;                       0000057P0000030
110,1.,12.566370614,0.,5.536299203E-18,12.566370614,0.;          0000059P0000031
102,6,63,67,69,73,77,81;                                         0000061P0000032
100,0.,0.,0.,20.,0.,20.,0.;                                      0000063P0000033
124,0.,0.,1.,498.,2.2E-16,-1.,-0.,0.,1.,2.2E-16,0.,0.;           0000065P0000034
110,498.,-4.44E-15,20.,750.,-4.44E-15,20.;                       0000067P0000035
100,0.,0.,0.,20.,0.,-1.567289086E-07,20.;                        0000069P0000036
124,0.,0.,-1.,750.,2.2E-16,1.,0.,0.,1.,-2.2E-16,0.,0.;           0000071P0000037
100,0.,0.,0.,-1.567289086E-07,20.,3.656663937E-08,-20.;          0000073P0000038
124,0.,0.,-1.,750.,2.2E-16,1.,0.,0.,1.,-2.2E-16,0.,0.;           0000075P0000039
100,0.,0.,0.,3.656663937E-08,-20.,20.,-4.898587197E-15;          0000077P0000040
124,0.,0.,-1.,750.,2.2E-16,1.,0.,0.,1.,-2.2E-16,0.,0.;           0000079P0000041
110,750.,-4.44E-15,20.,498.,-4.44E-15,20.;                       0000081P0000042
144,85,1,0,87;                                                   0000083P0000043
108,-1.,-0.,-0.,-750.,0,750.,-1.79E-15,0.,0.;                    0000085P0000044
142,0,85,0,89,2;                                                 0000087P0000045
102,5,91,95,97,99,101;                                           0000089P0000046
100,0.,0.,0.,20.,0.,3.656664427E-08,20.;                         0000091P0000047
124,0.,0.,1.,750.,2.2E-16,-1.,-0.,0.,1.,2.2E-16,0.,0.;           0000093P0000048
110,750.,-20.,3.656666081E-08,750.,-20.,250.;                    0000095P0000049
110,750.,-20.,250.,750.,20.,250.;                                0000097P0000050
110,750.,20.,250.,750.,20.,-1.567289019E-07;                     0000099P0000051
100,0.,0.,0.,-1.567289091E-07,-20.,20.,-4.898587197E-15;         0000101P0000052
124,0.,0.,1.,750.,2.2E-16,-1.,-0.,0.,1.,2.2E-16,0.,0.;           0000103P0000053
144,107,1,0,109;                                                 0000105P0000054
108,-1.,-0.,-0.,-750.,0,750.,-1.79E-15,0.,0.;                    0000107P0000055
142,0,107,0,111,2;                                               0000109P0000056
102,4,113,115,117,121;                                           0000111P0000057
110,750.,20.,-250.,750.,-20.,-250.;                              0000113P0000058
110,750.,-20.,-250.,750.,-20.,3.656666081E-08;                   0000115P0000059
100,0.,0.,0.,3.656664427E-08,20.,-1.567289091E-07,-20.;          0000117P0000060
124,0.,0.,1.,750.,2.2E-16,-1.,-0.,0.,1.,2.2E-16,0.,0.;           0000119P0000061
110,750.,20.,-1.567289019E-07,750.,20.,-250.;                    0000121P0000062
144,125,1,0,127;                                                 0000123P0000063
108,-1.,0.,0.,-498.,0,498.,0.,0.,0.;                             0000125P0000064
142,0,125,0,129,2;                                               0000127P0000065
100,0.,0.,0.,20.,0.,20.,0.;                                      0000129P0000066
124,0.,0.,-1.,498.,2.2E-16,1.,0.,0.,1.,-2.2E-16,0.,0.;           0000131P0000067
144,135,1,0,137;                                                 0000133P0000068
108,-0.,-1.,-1.E-17,20.,0,750.,-20.,-250.,0.;                    0000135P0000069
142,0,135,0,139,2;                                               0000137P0000070
102,5,141,143,145,147,149;                                       0000139P0000071
110,750.,-20.,-250.,1.75E+03,-20.,-250.;                         0000141P0000072
110,1.75E+03,-20.,-250.,1.75E+03,-20.,250.;                      0000143P0000073
110,1.75E+03,-20.,250.,750.,-20.,250.;                           0000145P0000074
110,750.,-20.,250.,750.,-20.,3.656666081E-08;                    0000147P0000075
110,750.,-20.,3.656666081E-08,750.,-20.,-250.;                   0000149P0000076
144,153,1,0,155;                                                 0000151P0000077
108,2.2E-16,0.,1.,250.,0,750.,-20.,250.,0.;                      0000153P0000078
142,0,153,0,157,2;                                               0000155P0000079
102,4,159,161,163,165;                                           0000157P0000080
110,750.,-20.,250.,1.75E+03,-20.,250.;                           0000159P0000081
110,1.75E+03,-20.,250.,1.75E+03,20.,250.;                        0000161P0000082
110,1.75E+03,20.,250.,750.,20.,250.;                             0000163P0000083
110,750.,20.,250.,750.,-20.,250.;                                0000165P0000084
144,169,1,0,171;                                                 0000167P0000085
108,0.,1.,0.,20.,0,750.,20.,250.,0.;                             0000169P0000086
142,0,169,0,173,2;                                               0000171P0000087
102,5,175,177,179,181,183;                                       0000173P0000088
110,750.,20.,250.,1.75E+03,20.,250.;                             0000175P0000089
110,1.75E+03,20.,250.,1.75E+03,20.,-250.;                        0000177P0000090
110,1.75E+03,20.,-250.,750.,20.,-250.;                           0000179P0000091
110,750.,20.,-250.,750.,20.,-1.567289019E-07;                    0000181P0000092
110,750.,20.,-1.567289019E-07,750.,20.,250.;                     0000183P0000093
144,187,1,0,189;                                                 0000185P0000094
108,-2.2E-16,-0.,-1.,250.,0,750.,20.,-250.,0.;                   0000187P0000095
142,0,187,0,191,2;                                               0000189P0000096
102,4,193,195,197,199;                                           0000191P0000097
110,750.,20.,-250.,1.75E+03,20.,-250.;                           0000193P0000098
110,1.75E+03,20.,-250.,1.75E+03,-20.,-250.;                      0000195P0000099
110,1.75E+03,-20.,-250.,750.,-20.,-250.;                         0000197P0000100
110,750.,-20.,-250.,750.,20.,-250.;                              0000199P0000101
144,203,1,0,205;                                                 0000201P0000102
108,1.,0.,0.,1.75E+03,0,1.75E+03,-1.74E-15,-2.2204E-13,0.;       0000203P0000103
142,0,203,0,207,2;                                               0000205P0000104
102,4,209,211,213,215;                                           0000207P0000105
110,1.75E+03,-20.,-250.,1.75E+03,20.,-250.;                      0000209P0000106
110,1.75E+03,20.,-250.,1.75E+03,20.,250.;                        0000211P0000107
110,1.75E+03,20.,250.,1.75E+03,-20.,250.;                        0000213P0000108
110,1.75E+03,-20.,250.,1.75E+03,-20.,-250.;                      0000215P0000109
402,6,219,235,251,267,283,299;                                   0000217P0000110
144,221,1,0,223;                                                 0000219P0000111
108,0.,2.2E-16,1.,240.,0,760.,-20.,240.,0.;                      0000221P0000112
142,0,221,0,225,2;                                               0000223P0000113
102,4,227,229,231,233;                                           0000225P0000114
110,760.,-20.,240.,760.,-40.,240.;                               0000227P0000115
110,760.,-40.,240.,948.,-40.,240.;                               0000229P0000116
110,948.,-40.,240.,948.,-20.,240.;                               0000231P0000117
110,948.,-20.,240.,760.,-20.,240.;                               0000233P0000118
144,237,1,0,239;                                                 0000235P0000119
108,1.,0.,0.,948.,0,948.,-20.,240.,0.;                           0000237P0000120
142,0,237,0,241,2;                                               0000239P0000121
102,4,243,245,247,249;                                           0000241P0000122
110,948.,-20.,240.,948.,-40.,240.;                               0000243P0000123
110,948.,-40.,240.,948.,-40.,-240.;                              0000245P0000124
110,948.,-40.,-240.,948.,-20.,-240.;                             0000247P0000125
110,948.,-20.,-240.,948.,-20.,240.;                              0000249P0000126
144,253,1,0,255;                                                 0000251P0000127
108,0.,-2.2E-16,-1.,240.,0,948.,-20.,-240.,0.;                   0000253P0000128
142,0,253,0,257,2;                                               0000255P0000129
102,4,259,261,263,265;                                           0000257P0000130
110,948.,-20.,-240.,948.,-40.,-240.;                             0000259P0000131
110,948.,-40.,-240.,760.,-40.,-240.;                             0000261P0000132
110,760.,-40.,-240.,760.,-20.,-240.;                             0000263P0000133
110,760.,-20.,-240.,948.,-20.,-240.;                             0000265P0000134
144,269,1,0,271;                                                 0000267P0000135
108,-1.,0.,0.,-760.,0,760.,-20.,-240.,0.;                        0000269P0000136
142,0,269,0,273,2;                                               0000271P0000137
102,4,275,277,279,281;                                           0000273P0000138
110,760.,-20.,-240.,760.,-40.,-240.;                             0000275P0000139
110,760.,-40.,-240.,760.,-40.,240.;                              0000277P0000140
110,760.,-40.,240.,760.,-20.,240.;                               0000279P0000141
110,760.,-20.,240.,760.,-20.,-240.;                              0000281P0000142
144,285,1,0,287;                                                 0000283P0000143
108,0.,1.,0.,-20.,0,854.,-20.,0.,0.;                             0000285P0000144
142,0,285,0,289,2;                                               0000287P0000145
102,4,291,293,295,297;                                           0000289P0000146
110,760.,-20.,240.,948.,-20.,240.;                               0000291P0000147
110,948.,-20.,240.,948.,-20.,-240.;                              0000293P0000148
110,948.,-20.,-240.,760.,-20.,-240.;                             0000295P0000149
110,760.,-20.,-240.,760.,-20.,240.;                              0000297P0000150
144,301,1,0,303;                                                 0000299P0000151
108,-0.,-1.,-0.,40.,0,854.,-40.,0.,0.;                           0000301P0000152
142,0,301,0,305,2;                                               0000303P0000153
102,4,307,309,311,313;                                           0000305P0000154
110,760.,-40.,240.,760.,-40.,-240.;                              0000307P0000155
110,760.,-40.,-240.,948.,-40.,-240.;                             0000309P0000156
110,948.,-40.,-240.,948.,-40.,240.;                              0000311P0000157
110,948.,-40.,240.,760.,-40.,240.;                               0000313P0000158
402,6,317,333,349,365,381,397;                                   0000315P0000159
144,319,1,0,321;                                                 0000317P0000160
108,0.,2.2E-16,1.,240.,0,958.,-20.,240.,0.;                      0000319P0000161
142,0,319,0,323,2;                                               0000321P0000162
102,4,325,327,329,331;                                           0000323P0000163
110,958.,-20.,240.,958.,-40.,240.;                               0000325P0000164
110,958.,-40.,240.,1.146E+03,-40.,240.;                          0000327P0000165
110,1.146E+03,-40.,240.,1.146E+03,-20.,240.;                     0000329P0000166
110,1.146E+03,-20.,240.,958.,-20.,240.;                          0000331P0000167
144,335,1,0,337;                                                 0000333P0000168
108,1.,0.,0.,1.146E+03,0,1.146E+03,-20.,240.,0.;                 0000335P0000169
142,0,335,0,339,2;                                               0000337P0000170
102,4,341,343,345,347;                                           0000339P0000171
110,1.146E+03,-20.,240.,1.146E+03,-40.,240.;                     0000341P0000172
110,1.146E+03,-40.,240.,1.146E+03,-40.,-240.;                    0000343P0000173
110,1.146E+03,-40.,-240.,1.146E+03,-20.,-240.;                   0000345P0000174
110,1.146E+03,-20.,-240.,1.146E+03,-20.,240.;                    0000347P0000175
144,351,1,0,353;                                                 0000349P0000176
108,0.,-2.2E-16,-1.,240.,0,1.146E+03,-20.,-240.,0.;              0000351P0000177
142,0,351,0,355,2;                                               0000353P0000178
102,4,357,359,361,363;                                           0000355P0000179
110,1.146E+03,-20.,-240.,1.146E+03,-40.,-240.;                   0000357P0000180
110,1.146E+03,-40.,-240.,958.,-40.,-240.;                        0000359P0000181
110,958.,-40.,-240.,958.,-20.,-240.;                             0000361P0000182
110,958.,-20.,-240.,1.146E+03,-20.,-240.;                        0000363P0000183
144,367,1,0,369;                                                 0000365P0000184
108,-1.,0.,0.,-958.,0,958.,-20.,-240.,0.;                        0000367P0000185
142,0,367,0,371,2;                                               0000369P0000186
102,4,373,375,377,379;                                           0000371P0000187
110,958.,-20.,-240.,958.,-40.,-240.;                             0000373P0000188
110,958.,-40.,-240.,958.,-40.,240.;                              0000375P0000189
110,958.,-40.,240.,958.,-20.,240.;                               0000377P0000190
110,958.,-20.,240.,958.,-20.,-240.;                              0000379P0000191
144,383,1,0,385;                                                 0000381P0000192
108,0.,1.,0.,-20.,0,1.052E+03,-20.,0.,0.;                        0000383P0000193
142,0,383,0,387,2;                                               0000385P0000194
102,4,389,391,393,395;                                           0000387P0000195
110,958.,-20.,240.,1.146E+03,-20.,240.;                          0000389P0000196
110,1.146E+03,-20.,240.,1.146E+03,-20.,-240.;                    0000391P0000197
110,1.146E+03,-20.,-240.,958.,-20.,-240.;                        0000393P0000198
110,958.,-20.,-240.,958.,-20.,240.;                              0000395P0000199
144,399,1,0,401;                                                 0000397P0000200
108,-0.,-1.,-0.,40.,0,1.052E+03,-40.,0.,0.;                      0000399P0000201
142,0,399,0,403,2;                                               0000401P0000202
102,4,405,407,409,411;                                           0000403P0000203
110,958.,-40.,240.,958.,-40.,-240.;                              0000405P0000204
110,958.,-40.,-240.,1.146E+03,-40.,-240.;                        0000407P0000205
110,1.146E+03,-40.,-240.,1.146E+03,-40.,240.;                    0000409P0000206
110,1.146E+03,-40.,240.,958.,-40.,240.;                          0000411P0000207
402,6,415,431,447,463,479,495;                                   0000413P0000208
144,417,1,0,419;                                                 0000415P0000209
108,0.,2.2E-16,1.,240.,0,1.156E+03,-20.,240.,0.;                 0000417P0000210
142,0,417,0,421,2;                                               0000419P0000211
102,4,423,425,427,429;                                           0000421P0000212
110,1.156E+03,-20.,240.,1.156E+03,-40.,240.;                     0000423P0000213
110,1.156E+03,-40.,240.,1.344E+03,-40.,240.;                     0000425P0000214
110,1.344E+03,-40.,240.,1.344E+03,-20.,240.;                     0000427P0000215
110,1.344E+03,-20.,240.,1.156E+03,-20.,240.;                     0000429P0000216
144,433,1,0,435;                                                 0000431P0000217
108,1.,0.,0.,1.344E+03,0,1.344E+03,-20.,240.,0.;                 0000433P0000218
142,0,433,0,437,2;                                               0000435P0000219
102,4,439,441,443,445;                                           0000437P0000220
110,1.344E+03,-20.,240.,1.344E+03,-40.,240.;                     0000439P0000221
110,1.344E+03,-40.,240.,1.344E+03,-40.,-240.;                    0000441P0000222
110,1.344E+03,-40.,-240.,1.344E+03,-20.,-240.;                   0000443P0000223
110,1.344E+03,-20.,-240.,1.344E+03,-20.,240.;                    0000445P0000224
144,449,1,0,451;                                                 0000447P0000225
108,0.,-2.2E-16,-1.,240.,0,1.344E+03,-20.,-240.,0.;              0000449P0000226
142,0,449,0,453,2;                                               0000451P0000227
102,4,455,457,459,461;                                           0000453P0000228
110,1.344E+03,-20.,-240.,1.344E+03,-40.,-240.;                   0000455P0000229
110,1.344E+03,-40.,-240.,1.156E+03,-40.,-240.;                   0000457P0000230
110,1.156E+03,-40.,-240.,1.156E+03,-20.,-240.;                   0000459P0000231
110,1.156E+03,-20.,-240.,1.344E+03,-20.,-240.;                   0000461P0000232
144,465,1,0,467;                                                 0000463P0000233
108,-1.,0.,0.,-1.156E+03,0,1.156E+03,-20.,-240.,0.;              0000465P0000234
142,0,465,0,469,2;                                               0000467P0000235
102,4,471,473,475,477;                                           0000469P0000236
110,1.156E+03,-20.,-240.,1.156E+03,-40.,-240.;                   0000471P0000237
110,1.156E+03,-40.,-240.,1.156E+03,-40.,240.;                    0000473P0000238
110,1.156E+03,-40.,240.,1.156E+03,-20.,240.;                     0000475P0000239
110,1.156E+03,-20.,240.,1.156E+03,-20.,-240.;                    0000477P0000240
144,481,1,0,483;                                                 0000479P0000241
108,0.,1.,0.,-20.,0,1.25E+03,-20.,0.,0.;                         0000481P0000242
142,0,481,0,485,2;                                               0000483P0000243
102,4,487,489,491,493;                                           0000485P0000244
110,1.156E+03,-20.,240.,1.344E+03,-20.,240.;                     0000487P0000245
110,1.344E+03,-20.,240.,1.344E+03,-20.,-240.;                    0000489P0000246
110,1.344E+03,-20.,-240.,1.156E+03,-20.,-240.;                   0000491P0000247
110,1.156E+03,-20.,-240.,1.156E+03,-20.,240.;                    0000493P0000248
144,497,1,0,499;                                                 0000495P0000249
108,-0.,-1.,-0.,40.,0,1.25E+03,-40.,0.,0.;                       0000497P0000250
142,0,497,0,501,2;                                               0000499P0000251
102,4,503,505,507,509;                                           0000501P0000252
110,1.156E+03,-40.,240.,1.156E+03,-40.,-240.;                    0000503P0000253
110,1.156E+03,-40.,-240.,1.344E+03,-40.,-240.;                   0000505P0000254
110,1.344E+03,-40.,-240.,1.344E+03,-40.,240.;                    0000507P0000255
110,1.344E+03,-40.,240.,1.156E+03,-40.,240.;                     0000509P0000256
402,6,513,529,545,561,577,593;                                   0000511P0000257
144,515,1,0,517;                                                 0000513P0000258
108,0.,2.2E-16,1.,240.,0,1.354E+03,-20.,240.,0.;                 0000515P0000259
142,0,515,0,519,2;                                               0000517P0000260
102,4,521,523,525,527;                                           0000519P0000261
110,1.354E+03,-20.,240.,1.354E+03,-40.,240.;                     0000521P0000262
110,1.354E+03,-40.,240.,1.542E+03,-40.,240.;                     0000523P0000263
110,1.542E+03,-40.,240.,1.542E+03,-20.,240.;                     0000525P0000264
110,1.542E+03,-20.,240.,1.354E+03,-20.,240.;                     0000527P0000265
144,531,1,0,533;                                                 0000529P0000266
108,1.,0.,0.,1.542E+03,0,1.542E+03,-20.,240.,0.;                 0000531P0000267
142,0,531,0,535,2;                                               0000533P0000268
102,4,537,539,541,543;                                           0000535P0000269
110,1.542E+03,-20.,240.,1.542E+03,-40.,240.;                     0000537P0000270
110,1.542E+03,-40.,240.,1.542E+03,-40.,-240.;                    0000539P0000271
110,1.542E+03,-40.,-240.,1.542E+03,-20.,-240.;                   0000541P0000272
110,1.542E+03,-20.,-240.,1.542E+03,-20.,240.;                    0000543P0000273
144,547,1,0,549;                                                 0000545P0000274
108,0.,-2.2E-16,-1.,240.,0,1.542E+03,-20.,-240.,0.;              0000547P0000275
142,0,547,0,551,2;                                               0000549P0000276
102,4,553,555,557,559;                                           0000551P0000277
110,1.542E+03,-20.,-240.,1.542E+03,-40.,-240.;                   0000553P0000278
110,1.542E+03,-40.,-240.,1.354E+03,-40.,-240.;                   0000555P0000279
110,1.354E+03,-40.,-240.,1.354E+03,-20.,-240.;                   0000557P0000280
110,1.354E+03,-20.,-240.,1.542E+03,-20.,-240.;                   0000559P0000281
144,563,1,0,565;                                                 0000561P0000282
108,-1.,0.,0.,-1.354E+03,0,1.354E+03,-20.,-240.,0.;              0000563P0000283
142,0,563,0,567,2;                                               0000565P0000284
102,4,569,571,573,575;                                           0000567P0000285
110,1.354E+03,-20.,-240.,1.354E+03,-40.,-240.;                   0000569P0000286
110,1.354E+03,-40.,-240.,1.354E+03,-40.,240.;                    0000571P0000287
110,1.354E+03,-40.,240.,1.354E+03,-20.,240.;                     0000573P0000288
110,1.354E+03,-20.,240.,1.354E+03,-20.,-240.;                    0000575P0000289
144,579,1,0,581;                                                 0000577P0000290
108,0.,1.,0.,-20.,0,1.448E+03,-20.,0.,0.;                        0000579P0000291
142,0,579,0,583,2;                                               0000581P0000292
102,4,585,587,589,591;                                           0000583P0000293
110,1.354E+03,-20.,240.,1.542E+03,-20.,240.;                     0000585P0000294
110,1.542E+03,-20.,240.,1.542E+03,-20.,-240.;                    0000587P0000295
110,1.542E+03,-20.,-240.,1.354E+03,-20.,-240.;                   0000589P0000296
110,1.354E+03,-20.,-240.,1.354E+03,-20.,240.;                    0000591P0000297
144,595,1,0,597;                                                 0000593P0000298
108,-0.,-1.,-0.,40.,0,1.448E+03,-40.,0.,0.;                      0000595P0000299
142,0,595,0,599,2;                                               0000597P0000300
102,4,601,603,605,607;                                           0000599P0000301
110,1.354E+03,-40.,240.,1.354E+03,-40.,-240.;                    0000601P0000302
110,1.354E+03,-40.,-240.,1.542E+03,-40.,-240.;                   0000603P0000303
110,1.542E+03,-40.,-240.,1.542E+03,-40.,240.;                    0000605P0000304
110,1.542E+03,-40.,240.,1.354E+03,-40.,240.;                     0000607P0000305
402,6,611,627,643,659,675,691;                                   0000609P0000306
144,613,1,0,615;                                                 0000611P0000307
108,0.,2.2E-16,1.,240.,0,1.552E+03,-20.,240.,0.;                 0000613P0000308
142,0,613,0,617,2;                                               0000615P0000309
102,4,619,621,623,625;                                           0000617P0000310
110,1.552E+03,-20.,240.,1.552E+03,-40.,240.;                     0000619P0000311
110,1.552E+03,-40.,240.,1.74E+03,-40.,240.;                      0000621P0000312
110,1.74E+03,-40.,240.,1.74E+03,-20.,240.;                       0000623P0000313
110,1.74E+03,-20.,240.,1.552E+03,-20.,240.;                      0000625P0000314
144,629,1,0,631;                                                 0000627P0000315
108,1.,0.,0.,1.74E+03,0,1.74E+03,-20.,240.,0.;                   0000629P0000316
142,0,629,0,633,2;                                               0000631P0000317
102,4,635,637,639,641;                                           0000633P0000318
110,1.74E+03,-20.,240.,1.74E+03,-40.,240.;                       0000635P0000319
110,1.74E+03,-40.,240.,1.74E+03,-40.,-240.;                      0000637P0000320
110,1.74E+03,-40.,-240.,1.74E+03,-20.,-240.;                     0000639P0000321
110,1.74E+03,-20.,-240.,1.74E+03,-20.,240.;                      0000641P0000322
144,645,1,0,647;                                                 0000643P0000323
108,0.,-2.2E-16,-1.,240.,0,1.74E+03,-20.,-240.,0.;               0000645P0000324
142,0,645,0,649,2;                                               0000647P0000325
102,4,651,653,655,657;                                           0000649P0000326
110,1.74E+03,-20.,-240.,1.74E+03,-40.,-240.;                     0000651P0000327
110,1.74E+03,-40.,-240.,1.552E+03,-40.,-240.;                    0000653P0000328
110,1.552E+03,-40.,-240.,1.552E+03,-20.,-240.;                   0000655P0000329
110,1.552E+03,-20.,-240.,1.74E+03,-20.,-240.;                    0000657P0000330
144,661,1,0,663;                                                 0000659P0000331
108,-1.,0.,0.,-1.552E+03,0,1.552E+03,-20.,-240.,0.;              0000661P0000332
142,0,661,0,665,2;                                               0000663P0000333
102,4,667,669,671,673;                                           0000665P0000334
110,1.552E+03,-20.,-240.,1.552E+03,-40.,-240.;                   0000667P0000335
110,1.552E+03,-40.,-240.,1.552E+03,-40.,240.;                    0000669P0000336
110,1.552E+03,-40.,240.,1.552E+03,-20.,240.;                     0000671P0000337
110,1.552E+03,-20.,240.,1.552E+03,-20.,-240.;                    0000673P0000338
144,677,1,0,679;                                                 0000675P0000339
108,0.,1.,0.,-20.,0,1.646E+03,-20.,0.,0.;                        0000677P0000340
142,0,677,0,681,2;                                               0000679P0000341
102,4,683,685,687,689;                                           0000681P0000342
110,1.552E+03,-20.,240.,1.74E+03,-20.,240.;                      0000683P0000343
110,1.74E+03,-20.,240.,1.74E+03,-20.,-240.;                      0000685P0000344
110,1.74E+03,-20.,-240.,1.552E+03,-20.,-240.;                    0000687P0000345
110,1.552E+03,-20.,-240.,1.552E+03,-20.,240.;                    0000689P0000346
144,693,1,0,695;                                                 0000691P0000347
108,-0.,-1.,-0.,40.,0,1.646E+03,-40.,0.,0.;                      0000693P0000348
142,0,693,0,697,2;                                               0000695P0000349
102,4,699,701,703,705;                                           0000697P0000350
110,1.552E+03,-40.,240.,1.552E+03,-40.,-240.;                    0000699P0000351
110,1.552E+03,-40.,-240.,1.74E+03,-40.,-240.;                    0000701P0000352
110,1.74E+03,-40.,-240.,1.74E+03,-40.,240.;                      0000703P0000353
110,1.74E+03,-40.,240.,1.552E+03,-40.,240.;                      0000705P0000354
402,9,709,751,761,779,797,815,831,849,865;                       0000707P0000355
144,711,1,0,719;                                                 0000709P0000356
120,715,717,0.,6.283185307;                                      0000711P0000357
124,0.,0.,1.,-750.,1.,0.,0.,0.,0.,1.,0.,0.;                      0000713P0000358
110,0.,0.,1.,0.,0.,0.;                                           0000715P0000359
110,20.,0.,0.,20.,0.,252.;                                       0000717P0000360
142,0,711,721,733,3;                                             0000719P0000361
102,5,723,725,727,729,731;                                       0000721P0000362
110,1.,6.283185307,0.,0.,6.283185307,0.;                         0000723P0000363
110,0.,6.283185307,0.,-2.768149604E-18,3.141592651,0.;           0000725P0000364
110,-2.768149604E-18,3.141592651,0.,-5.536299203E-18,0.,0.;      0000727P0000365
110,-5.536299203E-18,1.776356839E-15,0.,1.,5.773159728E-14,0.;   0000729P0000366
110,1.,5.595524044E-14,0.,1.,6.283185307,0.;                     0000731P0000367
102,5,735,737,741,745,747;                                       0000733P0000368
110,-498.,20.,0.,-750.,20.,0.;                                   0000735P0000369
100,0.,0.,0.,20.,0.,-20.,-5.247845469E-08;                       0000737P0000370
124,0.,0.,1.,-750.,1.,0.,0.,0.,0.,1.,0.,0.;                      0000739P0000371
100,0.,0.,0.,-20.,-5.247845469E-08,20.,-4.898587197E-15;         0000741P0000372
124,0.,0.,1.,-750.,1.,0.,0.,0.,0.,1.,0.,0.;                      0000743P0000373
110,-750.,20.,0.,-498.,20.,0.;                                   0000745P0000374
100,0.,0.,0.,20.,0.,20.,0.;                                      0000747P0000375
124,0.,0.,-1.,-498.,1.,0.,0.,0.,0.,-1.,-0.,0.;                   0000749P0000376
144,753,1,0,755;                                                 0000751P0000377
108,1.,0.,0.,-498.,0,-498.,0.,0.,0.;                             0000753P0000378
142,0,753,0,757,2;                                               0000755P0000379
100,0.,0.,0.,20.,0.,20.,0.;                                      0000757P0000380
124,0.,0.,1.,-498.,1.,0.,0.,0.,0.,1.,0.,0.;                      0000759P0000381
144,763,1,0,765;                                                 0000761P0000382
108,1.,0.,0.,-750.,0,-750.,0.,0.,0.;                             0000763P0000383
142,0,763,0,767,2;                                               0000765P0000384
102,4,769,771,775,777;                                           0000767P0000385
110,-750.,20.,-250.,-750.,20.,0.;                                0000769P0000386
100,0.,0.,0.,20.,0.,-20.,5.247845958E-08;                        0000771P0000387
124,0.,0.,-1.,-750.,1.,0.,0.,0.,0.,-1.,-0.,0.;                   0000773P0000388
110,-750.,-20.,-5.247844115E-08,-750.,-20.,-250.;                0000775P0000389
110,-750.,-20.,-250.,-750.,20.,-250.;                            0000777P0000390
144,781,1,0,783;                                                 0000779P0000391
108,1.,0.,0.,-750.,0,-750.,0.,0.,0.;                             0000781P0000392
142,0,781,0,785,2;                                               0000783P0000393
102,4,787,789,791,793;                                           0000785P0000394
110,-750.,20.,0.,-750.,20.,250.;                                 0000787P0000395
110,-750.,20.,250.,-750.,-20.,250.;                              0000789P0000396
110,-750.,-20.,250.,-750.,-20.,-5.247844115E-08;                 0000791P0000397
100,0.,0.,0.,-20.,5.247845958E-08,20.,-4.898587197E-15;          0000793P0000398
124,0.,0.,-1.,-750.,1.,0.,0.,0.,0.,-1.,-0.,0.;                   0000795P0000399
144,799,1,0,801;                                                 0000797P0000400
108,0.,1.,0.,20.,0,-750.,20.,-250.,0.;                           0000799P0000401
142,0,799,0,803,2;                                               0000801P0000402
102,5,805,807,809,811,813;                                       0000803P0000403
110,-750.,20.,-250.,-1.75E+03,20.,-250.;                         0000805P0000404
110,-1.75E+03,20.,-250.,-1.75E+03,20.,250.;                      0000807P0000405
110,-1.75E+03,20.,250.,-750.,20.,250.;                           0000809P0000406
110,-750.,20.,250.,-750.,20.,0.;                                 0000811P0000407
110,-750.,20.,0.,-750.,20.,-250.;                                0000813P0000408
144,817,1,0,819;                                                 0000815P0000409
108,0.,0.,-1.,250.,0,-750.,-20.,-250.,0.;                        0000817P0000410
142,0,817,0,821,2;                                               0000819P0000411
102,4,823,825,827,829;                                           0000821P0000412
110,-750.,-20.,-250.,-1.75E+03,-20.,-250.;                       0000823P0000413
110,-1.75E+03,-20.,-250.,-1.75E+03,20.,-250.;                    0000825P0000414
110,-1.75E+03,20.,-250.,-750.,20.,-250.;                         0000827P0000415
110,-750.,20.,-250.,-750.,-20.,-250.;                            0000829P0000416
144,833,1,0,835;                                                 0000831P0000417
108,-0.,-1.,-0.,20.,0,-750.,-20.,250.,0.;                        0000833P0000418
142,0,833,0,837,2;                                               0000835P0000419
102,5,839,841,843,845,847;                                       0000837P0000420
110,-750.,-20.,250.,-1.75E+03,-20.,250.;                         0000839P0000421
110,-1.75E+03,-20.,250.,-1.75E+03,-20.,-250.;                    0000841P0000422
110,-1.75E+03,-20.,-250.,-750.,-20.,-250.;                       0000843P0000423
110,-750.,-20.,-250.,-750.,-20.,-5.247844115E-08;                0000845P0000424
110,-750.,-20.,-5.247844115E-08,-750.,-20.,250.;                 0000847P0000425
144,851,1,0,853;                                                 0000849P0000426
108,0.,0.,1.,250.,0,-750.,20.,250.,0.;                           0000851P0000427
142,0,851,0,855,2;                                               0000853P0000428
102,4,857,859,861,863;                                           0000855P0000429
110,-750.,20.,250.,-1.75E+03,20.,250.;                           0000857P0000430
110,-1.75E+03,20.,250.,-1.75E+03,-20.,250.;                      0000859P0000431
110,-1.75E+03,-20.,250.,-750.,-20.,250.;                         0000861P0000432
110,-750.,-20.,250.,-750.,20.,250.;                              0000863P0000433
144,867,1,0,869;                                                 0000865P0000434
108,-1.,-0.,-0.,1.75E+03,0,-1.75E+03,0.,0.,0.;                   0000867P0000435
142,0,867,0,871,2;                                               0000869P0000436
102,4,873,875,877,879;                                           0000871P0000437
110,-1.75E+03,20.,250.,-1.75E+03,20.,-250.;                      0000873P0000438
110,-1.75E+03,20.,-250.,-1.75E+03,-20.,-250.;                    0000875P0000439
110,-1.75E+03,-20.,-250.,-1.75E+03,-20.,250.;                    0000877P0000440
110,-1.75E+03,-20.,250.,-1.75E+03,20.,250.;                      0000879P0000441
402,6,883,899,915,931,947,963;                                   0000881P0000442
144,885,1,0,887;                                                 0000883P0000443
108,0.,2.2E-16,1.,240.,0,-948.,-20.,240.,0.;                     0000885P0000444
142,0,885,0,889,2;                                               0000887P0000445
102,4,891,893,895,897;                                           0000889P0000446
110,-948.,-20.,240.,-948.,-40.,240.;                             0000891P0000447
110,-948.,-40.,240.,-760.,-40.,240.;                             0000893P0000448
110,-760.,-40.,240.,-760.,-20.,240.;                             0000895P0000449
110,-760.,-20.,240.,-948.,-20.,240.;                             0000897P0000450
144,901,1,0,903;                                                 0000899P0000451
108,1.,0.,0.,-760.,0,-760.,-20.,240.,0.;                         0000901P0000452
142,0,901,0,905,2;                                               0000903P0000453
102,4,907,909,911,913;                                           0000905P0000454
110,-760.,-20.,240.,-760.,-40.,240.;                             0000907P0000455
110,-760.,-40.,240.,-760.,-40.,-240.;                            0000909P0000456
110,-760.,-40.,-240.,-760.,-20.,-240.;                           0000911P0000457
110,-760.,-20.,-240.,-760.,-20.,240.;                            0000913P0000458
144,917,1,0,919;                                                 0000915P0000459
108,0.,-2.2E-16,-1.,240.,0,-760.,-20.,-240.,0.;                  0000917P0000460
142,0,917,0,921,2;                                               0000919P0000461
102,4,923,925,927,929;                                           0000921P0000462
110,-760.,-20.,-240.,-760.,-40.,-240.;                           0000923P0000463
110,-760.,-40.,-240.,-948.,-40.,-240.;                           0000925P0000464
110,-948.,-40.,-240.,-948.,-20.,-240.;                           0000927P0000465
110,-948.,-20.,-240.,-760.,-20.,-240.;                           0000929P0000466
144,933,1,0,935;                                                 0000931P0000467
108,-1.,0.,0.,948.,0,-948.,-20.,-240.,0.;                        0000933P0000468
142,0,933,0,937,2;                                               0000935P0000469
102,4,939,941,943,945;                                           0000937P0000470
110,-948.,-20.,-240.,-948.,-40.,-240.;                           0000939P0000471
110,-948.,-40.,-240.,-948.,-40.,240.;                            0000941P0000472
110,-948.,-40.,240.,-948.,-20.,240.;                             0000943P0000473
110,-948.,-20.,240.,-948.,-20.,-240.;                            0000945P0000474
144,949,1,0,951;                                                 0000947P0000475
108,0.,1.,0.,-20.,0,-854.,-20.,0.,0.;                            0000949P0000476
142,0,949,0,953,2;                                               0000951P0000477
102,4,955,957,959,961;                                           0000953P0000478
110,-948.,-20.,240.,-760.,-20.,240.;                             0000955P0000479
110,-760.,-20.,240.,-760.,-20.,-240.;                            0000957P0000480
110,-760.,-20.,-240.,-948.,-20.,-240.;                           0000959P0000481
110,-948.,-20.,-240.,-948.,-20.,240.;                            0000961P0000482
144,965,1,0,967;                                                 0000963P0000483
108,-0.,-1.,-0.,40.,0,-854.,-40.,0.,0.;                          0000965P0000484
142,0,965,0,969,2;                                               0000967P0000485
102,4,971,973,975,977;                                           0000969P0000486
110,-948.,-40.,240.,-948.,-40.,-240.;                            0000971P0000487
110,-948.,-40.,-240.,-760.,-40.,-240.;                           0000973P0000488
110,-760.,-40.,-240.,-760.,-40.,240.;                            0000975P0000489
110,-760.,-40.,240.,-948.,-40.,240.;                             0000977P0000490
402,6,981,997,1013,1029,1045,1061;                               0000979P0000491
144,983,1,0,985;                                                 0000981P0000492
108,0.,2.2E-16,1.,240.,0,-1.146E+03,-20.,240.,0.;                0000983P0000493
142,0,983,0,987,2;                                               0000985P0000494
102,4,989,991,993,995;                                           0000987P0000495
110,-1.146E+03,-20.,240.,-1.146E+03,-40.,240.;                   0000989P0000496
110,-1.146E+03,-40.,240.,-958.,-40.,240.;                        0000991P0000497
110,-958.,-40.,240.,-958.,-20.,240.;                             0000993P0000498
110,-958.,-20.,240.,-1.146E+03,-20.,240.;                        0000995P0000499
144,999,1,0,1001;                                                0000997P0000500
108,1.,0.,0.,-958.,0,-958.,-20.,240.,0.;                         0000999P0000501
142,0,999,0,1003,2;                                              0001001P0000502
102,4,1005,1007,1009,1011;                                       0001003P0000503
110,-958.,-20.,240.,-958.,-40.,240.;                             0001005P0000504
110,-958.,-40.,240.,-958.,-40.,-240.;                            0001007P0000505
110,-958.,-40.,-240.,-958.,-20.,-240.;                           0001009P0000506
110,-958.,-20.,-240.,-958.,-20.,240.;                            0001011P0000507
144,1015,1,0,1017;                                               0001013P0000508
108,0.,-2.2E-16,-1.,240.,0,-958.,-20.,-240.,0.;                  0001015P0000509
142,0,1015,0,1019,2;                                             0001017P0000510
102,4,1021,1023,1025,1027;                                       0001019P0000511
110,-958.,-20.,-240.,-958.,-40.,-240.;                           0001021P0000512
110,-958.,-40.,-240.,-1.146E+03,-40.,-240.;                      0001023P0000513
110,-1.146E+03,-40.,-240.,-1.146E+03,-20.,-240.;                 0001025P0000514
110,-1.146E+03,-20.,-240.,-958.,-20.,-240.;                      0001027P0000515
144,1031,1,0,1033;                                               0001029P0000516
108,-1.,0.,0.,1.146E+03,0,-1.146E+03,-20.,-240.,0.;              0001031P0000517
142,0,1031,0,1035,2;                                             0001033P0000518
102,4,1037,1039,1041,1043;                                       0001035P0000519
110,-1.146E+03,-20.,-240.,-1.146E+03,-40.,-240.;                 0001037P0000520
110,-1.146E+03,-40.,-240.,-1.146E+03,-40.,240.;                  0001039P0000521
110,-1.146E+03,-40.,240.,-1.146E+03,-20.,240.;                   0001041P0000522
110,-1.146E+03,-20.,240.,-1.146E+03,-20.,-240.;                  0001043P0000523
144,1047,1,0,1049;                                               0001045P0000524
108,0.,1.,0.,-20.,0,-1.052E+03,-20.,0.,0.;                       0001047P0000525
142,0,1047,0,1051,2;                                             0001049P0000526
102,4,1053,1055,1057,1059;                                       0001051P0000527
110,-1.146E+03,-20.,240.,-958.,-20.,240.;                        0001053P0000528
110,-958.,-20.,240.,-958.,-20.,-240.;                            0001055P0000529
110,-958.,-20.,-240.,-1.146E+03,-20.,-240.;                      0001057P0000530
110,-1.146E+03,-20.,-240.,-1.146E+03,-20.,240.;                  0001059P0000531
144,1063,1,0,1065;                                               0001061P0000532
108,-0.,-1.,-0.,40.,0,-1.052E+03,-40.,0.,0.;                     0001063P0000533
142,0,1063,0,1067,2;                                             0001065P0000534
102,4,1069,1071,1073,1075;                                       0001067P0000535
110,-1.146E+03,-40.,240.,-1.146E+03,-40.,-240.;                  0001069P0000536
110,-1.146E+03,-40.,-240.,-958.,-40.,-240.;                      0001071P0000537
110,-958.,-40.,-240.,-958.,-40.,240.;                            0001073P0000538
110,-958.,-40.,240.,-1.146E+03,-40.,240.;                        0001075P0000539
402,6,1079,1095,1111,1127,1143,1159;                             0001077P0000540
144,1081,1,0,1083;                                               0001079P0000541
108,0.,2.2E-16,1.,240.,0,-1.344E+03,-20.,240.,0.;                0001081P0000542
142,0,1081,0,1085,2;                                             0001083P0000543
102,4,1087,1089,1091,1093;                                       0001085P0000544
110,-1.344E+03,-20.,240.,-1.344E+03,-40.,240.;                   0001087P0000545
110,-1.344E+03,-40.,240.,-1.156E+03,-40.,240.;                   0001089P0000546
110,-1.156E+03,-40.,240.,-1.156E+03,-20.,240.;                   0001091P0000547
110,-1.156E+03,-20.,240.,-1.344E+03,-20.,240.;                   0001093P0000548
144,1097,1,0,1099;                                               0001095P0000549
108,1.,0.,0.,-1.156E+03,0,-1.156E+03,-20.,240.,0.;               0001097P0000550
142,0,1097,0,1101,2;                                             0001099P0000551
102,4,1103,1105,1107,1109;                                       0001101P0000552
110,-1.156E+03,-20.,240.,-1.156E+03,-40.,240.;                   0001103P0000553
110,-1.156E+03,-40.,240.,-1.156E+03,-40.,-240.;                  0001105P0000554
110,-1.156E+03,-40.,-240.,-1.156E+03,-20.,-240.;                 0001107P0000555
110,-1.156E+03,-20.,-240.,-1.156E+03,-20.,240.;                  0001109P0000556
144,1113,1,0,1115;                                               0001111P0000557
108,0.,-2.2E-16,-1.,240.,0,-1.156E+03,-20.,-240.,0.;             0001113P0000558
142,0,1113,0,1117,2;                                             0001115P0000559
102,4,1119,1121,1123,1125;                                       0001117P0000560
110,-1.156E+03,-20.,-240.,-1.156E+03,-40.,-240.;                 0001119P0000561
110,-1.156E+03,-40.,-240.,-1.344E+03,-40.,-240.;                 0001121P0000562
110,-1.344E+03,-40.,-240.,-1.344E+03,-20.,-240.;                 0001123P0000563
110,-1.344E+03,-20.,-240.,-1.156E+03,-20.,-240.;                 0001125P0000564
144,1129,1,0,1131;                                               0001127P0000565
108,-1.,0.,0.,1.344E+03,0,-1.344E+03,-20.,-240.,0.;              0001129P0000566
142,0,1129,0,1133,2;                                             0001131P0000567
102,4,1135,1137,1139,1141;                                       0001133P0000568
110,-1.344E+03,-20.,-240.,-1.344E+03,-40.,-240.;                 0001135P0000569
110,-1.344E+03,-40.,-240.,-1.344E+03,-40.,240.;                  0001137P0000570
110,-1.344E+03,-40.,240.,-1.344E+03,-20.,240.;                   0001139P0000571
110,-1.344E+03,-20.,240.,-1.344E+03,-20.,-240.;                  0001141P0000572
144,1145,1,0,1147;                                               0001143P0000573
108,0.,1.,0.,-20.,0,-1.25E+03,-20.,0.,0.;                        0001145P0000574
142,0,1145,0,1149,2;                                             0001147P0000575
102,4,1151,1153,1155,1157;                                       0001149P0000576
110,-1.344E+03,-20.,240.,-1.156E+03,-20.,240.;                   0001151P0000577
110,-1.156E+03,-20.,240.,-1.156E+03,-20.,-240.;                  0001153P0000578
110,-1.156E+03,-20.,-240.,-1.344E+03,-20.,-240.;                 0001155P0000579
110,-1.344E+03,-20.,-240.,-1.344E+03,-20.,240.;                  0001157P0000580
144,1161,1,0,1163;                                               0001159P0000581
108,-0.,-1.,-0.,40.,0,-1.25E+03,-40.,0.,0.;                      0001161P0000582
142,0,1161,0,1165,2;                                             0001163P0000583
102,4,1167,1169,1171,1173;                                       0001165P0000584
110,-1.344E+03,-40.,240.,-1.344E+03,-40.,-240.;                  0001167P0000585
110,-1.344E+03,-40.,-240.,-1.156E+03,-40.,-240.;                 0001169P0000586
110,-1.156E+03,-40.,-240.,-1.156E+03,-40.,240.;                  0001171P0000587
110,-1.156E+03,-40.,240.,-1.344E+03,-40.,240.;                   0001173P0000588
402,6,1177,1193,1209,1225,1241,1257;                             0001175P0000589
144,1179,1,0,1181;                                               0001177P0000590
108,0.,2.2E-16,1.,240.,0,-1.542E+03,-20.,240.,0.;                0001179P0000591
142,0,1179,0,1183,2;                                             0001181P0000592
102,4,1185,1187,1189,1191;                                       0001183P0000593
110,-1.542E+03,-20.,240.,-1.542E+03,-40.,240.;                   0001185P0000594
110,-1.542E+03,-40.,240.,-1.354E+03,-40.,240.;                   0001187P0000595
110,-1.354E+03,-40.,240.,-1.354E+03,-20.,240.;                   0001189P0000596
110,-1.354E+03,-20.,240.,-1.542E+03,-20.,240.;                   0001191P0000597
144,1195,1,0,1197;                                               0001193P0000598
108,1.,0.,0.,-1.354E+03,0,-1.354E+03,-20.,240.,0.;               0001195P0000599
142,0,1195,0,1199,2;                                             0001197P0000600
102,4,1201,1203,1205,1207;                                       0001199P0000601
110,-1.354E+03,-20.,240.,-1.354E+03,-40.,240.;                   0001201P0000602
110,-1.354E+03,-40.,240.,-1.354E+03,-40.,-240.;                  0001203P0000603
110,-1.354E+03,-40.,-240.,-1.354E+03,-20.,-240.;                 0001205P0000604
110,-1.354E+03,-20.,-240.,-1.354E+03,-20.,240.;                  0001207P0000605
144,1211,1,0,1213;                                               0001209P0000606
108,0.,-2.2E-16,-1.,240.,0,-1.354E+03,-20.,-240.,0.;             0001211P0000607
142,0,1211,0,1215,2;                                             0001213P0000608
102,4,1217,1219,1221,1223;                                       0001215P0000609
110,-1.354E+03,-20.,-240.,-1.354E+03,-40.,-240.;                 0001217P0000610
110,-1.354E+03,-40.,-240.,-1.542E+03,-40.,-240.;                 0001219P0000611
110,-1.542E+03,-40.,-240.,-1.542E+03,-20.,-240.;                 0001221P0000612
110,-1.542E+03,-20.,-240.,-1.354E+03,-20.,-240.;                 0001223P0000613
144,1227,1,0,1229;                                               0001225P0000614
108,-1.,0.,0.,1.542E+03,0,-1.542E+03,-20.,-240.,0.;              0001227P0000615
142,0,1227,0,1231,2;                                             0001229P0000616
102,4,1233,1235,1237,1239;                                       0001231P0000617
110,-1.542E+03,-20.,-240.,-1.542E+03,-40.,-240.;                 0001233P0000618
110,-1.542E+03,-40.,-240.,-1.542E+03,-40.,240.;                  0001235P0000619
110,-1.542E+03,-40.,240.,-1.542E+03,-20.,240.;                   0001237P0000620
110,-1.542E+03,-20.,240.,-1.542E+03,-20.,-240.;                  0001239P0000621
144,1243,1,0,1245;                                               0001241P0000622
108,0.,1.,0.,-20.,0,-1.448E+03,-20.,0.,0.;                       0001243P0000623
142,0,1243,0,1247,2;                                             0001245P0000624
102,4,1249,1251,1253,1255;                                       0001247P0000625
110,-1.542E+03,-20.,240.,-1.354E+03,-20.,240.;                   0001249P0000626
110,-1.354E+03,-20.,240.,-1.354E+03,-20.,-240.;                  0001251P0000627
110,-1.354E+03,-20.,-240.,-1.542E+03,-20.,-240.;                 0001253P0000628
110,-1.542E+03,-20.,-240.,-1.542E+03,-20.,240.;                  0001255P0000629
144,1259,1,0,1261;                                               0001257P0000630
108,-0.,-1.,-0.,40.,0,-1.448E+03,-40.,0.,0.;                     0001259P0000631
142,0,1259,0,1263,2;                                             0001261P0000632
102,4,1265,1267,1269,1271;                                       0001263P0000633
110,-1.542E+03,-40.,240.,-1.542E+03,-40.,-240.;                  0001265P0000634
110,-1.542E+03,-40.,-240.,-1.354E+03,-40.,-240.;                 0001267P0000635
110,-1.354E+03,-40.,-240.,-1.354E+03,-40.,240.;                  0001269P0000636
110,-1.354E+03,-40.,240.,-1.542E+03,-40.,240.;                   0001271P0000637
402,6,1275,1291,1307,1323,1339,1355;                             0001273P0000638
144,1277,1,0,1279;                                               0001275P0000639
108,0.,2.2E-16,1.,240.,0,-1.74E+03,-20.,240.,0.;                 0001277P0000640
142,0,1277,0,1281,2;                                             0001279P0000641
102,4,1283,1285,1287,1289;                                       0001281P0000642
110,-1.74E+03,-20.,240.,-1.74E+03,-40.,240.;                     0001283P0000643
110,-1.74E+03,-40.,240.,-1.552E+03,-40.,240.;                    0001285P0000644
110,-1.552E+03,-40.,240.,-1.552E+03,-20.,240.;                   0001287P0000645
110,-1.552E+03,-20.,240.,-1.74E+03,-20.,240.;                    0001289P0000646
144,1293,1,0,1295;                                               0001291P0000647
108,1.,0.,0.,-1.552E+03,0,-1.552E+03,-20.,240.,0.;               0001293P0000648
142,0,1293,0,1297,2;                                             0001295P0000649
102,4,1299,1301,1303,1305;                                       0001297P0000650
110,-1.552E+03,-20.,240.,-1.552E+03,-40.,240.;                   0001299P0000651
110,-1.552E+03,-40.,240.,-1.552E+03,-40.,-240.;                  0001301P0000652
110,-1.552E+03,-40.,-240.,-1.552E+03,-20.,-240.;                 0001303P0000653
110,-1.552E+03,-20.,-240.,-1.552E+03,-20.,240.;                  0001305P0000654
144,1309,1,0,1311;                                               0001307P0000655
108,0.,-2.2E-16,-1.,240.,0,-1.552E+03,-20.,-240.,0.;             0001309P0000656
142,0,1309,0,1313,2;                                             0001311P0000657
102,4,1315,1317,1319,1321;                                       0001313P0000658
110,-1.552E+03,-20.,-240.,-1.552E+03,-40.,-240.;                 0001315P0000659
110,-1.552E+03,-40.,-240.,-1.74E+03,-40.,-240.;                  0001317P0000660
110,-1.74E+03,-40.,-240.,-1.74E+03,-20.,-240.;                   0001319P0000661
110,-1.74E+03,-20.,-240.,-1.552E+03,-20.,-240.;                  0001321P0000662
144,1325,1,0,1327;                                               0001323P0000663
108,-1.,0.,0.,1.74E+03,0,-1.74E+03,-20.,-240.,0.;                0001325P0000664
142,0,1325,0,1329,2;                                             0001327P0000665
102,4,1331,1333,1335,1337;                                       0001329P0000666
110,-1.74E+03,-20.,-240.,-1.74E+03,-40.,-240.;                   0001331P0000667
110,-1.74E+03,-40.,-240.,-1.74E+03,-40.,240.;                    0001333P0000668
110,-1.74E+03,-40.,240.,-1.74E+03,-20.,240.;                     0001335P0000669
110,-1.74E+03,-20.,240.,-1.74E+03,-20.,-240.;                    0001337P0000670
144,1341,1,0,1343;                                               0001339P0000671
108,0.,1.,0.,-20.,0,-1.646E+03,-20.,0.,0.;                       0001341P0000672
142,0,1341,0,1345,2;                                             0001343P0000673
102,4,1347,1349,1351,1353;                                       0001345P0000674
110,-1.74E+03,-20.,240.,-1.552E+03,-20.,240.;                    0001347P0000675
110,-1.552E+03,-20.,240.,-1.552E+03,-20.,-240.;                  0001349P0000676
110,-1.552E+03,-20.,-240.,-1.74E+03,-20.,-240.;                  0001351P0000677
110,-1.74E+03,-20.,-240.,-1.74E+03,-20.,240.;                    0001353P0000678
144,1357,1,0,1359;                                               0001355P0000679
108,-0.,-1.,-0.,40.,0,-1.646E+03,-40.,0.,0.;                     0001357P0000680
142,0,1357,0,1361,2;                                             0001359P0000681
102,4,1363,1365,1367,1369;                                       0001361P0000682
110,-1.74E+03,-40.,240.,-1.74E+03,-40.,-240.;                    0001363P0000683
110,-1.74E+03,-40.,-240.,-1.552E+03,-40.,-240.;                  0001365P0000684
110,-1.552E+03,-40.,-240.,-1.552E+03,-40.,240.;                  0001367P0000685
110,-1.552E+03,-40.,240.,-1.74E+03,-40.,240.;                    0001369P0000686
402,6,1373,1391,1423,1481,1535,1545;                             0001371P0000687
144,1375,1,1,1377,1389;                                          0001373P0000688
108,-1.1E-16,-1.,1.1E-16,1.15E+03,0,-1.2768E-13,-1.15E+03,       0001375P0000689
1.2768E-13,0.;                                                   0001375P0000690
142,0,1375,0,1379,2;                                             0001377P0000691
102,2,1381,1385;                                                 0001379P0000692
100,0.,0.,0.,-2.523638979E-13,-20.,20.,-4.898587197E-15;         0001381P0000693
124,-1.,6.38E-15,-1.1E-16,-1.2768E-13,1.1E-16,-1.1E-16,-1.,      0001383P0000694
-1.15E+03,-6.38E-15,-1.,1.1E-16,1.2768E-13;                      0001383P0000695
100,0.,0.,0.,20.,0.,-2.523638979E-13,-20.;                       0001385P0000696
124,-1.,6.38E-15,-1.1E-16,-1.2768E-13,1.1E-16,-1.1E-16,-1.,      0001387P0000697
-1.15E+03,-6.38E-15,-1.,1.1E-16,1.2768E-13;                      0001387P0000698
142,0,1375,0,0,2;                                                0001389P0000699
144,1393,1,0,1401;                                               0001391P0000700
120,1397,1399,4.71238898,6.283185307;                            0001393P0000701
124,-1.,-6.38E-15,1.1E-16,-1.2768E-13,1.1E-16,1.1E-16,1.,        0001395P0000702
-1.15E+03,-6.38E-15,1.,-1.1E-16,1.2768E-13;                      0001395P0000703
110,0.,0.,1.,0.,0.,0.;                                           0001397P0000704
110,20.,0.,0.,20.,0.,20.;                                        0001399P0000705
142,0,1393,1403,1411,3;                                          0001401P0000706
102,3,1405,1407,1409;                                            0001403P0000707
110,1.,6.283185307,0.,0.,6.283185307,0.;                         0001405P0000708
110,0.,6.283185307,0.,-1.743934249E-17,4.71238898,0.;            0001407P0000709
126,15,8,1,0,1,0,3.141592588,3.141592588,3.141592588,            0001409P0000710
3.141592588,3.141592588,3.141592588,3.141592588,3.141592588,     0001409P0000711
3.141592588,3.141592621,3.141592621,3.141592621,3.141592621,     0001409P0000712
3.141592621,3.141592621,3.141592621,4.712388915,4.712388915,     0001409P0000713
4.712388915,4.712388915,4.712388915,4.712388915,4.712388915,     0001409P0000714
4.712388915,4.712388915,1.,1.,1.,1.,1.,1.,1.,1.,1.,1.,1.,1.,1.,  0001409P0000715
1.,1.,1.,1.080925585E-14,4.71238898,0.,1.08092557E-14,           0001409P0000716
4.712388985,0.,1.082861469E-14,4.712388989,0.,1.086733283E-14,   0001409P0000717
4.712388993,0.,1.092541011E-14,4.712388997,0.,1.100284653E-14,   0001409P0000718
4.712389001,0.,1.109964209E-14,4.712389005,0.,1.12157968E-14,    0001409P0000719
4.712389009,0.,6.464983903E-09,4.90873855,0.,4.406078707E-02,    0001409P0000720
5.105088087,0.,0.132181967,5.301437624,0.,0.260741263,           0001409P0000721
5.49778716,0.,0.42248675,5.694136697,0.,0.60730088,5.890486234,  0001409P0000722
0.,0.803650463,6.08683577,0.,1.,6.283185307,0.,3.141592588,      0001409P0000723
4.712388915,-0.,-0.,1.;                                          0001409P0000724
102,3,1413,1415,1419;                                            0001411P0000725
110,-20.,-1.13E+03,0.,-20.,-1.15E+03,0.;                         0001413P0000726
100,0.,0.,0.,20.,0.,-2.474653107E-13,20.;                        0001415P0000727
124,-1.,-6.38E-15,1.1E-16,-1.2768E-13,1.1E-16,1.1E-16,1.,        0001417P0000728
-1.15E+03,-6.38E-15,1.,-1.1E-16,1.2768E-13;                      0001417P0000729
104,1.25E-03,0.,2.5E-03,0.,-0.,-1.,0.,-28.284271247,             0001419P0000730
1.179124882E-13,0.,-20.;                                         0001419P0000731
124,8.E-17,1.,-8.E-17,-1.2768E-13,0.707106781,-1.13137085E-16,   0001421P0000732
-0.707106781,-1.13E+03,-0.707106781,1.232595164E-32,             0001421P0000733
-0.707106781,1.2768E-13;                                         0001421P0000734
144,1425,1,0,1433;                                               0001423P0000735
120,1429,1431,0.,6.283185307;                                    0001425P0000736
124,-1.,-6.38E-15,1.1E-16,-1.2768E-13,1.1E-16,1.1E-16,1.,        0001427P0000737
-1.15E+03,-6.38E-15,1.,-1.1E-16,1.2768E-13;                      0001427P0000738
110,0.,0.,1.,0.,0.,0.;                                           0001429P0000739
110,20.,0.,0.,20.,0.,652.;                                       0001431P0000740
142,0,1425,1435,1453,3;                                          0001433P0000741
102,8,1437,1439,1441,1443,1445,1447,1449,1451;                   0001435P0000742
110,-5.349491561E-19,4.71238898,0.,-2.139796625E-18,0.,0.;       0001437P0000743
110,-2.139796625E-18,1.776356839E-15,0.,3.067484663E-02,         0001439P0000744
6.217248938E-15,0.;                                              0001439P0000745
110,3.067484663E-02,6.217248938E-15,0.,1.,1.465494393E-13,0.;    0001441P0000746
110,1.,1.447730824E-13,0.,1.,6.283185307,0.;                     0001443P0000747
110,1.,6.283185307,0.,3.067484663E-02,6.283185307,0.;            0001445P0000748
126,8,8,1,0,1,0,4.71238898,4.71238898,4.71238898,4.71238898,     0001447P0000749
4.71238898,4.71238898,4.71238898,4.71238898,4.71238898,          0001447P0000750
6.283185307,6.283185307,6.283185307,6.283185307,6.283185307,     0001447P0000751
6.283185307,6.283185307,6.283185307,6.283185307,1.,1.,1.,1.,1.,  0001447P0000752
1.,1.,1.,1.,3.067484663E-02,6.283185307,0.,3.669783868E-02,      0001447P0000753
6.086835766,0.,4.272083216E-02,5.890486225,0.,4.838997734E-02,   0001447P0000754
5.694136685,0.,5.335149542E-02,5.497787144,0.,5.72950321E-02,    0001447P0000755
5.301437603,0.,5.999813571E-02,5.105088062,0.,6.134969325E-02,   0001447P0000756
4.908738521,0.,6.134969325E-02,4.71238898,0.,4.71238898,         0001447P0000757
6.283185307,-0.,-0.,1.;                                          0001447P0000758
126,8,8,1,0,1,0,0.,0.,0.,0.,0.,0.,0.,0.,0.,1.570796261,          0001449P0000759
1.570796261,1.570796261,1.570796261,1.570796261,1.570796261,     0001449P0000760
1.570796261,1.570796261,1.570796261,1.,1.,1.,1.,1.,1.,1.,1.,1.,  0001449P0000761
6.134969325E-02,4.71238898,0.,6.134969325E-02,4.516039448,0.,    0001449P0000762
5.999813582E-02,4.319689915,0.,5.729503244E-02,4.123340383,0.,   0001449P0000763
5.335149608E-02,3.92699085,0.,4.838997838E-02,3.730641317,0.,    0001449P0000764
4.272083358E-02,3.534291785,0.,3.669784044E-02,3.337942252,0.,   0001449P0000765
3.067484865E-02,3.141592719,0.,0.,1.570796261,-0.,-0.,1.;        0001449P0000766
126,8,8,1,0,1,0,1.570796327,1.570796327,1.570796327,1.570796327, 0001451P0000767
1.570796327,1.570796327,1.570796327,1.570796327,1.570796327,     0001451P0000768
3.141592588,3.141592588,3.141592588,3.141592588,3.141592588,     0001451P0000769
3.141592588,3.141592588,3.141592588,3.141592588,1.,1.,1.,1.,1.,  0001451P0000770
1.,1.,1.,1.,3.067484461E-02,3.141592719,0.,2.465185281E-02,      0001451P0000771
3.337942252,0.,1.862885967E-02,3.534291785,0.,1.295971487E-02,   0001451P0000772
3.730641317,0.,7.998197174E-03,3.92699085,0.,4.054660815E-03,    0001451P0000773
4.123340383,0.,1.351557432E-03,4.319689915,0.,5.548127177E-16,   0001451P0000774
4.516039448,0.,3.315722654E-16,4.71238898,0.,1.570796327,        0001451P0000775
3.141592588,-0.,-0.,1.;                                          0001451P0000776
102,8,1455,1459,1461,1463,1467,1469,1473,1477;                   0001453P0000777
100,0.,0.,0.,-2.474653107E-13,20.,20.,-4.898587197E-15;          0001455P0000778
124,-1.,-6.38E-15,1.1E-16,-1.2768E-13,1.1E-16,1.1E-16,1.,        0001457P0000779
-1.15E+03,-6.38E-15,1.,-1.1E-16,1.2768E-13;                      0001457P0000780
110,-20.,-1.15E+03,0.,-20.,-1.13E+03,0.;                         0001459P0000781
110,-20.,-1.13E+03,0.,-20.,-498.,0.;                             0001461P0000782
100,0.,0.,0.,20.,0.,20.,0.;                                      0001463P0000783
124,-1.,2.76E-15,-1.1E-16,-5.529E-14,1.1E-16,-1.1E-16,-1.,-498., 0001465P0000784
-2.76E-15,-1.,1.1E-16,5.529E-14;                                 0001465P0000785
110,-20.,-498.,0.,-20.,-1.13E+03,0.;                             0001467P0000786
104,1.25E-03,0.,2.5E-03,0.,-0.,-1.,0.,0.,-20.,28.284271247,      0001469P0000787
-4.898587197E-15;                                                0001469P0000788
124,8.E-17,1.,8.E-17,-1.2768E-13,0.707106781,-1.13137085E-16,    0001471P0000789
0.707106781,-1.13E+03,0.707106781,0.,-0.707106781,1.2768E-13;    0001471P0000790
104,1.25E-03,0.,2.5E-03,0.,-0.,-1.,0.,28.284271247,              0001473P0000791
2.524354897E-29,1.862566478E-06,20.;                             0001473P0000792
124,8.E-17,1.,8.E-17,-1.2768E-13,0.707106781,-1.13137085E-16,    0001475P0000793
0.707106781,-1.13E+03,0.707106781,0.,-0.707106781,1.2768E-13;    0001475P0000794
104,1.25E-03,0.,2.5E-03,0.,-0.,-1.,0.,-1.862566364E-06,20.,      0001477P0000795
-28.284271247,1.179124882E-13;                                   0001477P0000796
124,8.E-17,1.,-8.E-17,-1.2768E-13,0.707106781,-1.13137085E-16,   0001479P0000797
-0.707106781,-1.13E+03,-0.707106781,1.232595164E-32,             0001479P0000798
-0.707106781,1.2768E-13;                                         0001479P0000799
144,1483,1,0,1491;                                               0001481P0000800
120,1487,1489,6.283185307,12.566370614;                          0001483P0000801
124,1.,0.,0.,0.,0.,-1.,0.,-1.13E+03,0.,0.,-1.,0.;                0001485P0000802
110,0.,0.,1.,0.,0.,0.;                                           0001487P0000803
110,20.,0.,-40.,20.,0.,0.;                                       0001489P0000804
142,0,1483,1493,1509,3;                                          0001491P0000805
102,7,1495,1497,1499,1501,1503,1505,1507;                        0001493P0000806
110,-1.110223025E-16,6.283185307,0.,1.,6.283185307,0.;           0001495P0000807
126,8,8,1,0,1,0,0.,0.,0.,0.,0.,0.,0.,0.,0.,1.570796261,          0001497P0000808
1.570796261,1.570796261,1.570796261,1.570796261,1.570796261,     0001497P0000809
1.570796261,1.570796261,1.570796261,1.,1.,1.,1.,1.,1.,1.,1.,1.,  0001497P0000810
0.999999967,6.283185373,0.,0.901825201,6.479534906,0.,           0001497P0000811
0.803650413,6.675884438,0.,0.711243352,6.872233971,0.,           0001497P0000812
0.630370614,7.068583504,0.,0.566090971,7.264933036,0.,           0001497P0000813
0.522030386,7.461282569,0.,0.5,7.657632101,0.,0.5,7.853981634,   0001497P0000814
0.,0.,1.570796261,-0.,-0.,1.;                                    0001497P0000815
126,8,8,1,0,1,0,4.712388949,4.712388949,4.712388949,4.712388949, 0001499P0000816
4.712388949,4.712388949,4.712388949,4.712388949,4.712388949,     0001499P0000817
6.283185275,6.283185275,6.283185275,6.283185275,6.283185275,     0001499P0000818
6.283185275,6.283185275,6.283185275,6.283185275,1.,1.,1.,1.,1.,  0001499P0000819
1.,1.,1.,1.,0.5,7.853981634,0.,0.5,8.050331175,0.,0.522030388,   0001499P0000820
8.246680716,0.,0.566090977,8.443030257,0.,0.630370625,           0001499P0000821
8.639379797,0.,0.711243369,8.835729338,0.,0.803650436,           0001499P0000822
9.032078879,0.,0.90182523,9.22842842,0.,1.,9.424777961,0.,       0001499P0000823
4.712388949,6.283185275,-0.,-0.,1.;                              0001499P0000824
126,15,8,1,0,1,0,1.570796327,1.570796327,1.570796327,            0001501P0000825
1.570796327,1.570796327,1.570796327,1.570796327,1.570796327,     0001501P0000826
1.570796327,3.141592621,3.141592621,3.141592621,3.141592621,     0001501P0000827
3.141592621,3.141592621,3.141592621,3.141592654,3.141592654,     0001501P0000828
3.141592654,3.141592654,3.141592654,3.141592654,3.141592654,     0001501P0000829
3.141592654,3.141592654,1.,1.,1.,1.,1.,1.,1.,1.,1.,1.,1.,1.,1.,  0001501P0000830
1.,1.,1.,1.,9.424777961,0.,0.901825232,9.621127498,0.,           0001501P0000831
0.80365044,9.817477034,0.,0.711243375,10.013826571,0.,           0001501P0000832
0.630370631,10.210176108,0.,0.566090984,10.406525644,0.,         0001501P0000833
0.522030394,10.602875181,0.,0.500000003,10.799224718,0.,0.5,     0001501P0000834
10.995574259,0.,0.5,10.995574263,0.,0.5,10.995574267,0.,0.5,     0001501P0000835
10.995574271,0.,0.5,10.995574275,0.,0.5,10.995574279,0.,0.5,     0001501P0000836
10.995574283,0.,0.5,10.995574288,0.,1.570796327,3.141592654,-0., 0001501P0000837
-0.,1.;                                                          0001501P0000838
126,8,8,1,0,1,0,3.141592654,3.141592654,3.141592654,3.141592654, 0001503P0000839
3.141592654,3.141592654,3.141592654,3.141592654,3.141592654,     0001503P0000840
4.712388915,4.712388915,4.712388915,4.712388915,4.712388915,     0001503P0000841
4.712388915,4.712388915,4.712388915,4.712388915,1.,1.,1.,1.,1.,  0001503P0000842
1.,1.,1.,1.,0.5,10.995574288,0.,0.5,11.19192382,0.,0.522030386,  0001503P0000843
11.388273353,0.,0.566090971,11.584622885,0.,0.630370614,         0001503P0000844
11.780972418,0.,0.711243352,11.977321951,0.,0.803650413,         0001503P0000845
12.173671483,0.,0.901825201,12.370021016,0.,0.999999967,         0001503P0000846
12.566370549,0.,3.141592654,4.712388915,-0.,-0.,1.;              0001503P0000847
110,1.,12.566370614,0.,-1.110223025E-16,12.566370614,0.;         0001505P0000848
110,3.487868498E-17,12.566370614,0.,0.,6.283185307,0.;           0001507P0000849
102,7,1511,1513,1517,1521,1525,1529,1531;                        0001509P0000850
110,20.,-1.13E+03,40.,20.,-1.13E+03,0.;                          0001511P0000851
104,1.25E-03,0.,2.5E-03,0.,-0.,-1.,0.,1.862566478E-06,-20.,      0001513P0000852
28.284271247,-4.898587197E-15;                                   0001513P0000853
124,8.E-17,-1.,-8.E-17,-1.2768E-13,0.707106781,1.13137085E-16,   0001515P0000854
-0.707106781,-1.13E+03,0.707106781,0.,0.707106781,1.2768E-13;    0001515P0000855
104,1.25E-03,0.,2.5E-03,0.,-0.,-1.,0.,28.284271247,              0001517P0000856
-2.524354897E-29,0.,20.;                                         0001517P0000857
124,8.E-17,-1.,-8.E-17,-1.2768E-13,0.707106781,1.13137085E-16,   0001519P0000858
-0.707106781,-1.13E+03,0.707106781,0.,0.707106781,1.2768E-13;    0001519P0000859
104,1.25E-03,0.,2.5E-03,0.,-0.,-1.,0.,0.,20.,-28.284271247,      0001521P0000860
-1.13013901E-13;                                                 0001521P0000861
124,8.E-17,-1.,8.E-17,-1.2768E-13,0.707106781,1.13137085E-16,    0001523P0000862
0.707106781,-1.13E+03,-0.707106781,0.,0.707106781,1.2768E-13;    0001523P0000863
104,1.25E-03,0.,2.5E-03,0.,-0.,-1.,0.,-28.284271247,             0001525P0000864
-1.13013901E-13,-1.862566364E-06,-20.;                           0001525P0000865
124,8.E-17,-1.,8.E-17,-1.2768E-13,0.707106781,1.13137085E-16,    0001527P0000866
0.707106781,-1.13E+03,-0.707106781,0.,0.707106781,1.2768E-13;    0001527P0000867
110,20.,-1.13E+03,0.,20.,-1.13E+03,40.;                          0001529P0000868
100,0.,0.,0.,20.,0.,20.,0.;                                      0001531P0000869
124,1.,0.,0.,0.,0.,-1.,0.,-1.13E+03,0.,0.,-1.,40.;               0001533P0000870
144,1537,1,0,1539;                                               0001535P0000871
108,1.1E-16,1.,-1.1E-16,-498.,0,-5.529E-14,-498.,5.529E-14,0.;   0001537P0000872
142,0,1537,0,1541,2;                                             0001539P0000873
100,0.,0.,0.,20.,0.,20.,0.;                                      0001541P0000874
124,-1.,-2.76E-15,1.1E-16,-5.529E-14,1.1E-16,1.1E-16,1.,-498.,   0001543P0000875
-2.76E-15,1.,-1.1E-16,5.529E-14;                                 0001543P0000876
144,1547,1,0,1549;                                               0001545P0000877
108,0.,0.,1.,40.,0,-1.258E-14,-1.13E+03,40.,0.;                  0001547P0000878
142,0,1547,0,1551,2;                                             0001549P0000879
100,0.,0.,0.,20.,0.,20.,0.;                                      0001551P0000880
124,1.,0.,0.,0.,0.,1.,0.,-1.13E+03,0.,0.,1.,40.;                 0001553P0000881
402,3,1557,1593,1609;                                            0001555P0000882
144,1559,1,0,1569;                                               0001557P0000883
120,1563,1565,6.283185307,12.566370614;                          0001559P0000884
124,2.2E-16,-1.,-5.6E-16,-3.5416E-13,1.,2.2E-16,3.3E-16,         0001561P0000885
-1.13E+03,-3.3E-16,-5.6E-16,1.,186.;                             0001561P0000886
110,0.,0.,1.,0.,0.,0.;                                           0001563P0000887
100,0.,0.,0.,9.123618654E-15,-149.,149.,-1.006594902E-04;        0001565P0000888
124,1.,0.,0.,0.,0.,0.,-1.,0.,0.,1.,-0.,0.;                       0001567P0000889
142,0,1559,1571,1579,3;                                          0001569P0000890
102,3,1573,1575,1577;                                            0001571P0000891
110,-6.75567045E-07,12.566370614,0.,-1.570796327,12.566370614,   0001573P0000892
0.;                                                              0001573P0000893
110,-1.570796327,6.283185307,0.,-6.755670467E-07,6.283185307,0.; 0001575P0000894
110,-6.755670482E-07,6.283185307,0.,-6.755670468E-07,            0001577P0000895
12.566370614,0.;                                                 0001577P0000896
102,3,1581,1585,1589;                                            0001579P0000897
100,0.,0.,0.,149.,1.006594901E-04,0.,149.;                       0001581P0000898
124,-2.2E-16,3.3E-16,-1.,1.8896E-13,1.,-3.3E-16,-2.2E-16,        0001583P0000899
-1.13E+03,-3.3E-16,-1.,-3.3E-16,186.;                            0001583P0000900
100,0.,0.,0.,0.,-149.,149.,-1.006594901E-04;                     0001585P0000901
124,-2.2E-16,-3.3E-16,1.,1.8896E-13,1.,3.3E-16,2.2E-16,          0001587P0000902
-1.13E+03,-3.3E-16,1.,3.3E-16,186.;                              0001587P0000903
100,0.,0.,0.,149.,-3.786532345E-29,149.,-3.786532345E-29;        0001589P0000904
124,2.2E-16,1.,5.6E-16,-3.5416E-13,1.,-2.2E-16,-3.3E-16,         0001591P0000905
-1.13E+03,-3.3E-16,5.6E-16,-1.,185.999899341;                    0001591P0000906
144,1595,1,1,1597,1603;                                          0001593P0000907
108,-5.6E-16,3.3E-16,1.,185.999899341,0,-3.5416E-13,-1.13E+03,   0001595P0000908
185.999899341,0.;                                                0001595P0000909
142,0,1595,0,1599,2;                                             0001597P0000910
100,0.,0.,0.,149.,3.786532345E-29,149.,3.786532345E-29;          0001599P0000911
124,2.2E-16,-1.,-5.6E-16,-3.5416E-13,1.,2.2E-16,3.3E-16,         0001601P0000912
-1.13E+03,-3.3E-16,-5.6E-16,1.,185.999899341;                    0001601P0000913
142,0,1595,0,1605,2;                                             0001603P0000914
100,0.,0.,0.,145.,-3.786532345E-29,145.,-3.786532345E-29;        0001605P0000915
124,2.2E-16,1.,5.6E-16,-3.5416E-13,1.,-2.2E-16,-3.3E-16,         0001607P0000916
-1.13E+03,-3.3E-16,5.6E-16,-1.,185.999899341;                    0001607P0000917
144,1611,1,0,1621;                                               0001609P0000918
120,1615,1617,-6.283185307,0.;                                   0001611P0000919
124,2.2E-16,1.,-5.6E-16,-3.5416E-13,1.,-2.2E-16,3.3E-16,         0001613P0000920
-1.13E+03,-3.3E-16,5.6E-16,1.,186.;                              0001613P0000921
110,0.,0.,1.,0.,0.,0.;                                           0001615P0000922
100,0.,0.,0.,8.878689294E-15,-145.,145.,-1.0065949E-04;          0001617P0000923
124,1.,0.,0.,0.,0.,0.,-1.,0.,0.,1.,-0.,0.;                       0001619P0000924
142,0,1611,1623,1631,3;                                          0001621P0000925
102,3,1625,1627,1629;                                            0001623P0000926
110,-1.570796327,-6.283185307,0.,-6.942033801E-07,-6.283185307,  0001625P0000927
0.;                                                              0001625P0000928
110,-6.942033826E-07,-6.283185307,0.,-6.942033812E-07,           0001627P0000929
1.776356839E-15,0.;                                              0001627P0000930
110,-6.942033792E-07,1.395147245E-15,0.,-1.570796327,            0001629P0000931
1.046360549E-15,0.;                                              0001629P0000932
102,3,1633,1637,1641;                                            0001631P0000933
100,0.,0.,0.,0.,-145.,145.,-1.0065949E-04;                       0001633P0000934
124,-2.2E-16,-3.3E-16,1.,1.8896E-13,1.,3.3E-16,2.2E-16,          0001635P0000935
-1.13E+03,-3.3E-16,1.,3.3E-16,186.;                              0001635P0000936
100,0.,0.,0.,145.,3.786532345E-29,145.,3.786532345E-29;          0001637P0000937
124,2.2E-16,-1.,-5.6E-16,-3.5416E-13,1.,2.2E-16,3.3E-16,         0001639P0000938
-1.13E+03,-3.3E-16,-5.6E-16,1.,185.999899341;                    0001639P0000939
100,0.,0.,0.,145.,1.0065949E-04,0.,145.;                         0001641P0000940
124,-2.2E-16,3.3E-16,-1.,1.8896E-13,1.,-3.3E-16,-2.2E-16,        0001643P0000941
-1.13E+03,-3.3E-16,-1.,-3.3E-16,186.;                            0001643P0000942
402,3,1647,1657,1693;                                            0001645P0000943
144,1649,1,0,1651;                                               0001647P0000944
108,-3.3E-16,3.3E-16,1.,950.,0,-3.1641E-13,3.1641E-13,950.,0.;   0001649P0000945
142,0,1649,0,1653,2;                                             0001651P0000946
100,0.,0.,0.,20.,0.,20.,0.;                                      0001653P0000947
124,1.,5.27E-15,-3.3E-16,-3.1641E-13,-5.27E-15,1.,3.3E-16,       0001655P0000948
3.1641E-13,3.3E-16,-3.3E-16,1.,950.;                             0001655P0000949
144,1659,1,0,1667;                                               0001657P0000950
120,1663,1665,0.,6.283185307;                                    0001659P0000951
124,1.,-5.27E-15,3.3E-16,-3.1641E-13,-5.27E-15,-1.,-3.3E-16,     0001661P0000952
3.1641E-13,3.3E-16,3.3E-16,-1.,950.;                             0001661P0000953
110,0.,0.,1.,0.,0.,0.;                                           0001663P0000954
110,20.,0.,0.,20.,0.,452.;                                       0001665P0000955
142,0,1659,1669,1679,3;                                          0001667P0000956
102,4,1671,1673,1675,1677;                                       0001669P0000957
110,0.,6.283185307,0.,-3.08660929E-18,0.,0.;                     0001671P0000958
110,-3.08660929E-18,1.776356839E-15,0.,1.,1.021405183E-13,0.;    0001673P0000959
110,1.,1.003641614E-13,0.,1.,6.283185307,0.;                     0001675P0000960
110,1.,6.283185307,0.,0.,6.283185307,0.;                         0001677P0000961
102,4,1681,1685,1687,1691;                                       0001679P0000962
100,0.,0.,0.,20.,0.,20.,0.;                                      0001681P0000963
124,1.,-5.27E-15,3.3E-16,-3.1641E-13,-5.27E-15,-1.,-3.3E-16,     0001683P0000964
3.1641E-13,3.3E-16,3.3E-16,-1.,950.;                             0001683P0000965
110,20.,-2.1094E-13,950.,20.,-1.115E-13,498.;                    0001685P0000966
100,0.,0.,0.,20.,0.,20.,0.;                                      0001687P0000967
124,1.,2.76E-15,-3.3E-16,-1.6587E-13,-2.76E-15,1.,3.3E-16,       0001689P0000968
1.6587E-13,3.3E-16,-3.3E-16,1.,498.;                             0001689P0000969
110,20.,-1.115E-13,498.,20.,-2.1094E-13,950.;                    0001691P0000970
144,1695,1,0,1697;                                               0001693P0000971
108,3.3E-16,-3.3E-16,-1.,-498.,0,-1.6587E-13,1.6587E-13,498.,0.; 0001695P0000972
142,0,1695,0,1699,2;                                             0001697P0000973
100,0.,0.,0.,20.,0.,20.,0.;                                      0001699P0000974
124,1.,-2.76E-15,3.3E-16,-1.6587E-13,-2.76E-15,-1.,-3.3E-16,     0001701P0000975
1.6587E-13,3.3E-16,3.3E-16,-1.,498.;                             0001701P0000976
402,3,1705,1741,1757;                                            0001703P0000977
144,1707,1,0,1717;                                               0001705P0000978
120,1711,1713,-6.283185307,0.;                                   0001707P0000979
124,1.,0.,0.,0.,0.,-1.,2.2E-16,3.0198E-13,0.,2.2E-16,1.,         0001709P0000980
1.36E+03;                                                        0001709P0000981
110,0.,0.,1.,0.,0.,0.;                                           0001711P0000982
100,0.,0.,0.,2.449293598E-14,-400.,361.727272727,-170.743609442; 0001713P0000983
124,1.,0.,0.,0.,0.,0.,-1.,0.,0.,1.,-0.,0.;                       0001715P0000984
142,0,1707,1719,1727,3;                                          0001717P0000985
102,3,1721,1723,1725;                                            0001719P0000986
110,-1.570796327,-6.283185307,0.,-0.441016609,-6.283185307,0.;   0001721P0000987
110,-0.441016609,-6.283185307,0.,-0.441016609,1.776356839E-15,   0001723P0000988
0.;                                                              0001723P0000989
110,-0.441016609,1.29722204E-15,0.,-1.570796327,1.046360549E-15, 0001725P0000990
0.;                                                              0001725P0000991
102,3,1729,1733,1737;                                            0001727P0000992
100,0.,0.,0.,-7.347880795E-14,-400.,361.727272727,               0001729P0000993
-170.743609442;                                                  0001729P0000994
124,1.,0.,0.,0.,0.,-2.2E-16,-1.,-3.0198E-13,0.,1.,-2.2E-16,      0001731P0000995
1.36E+03;                                                        0001731P0000996
100,0.,0.,0.,361.727272727,0.,361.727272727,0.;                  0001733P0000997
124,1.,0.,0.,0.,0.,1.,2.2E-16,2.6407E-13,0.,-2.2E-16,1.,         0001735P0000998
1.189256391E+03;                                                 0001735P0000999
100,0.,0.,0.,361.727272727,170.743609442,2.449293598E-14,400.;   0001737P0001000
124,1.,0.,0.,0.,0.,2.2E-16,1.,-3.0198E-13,0.,-1.,2.2E-16,        0001739P0001001
1.36E+03;                                                        0001739P0001002
144,1743,1,1,1745,1751;                                          0001741P0001003
108,-0.,2.2E-16,1.,1.189256391E+03,0,0.,2.6407E-13,              0001743P0001004
1.189256391E+03,0.;                                              0001743P0001005
142,0,1743,0,1747,2;                                             0001745P0001006
100,0.,0.,0.,383.727272727,0.,383.727272727,0.;                  0001747P0001007
124,1.,0.,0.,0.,0.,1.,2.2E-16,2.6407E-13,0.,-2.2E-16,1.,         0001749P0001008
1.189256391E+03;                                                 0001749P0001009
142,0,1743,0,1753,2;                                             0001751P0001010
100,0.,0.,0.,361.727272727,0.,361.727272727,0.;                  0001753P0001011
124,1.,0.,0.,0.,0.,-1.,-2.2E-16,2.6407E-13,0.,2.2E-16,-1.,       0001755P0001012
1.189256391E+03;                                                 0001755P0001013
144,1759,1,0,1769;                                               0001757P0001014
120,1763,1765,6.283185307,12.566370614;                          0001759P0001015
124,1.,0.,0.,0.,0.,1.,2.2E-16,3.0198E-13,0.,-2.2E-16,1.,         0001761P0001016
1.36E+03;                                                        0001761P0001017
110,0.,0.,1.,0.,0.,0.;                                           0001763P0001018
100,0.,0.,0.,2.571758278E-14,-420.,383.727272727,-170.743609442; 0001765P0001019
124,1.,0.,0.,0.,0.,0.,-1.,0.,0.,1.,-0.,0.;                       0001767P0001020
142,0,1759,1771,1779,3;                                          0001769P0001021
102,3,1773,1775,1777;                                            0001771P0001022
110,-0.418655463,12.566370614,0.,-1.570796327,12.566370614,0.;   0001773P0001023
110,-1.570796327,6.283185307,0.,-0.418655463,6.283185307,0.;     0001775P0001024
110,-0.418655463,6.283185307,0.,-0.418655463,12.566370614,0.;    0001777P0001025
102,3,1781,1785,1789;                                            0001779P0001026
100,0.,0.,0.,383.727272727,170.743609442,2.571758278E-14,420.;   0001781P0001027
124,1.,0.,0.,0.,0.,2.2E-16,1.,-3.0198E-13,0.,-1.,2.2E-16,        0001783P0001028
1.36E+03;                                                        0001783P0001029
100,0.,0.,0.,-7.715274835E-14,-420.,383.727272727,               0001785P0001030
-170.743609442;                                                  0001785P0001031
124,1.,0.,0.,0.,0.,-2.2E-16,-1.,-3.0198E-13,0.,1.,-2.2E-16,      0001787P0001032
1.36E+03;                                                        0001787P0001033
100,0.,0.,0.,383.727272727,0.,383.727272727,0.;                  0001789P0001034
124,1.,0.,0.,0.,0.,-1.,-2.2E-16,2.6407E-13,0.,2.2E-16,-1.,       0001791P0001035
1.189256391E+03;                                                 0001791P0001036
S      1G      4D   1792P   1036                                        T0000001
