ISO-10303-21;
HEADER;
FILE_DESCRIPTION (( 'STEP AP214' ),
    '1' );
FILE_NAME ('手柄-开源3.STEP',
    '2024-02-26T06:34:22',
    ( '' ),
    ( '' ),
    'SwSTEP 2.0',
    'SolidWorks 2022',
    '' );
FILE_SCHEMA (( 'AUTOMOTIVE_DESIGN' ));
ENDSEC;

DATA;
#1 = CARTESIAN_POINT ( 'NONE',  ( -24.35616985790235134, 47.34506159397117386, 13.82406061998751134 ) ) ;
#2 = CARTESIAN_POINT ( 'NONE',  ( 55.42605788361589703, 49.82543146257561517, 13.85137221629148918 ) ) ;
#3 = CARTESIAN_POINT ( 'NONE',  ( -27.73438612798531366, 49.08155108540407952, 9.150906526717777822 ) ) ;
#4 = CARTESIAN_POINT ( 'NONE',  ( 1.324658469967685770, 45.80275187171746154, 5.206235628920806491 ) ) ;
#5 = CARTESIAN_POINT ( 'NONE',  ( 55.63030110107261805, 49.26135788540010196, 14.99999859384042189 ) ) ;
#6 = CARTESIAN_POINT ( 'NONE',  ( 67.30003568203389364, 14.81270082222652107, 0.2206240242886148561 ) ) ;
#7 = CARTESIAN_POINT ( 'NONE',  ( -26.55428879240100315, 24.63215301613432828, 9.054091853297640213 ) ) ;
#8 = CARTESIAN_POINT ( 'NONE',  ( -24.91370052667278046, 25.04913554586158853, 13.78165043466509054 ) ) ;
#9 = ORIENTED_EDGE ( 'NONE', *, *, #420, .T. ) ;
#10 = CARTESIAN_POINT ( 'NONE',  ( -44.13987497088398015, 40.56280091344831362, 13.91615044021247627 ) ) ;
#11 = CARTESIAN_POINT ( 'NONE',  ( 88.63965458261233721, 42.25364442187338199, 9.219017382376271996 ) ) ;
#12 = CARTESIAN_POINT ( 'NONE',  ( -38.57355243825787028, 48.80422230911260328, 9.524691799839809292 ) ) ;
#13 = CARTESIAN_POINT ( 'NONE',  ( 2.461997720528826594, 21.19075140689142600, 5.130365411178442692 ) ) ;
#14 = CARTESIAN_POINT ( 'NONE',  ( 55.63030110107261805, 14.42556108752595811, 15.40316757401337711 ) ) ;
#15 = VERTEX_POINT ( 'NONE', #2825 ) ;
#16 = CARTESIAN_POINT ( 'NONE',  ( 60.12111637085287441, 49.54604826441175902, 0.2509060131363615720 ) ) ;
#17 = CARTESIAN_POINT ( 'NONE',  ( -24.35929151831742701, 47.24304583665533386, 13.92624271359430743 ) ) ;
#18 = CARTESIAN_POINT ( 'NONE',  ( 91.82957632475871890, 22.03823924241103427, 15.00000000000000000 ) ) ;
#19 = CARTESIAN_POINT ( 'NONE',  ( -29.25551623892739883, 48.86122669770983151, 14.96728922264414763 ) ) ;
#20 = CARTESIAN_POINT ( 'NONE',  ( -43.98878154785963801, 37.94643899685235056, 12.46961521096439718 ) ) ;
#21 = CARTESIAN_POINT ( 'NONE',  ( -25.46888837820442220, 48.83186623235211954, 8.990606187592621978 ) ) ;
#22 = CARTESIAN_POINT ( 'NONE',  ( 84.94696644958372644, 49.07745385053141263, 0.9999999999999991118 ) ) ;
#23 = CARTESIAN_POINT ( 'NONE',  ( 49.49035101234659351, 48.02912772642878281, 0.03006579557727597982 ) ) ;
#24 = CARTESIAN_POINT ( 'NONE',  ( -44.15781044276506861, 38.95822217994906822, 14.46396935555159047 ) ) ;
#25 = CARTESIAN_POINT ( 'NONE',  ( 55.11424772609438349, 49.79735387047361428, 1.007462229227184203 ) ) ;
#26 = ORIENTED_EDGE ( 'NONE', *, *, #2189, .T. ) ;
#27 = CARTESIAN_POINT ( 'NONE',  ( -40.07042367523624193, 43.34895726523292581, 8.896930080823576503 ) ) ;
#28 = CARTESIAN_POINT ( 'NONE',  ( 42.37717683580743966, 46.43184818102686506, 12.22921815535537071 ) ) ;
#29 = CARTESIAN_POINT ( 'NONE',  ( -17.97636617780323931, 23.35170363178324493, 7.909342122714600798 ) ) ;
#30 = CARTESIAN_POINT ( 'NONE',  ( 35.56762836940789896, 18.32247393044768202, 12.05112965508921441 ) ) ;
#31 = ORIENTED_EDGE ( 'NONE', *, *, #2529, .F. ) ;
#32 = CARTESIAN_POINT ( 'NONE',  ( 87.75171037016519904, 30.97497777422186971, 8.689111176905671030 ) ) ;
#33 = CARTESIAN_POINT ( 'NONE',  ( 42.35498495278371678, 47.89597344920242250, 12.04072722100522341 ) ) ;
#34 = CARTESIAN_POINT ( 'NONE',  ( -4.520003553188794321, 22.26564922851735773, 5.562824065088254777 ) ) ;
#35 = EDGE_CURVE ( 'NONE', #1232, #2433, #1832, .T. ) ;
#36 = CARTESIAN_POINT ( 'NONE',  ( -24.78928300334975532, 47.74164690364992225, 7.902880473818329143 ) ) ;
#37 = CARTESIAN_POINT ( 'NONE',  ( 87.36281816502440734, 43.05431210621956239, 8.456122638289116367 ) ) ;
#38 = CARTESIAN_POINT ( 'NONE',  ( 26.39474441844309993, 45.88852549215271637, 2.344011317560097396 ) ) ;
#39 = CARTESIAN_POINT ( 'NONE',  ( -44.13451074081484649, 38.68954770514174157, 13.96137425839033064 ) ) ;
#40 = DIRECTION ( 'NONE',  ( 0.000000000000000000, 2.775557561562888827E-14, 1.000000000000000000 ) ) ;
#41 = ORIENTED_EDGE ( 'NONE', *, *, #399, .F. ) ;
#42 = CARTESIAN_POINT ( 'NONE',  ( 90.82957632475869048, 39.55250778555877389, 11.84062010682906241 ) ) ;
#43 = SURFACE_STYLE_USAGE ( .BOTH. , #2566 ) ;
#44 = MECHANICAL_DESIGN_GEOMETRIC_PRESENTATION_REPRESENTATION (  '', ( #201 ), #2877 ) ;
#45 = CARTESIAN_POINT ( 'NONE',  ( -29.25551623892739883, 48.88156637136361837, 15.64158179812923777 ) ) ;
#46 = CARTESIAN_POINT ( 'NONE',  ( -13.82310173978276602, 22.71284159769865596, 6.342009511366209829 ) ) ;
#47 = CARTESIAN_POINT ( 'NONE',  ( -24.33600457580517684, 25.07756765265016696, 13.51205798800640601 ) ) ;
#48 = ORIENTED_EDGE ( 'NONE', *, *, #1716, .T. ) ;
#49 = CARTESIAN_POINT ( 'NONE',  ( 20.14397932087626941, 17.66339575956045138, 7.935797107014367135 ) ) ;
#50 = CIRCLE ( 'NONE', #467, 0.5000000000000004441 ) ;
#51 = VECTOR ( 'NONE', #1736, 1000.000000000000000 ) ;
#52 = CARTESIAN_POINT ( 'NONE',  ( 19.06741225356282143, 46.38688363403853998, 8.699309897800379332 ) ) ;
#53 = DIRECTION ( 'NONE',  ( 0.000000000000000000, 0.000000000000000000, 1.000000000000000000 ) ) ;
#54 = CARTESIAN_POINT ( 'NONE',  ( 91.70114297656381552, 21.80442509812596441, 11.84062010682904820 ) ) ;
#55 = CARTESIAN_POINT ( 'NONE',  ( -15.21330385770593985, 23.91898003831586905, 6.515622897354415244 ) ) ;
#56 = CARTESIAN_POINT ( 'NONE',  ( -5.783036576019367381, 47.14000238405127163, 6.640325195656371804 ) ) ;
#57 = CARTESIAN_POINT ( 'NONE',  ( -44.17042367523624335, 39.20113090044864634, 15.00000000000000000 ) ) ;
#58 = CARTESIAN_POINT ( 'NONE',  ( -13.66342315732881652, 46.69963922129939249, 6.325127138005560923 ) ) ;
#59 = CARTESIAN_POINT ( 'NONE',  ( 51.22690651032317533, 14.72047539744250244, 1.000000000000001332 ) ) ;
#60 = CARTESIAN_POINT ( 'NONE',  ( -44.17042367523624335, 39.83575492227505777, 15.00000000000000000 ) ) ;
#61 = ORIENTED_EDGE ( 'NONE', *, *, #3078, .T. ) ;
#62 = CARTESIAN_POINT ( 'NONE',  ( -44.16223952390150487, 40.23334277983083496, 14.55503138991356593 ) ) ;
#63 = CARTESIAN_POINT ( 'NONE',  ( 55.63030110107261805, 49.79469041395697815, 14.62403997395380273 ) ) ;
#64 = CARTESIAN_POINT ( 'NONE',  ( -21.17594465813484561, 24.82588152919243640, 7.420162042823418069 ) ) ;
#65 = CARTESIAN_POINT ( 'NONE',  ( -9.592698513557458284, 21.21203748731077710, 10.18629862936726482 ) ) ;
#66 = CARTESIAN_POINT ( 'NONE',  ( 43.70735728186750180, 15.19739103127803403, 11.32873018260743159 ) ) ;
#67 = CARTESIAN_POINT ( 'NONE',  ( -24.28338456488301844, 50.38608704102129110, 15.75691832972511008 ) ) ;
#68 = CARTESIAN_POINT ( 'NONE',  ( 54.77550339710418115, 14.55177081956417240, 1.301042606982605124E-15 ) ) ;
#69 = CARTESIAN_POINT ( 'NONE',  ( -30.08711572501371379, 26.48355901713821225, 8.209332337795199663 ) ) ;
#70 = CARTESIAN_POINT ( 'NONE',  ( -20.26893487763555513, 48.29648626471659867, 7.277460731877659406 ) ) ;
#71 = CARTESIAN_POINT ( 'NONE',  ( 91.27483608177205099, 40.61988971119339453, 10.93060760906625539 ) ) ;
#72 = CARTESIAN_POINT ( 'NONE',  ( 51.27131114143148949, 15.71952504505333437, 1.897353801849632760E-16 ) ) ;
#73 = CARTESIAN_POINT ( 'NONE',  ( 51.26431286062824455, 15.58686080680106123, 0.0001181341442378340561 ) ) ;
#74 = ORIENTED_EDGE ( 'NONE', *, *, #346, .T. ) ;
#75 = CARTESIAN_POINT ( 'NONE',  ( -39.97028675696100919, 42.87467479926343117, 8.870650776256720604 ) ) ;
#76 = CARTESIAN_POINT ( 'NONE',  ( 55.63030110107261805, 49.27005242999398149, 14.85366273049711694 ) ) ;
#77 = CARTESIAN_POINT ( 'NONE',  ( -41.00227701484073606, 32.46825602908012343, 9.979350855991757641 ) ) ;
#78 = EDGE_CURVE ( 'NONE', #2622, #523, #1251, .T. ) ;
#79 = DIRECTION ( 'NONE',  ( -0.000000000000000000, 1.000000000000000000, -0.000000000000000000 ) ) ;
#80 = CARTESIAN_POINT ( 'NONE',  ( 30.85398212258804662, 16.36868643576069005, 10.09153665574088343 ) ) ;
#81 = CARTESIAN_POINT ( 'NONE',  ( 55.63030110107261805, 50.26537473060221828, 14.95027286408522826 ) ) ;
#82 = B_SPLINE_CURVE_WITH_KNOTS ( 'NONE', 3,
 ( #2036, #2308, #3017, #2293, #2737, #1069, #89, #1825, #2800, #107, #1098, #1338, #2322, #614, #2563, #2080, #353, #3062, #854, #1838, #2814, #3163, #1708, #2724, #1968, #725, #528, #2658, #1437, #1471, #1245, #1742, #2691, #1182 ),
 .UNSPECIFIED., .F., .F.,
 ( 4, 2, 2, 2, 2, 2, 2, 2, 2, 2, 2, 2, 2, 2, 2, 2, 4 ),
 ( 0.000000000000000000, 0.01078689606798386227, 0.01618034410197578474, 0.02157379213596770720, 0.03236068820395154866, 0.03775413623794347112, 0.04045086025493943582, 0.04314758427193538665, 0.05393448033991921770, 0.06472137640790304181, 0.07011482444189495733, 0.07550827247588685898, 0.08090172050987878838, 0.08359844452687473226, 0.08494680653537271808, 0.08562098753962170405, 0.08629516854387069003 ),
 .UNSPECIFIED. ) ;
#83 = CARTESIAN_POINT ( 'NONE',  ( 83.63380922886798885, 15.64969344942009499, 6.456659469577770594 ) ) ;
#84 = FACE_OUTER_BOUND ( 'NONE', #548, .T. ) ;
#85 = CARTESIAN_POINT ( 'NONE',  ( 51.27114127999865900, 48.28208134950777719, 2.867433166587155713E-06 ) ) ;
#86 = CARTESIAN_POINT ( 'NONE',  ( -33.13972489857076198, 27.76851938763836714, 8.195504354060187069 ) ) ;
#87 = CARTESIAN_POINT ( 'NONE',  ( 84.41585511427983590, 45.19766139711983044, 7.813525208530697874 ) ) ;
#88 = CARTESIAN_POINT ( 'NONE',  ( -9.229475117991363220, 46.35678891971349458, 5.845427919308760600 ) ) ;
#89 = CARTESIAN_POINT ( 'NONE',  ( 36.36836452142504328, 19.37468726328398461, 15.00000000000000000 ) ) ;
#90 = ORIENTED_EDGE ( 'NONE', *, *, #1323, .F. ) ;
#91 = CARTESIAN_POINT ( 'NONE',  ( -44.17049419989165671, 39.81145911975793439, 15.00778882505819567 ) ) ;
#92 =( NAMED_UNIT ( * ) PLANE_ANGLE_UNIT ( ) SI_UNIT ( $, .RADIAN. ) );
#93 = CARTESIAN_POINT ( 'NONE',  ( 55.63030110107261805, 49.22206390543982479, 15.34806271617231310 ) ) ;
#94 = CARTESIAN_POINT ( 'NONE',  ( -34.09340474182228320, 27.13594104044931044, 9.199387453690169636 ) ) ;
#95 = CARTESIAN_POINT ( 'NONE',  ( -29.25551623892739528, 25.40890700922074430, 14.85794731615664688 ) ) ;
#96 = CARTESIAN_POINT ( 'NONE',  ( 17.36584381622997242, 18.03379591008393845, 8.654916666736070852 ) ) ;
#97 = EDGE_CURVE ( 'NONE', #3076, #108, #2544, .T. ) ;
#98 = CARTESIAN_POINT ( 'NONE',  ( 90.51409574509443701, 20.95796299356380743, 10.42018584744622878 ) ) ;
#99 = FACE_OUTER_BOUND ( 'NONE', #1052, .T. ) ;
#100 = EDGE_CURVE ( 'NONE', #183, #212, #1269, .T. ) ;
#101 = DIRECTION ( 'NONE',  ( 1.000000000000000000, 0.000000000000000000, 0.000000000000000000 ) ) ;
#102 = CIRCLE ( 'NONE', #2577, 0.5000000000000004441 ) ;
#103 = CARTESIAN_POINT ( 'NONE',  ( -38.45322061178305262, 43.90556624423935972, 8.565061021327355917 ) ) ;
#104 = CARTESIAN_POINT ( 'NONE',  ( 61.29669528948267043, 48.11098142304856395, 0.3525589699978566305 ) ) ;
#105 = CIRCLE ( 'NONE', #1392, 0.9999999999999955591 ) ;
#106 = CARTESIAN_POINT ( 'NONE',  ( -13.16264208342941977, 46.91612999583065147, 11.94137449444460941 ) ) ;
#107 = CARTESIAN_POINT ( 'NONE',  ( 22.58578731094905834, 23.48123708437548629, 15.00000000000000355 ) ) ;
#108 = VERTEX_POINT ( 'NONE', #2046 ) ;
#109 = CARTESIAN_POINT ( 'NONE',  ( -24.44214045220834208, 22.15795542882082003, 15.19568755399185278 ) ) ;
#110 = CARTESIAN_POINT ( 'NONE',  ( -44.33592975641833078, 36.10546468253888008, 15.00000000000000000 ) ) ;
#111 = CARTESIAN_POINT ( 'NONE',  ( -43.28974019613994528, 35.80511872505844195, 11.16624653906568554 ) ) ;
#112 = CARTESIAN_POINT ( 'NONE',  ( 55.63030110107261095, 14.58902474434495034, 14.35321696822808235 ) ) ;
#113 = CARTESIAN_POINT ( 'NONE',  ( -39.90454279435373763, 48.01894690188112236, 9.746572710890674784 ) ) ;
#114 = CARTESIAN_POINT ( 'NONE',  ( 9.387348354500311132, 20.04843137887771576, 8.651275026404443125 ) ) ;
#115 = CARTESIAN_POINT ( 'NONE',  ( 86.99886922355463525, 17.09516350364187787, 9.118788462069849388 ) ) ;
#116 = PLANE ( 'NONE',  #877 ) ;
#117 = CARTESIAN_POINT ( 'NONE',  ( -28.94113462894354072, 49.21931681234393352, 14.51247955813581925 ) ) ;
#118 = CARTESIAN_POINT ( 'NONE',  ( 60.28063010682601686, 49.50182177041032361, 1.245279303427646145 ) ) ;
#119 = B_SPLINE_CURVE_WITH_KNOTS ( 'NONE', 3,
 ( #2810, #383, #1350, #2090 ),
 .UNSPECIFIED., .F., .F.,
 ( 4, 4 ),
 ( 0.000000000000000000, 0.0003174853089456554627 ),
 .UNSPECIFIED. ) ;
#120 = CARTESIAN_POINT ( 'NONE',  ( -24.74867101947016934, 48.12365286408159193, 13.74938850343314023 ) ) ;
#121 = VERTEX_POINT ( 'NONE', #1024 ) ;
#122 = CARTESIAN_POINT ( 'NONE',  ( 35.56607884384169438, 17.99786311650236570, 11.72693145043245799 ) ) ;
#123 = CARTESIAN_POINT ( 'NONE',  ( -44.17042367523624335, 39.84491314829713104, 15.00000000000000000 ) ) ;
#124 = CARTESIAN_POINT ( 'NONE',  ( -38.41294334500925345, 31.19217120784752240, 8.554348348034656269 ) ) ;
#125 = CARTESIAN_POINT ( 'NONE',  ( 88.53677643279895904, 30.07552512577783688, 15.00000000000000000 ) ) ;
#126 = CARTESIAN_POINT ( 'NONE',  ( -34.61605319354302424, 49.83935023583826762, 9.215240117493051386 ) ) ;
#127 = CARTESIAN_POINT ( 'NONE',  ( -29.54560551398160229, 25.29552169139840601, 14.71785863160462959 ) ) ;
#128 = CARTESIAN_POINT ( 'NONE',  ( 80.36557089547423516, 15.85331823159930309, 4.972033671079772787 ) ) ;
#129 = CARTESIAN_POINT ( 'NONE',  ( -44.15463742289504978, 40.34560842502719424, 14.27000877964954029 ) ) ;
#130 = ADVANCED_FACE ( 'NONE', ( #3029 ), #536, .F. ) ;
#131 = CARTESIAN_POINT ( 'NONE',  ( 91.63005390527179372, 40.15187048300996508, 15.00000000000000000 ) ) ;
#132 = CARTESIAN_POINT ( 'NONE',  ( -29.95208984874953728, 49.33634387236614316, 14.36944645217047523 ) ) ;
#133 = CARTESIAN_POINT ( 'NONE',  ( 61.70038070998472080, 47.96407332343940766, 0.3914144600258750439 ) ) ;
#134 = ADVANCED_FACE ( 'NONE', ( #2013 ), #199, .F. ) ;
#135 = CARTESIAN_POINT ( 'NONE',  ( 90.82957632475869048, 30.95853398035502835, 11.84062010682906241 ) ) ;
#136 = ORIENTED_EDGE ( 'NONE', *, *, #1999, .F. ) ;
#137 = CARTESIAN_POINT ( 'NONE',  ( 35.56854969730448346, 18.49089095765797808, 12.26241542583848698 ) ) ;
#138 = CARTESIAN_POINT ( 'NONE',  ( -29.25551623892739528, 25.65845792619516175, 14.99999786644327315 ) ) ;
#139 = CARTESIAN_POINT ( 'NONE',  ( -41.52924882381176275, 34.20440111591415189, 9.378920639899321898 ) ) ;
#140 = CARTESIAN_POINT ( 'NONE',  ( 63.32255763952124283, 14.30185742591745424, 1.558254111098234640 ) ) ;
#141 = CARTESIAN_POINT ( 'NONE',  ( 51.25016573877677928, 48.27665737314639927, 1.301042606982605321E-15 ) ) ;
#142 = CARTESIAN_POINT ( 'NONE',  ( -21.03789497009332266, 24.52513164023087100, 12.91036529361004348 ) ) ;
#143 = CARTESIAN_POINT ( 'NONE',  ( 89.24743950305706619, 18.68084437036537437, 9.595415066514874525 ) ) ;
#144 = CARTESIAN_POINT ( 'NONE',  ( -44.16548409834480537, 40.11136903556309363, 14.65925861102321015 ) ) ;
#145 = ORIENTED_EDGE ( 'NONE', *, *, #1943, .T. ) ;
#146 = DIRECTION ( 'NONE',  ( 0.000000000000000000, 0.000000000000000000, -1.000000000000000000 ) ) ;
#147 = CARTESIAN_POINT ( 'NONE',  ( 0.4389842247853438795, 46.84095106302262224, 9.795725730432138789 ) ) ;
#148 = CARTESIAN_POINT ( 'NONE',  ( 77.42657553313387098, 46.60743962853563715, 4.839658960986398917 ) ) ;
#149 = VECTOR ( 'NONE', #1516, 1000.000000000000000 ) ;
#150 = CARTESIAN_POINT ( 'NONE',  ( -28.96265296642375375, 48.71794005162296060, 14.99999999999999645 ) ) ;
#151 = ORIENTED_EDGE ( 'NONE', *, *, #1423, .T. ) ;
#152 = CARTESIAN_POINT ( 'NONE',  ( -29.25551623892739528, 25.83636888780966245, 15.25699145344221286 ) ) ;
#153 = PRODUCT_DEFINITION_CONTEXT ( 'detailed design', #3120, 'design' ) ;
#154 = CARTESIAN_POINT ( 'NONE',  ( -44.17042367523627178, 39.17745735888929204, 15.00000000000000000 ) ) ;
#155 = CARTESIAN_POINT ( 'NONE',  ( -44.17365442880531390, 39.27739704376003971, 15.35667570806463367 ) ) ;
#156 = CARTESIAN_POINT ( 'NONE',  ( 9.607365580738699506, 46.58222667133130557, 9.313419274901471923 ) ) ;
#157 = DIRECTION ( 'NONE',  ( 0.000000000000000000, 0.000000000000000000, -1.000000000000000000 ) ) ;
#158 = CARTESIAN_POINT ( 'NONE',  ( -10.33429036793513944, 22.97933011456169439, 10.97320846585053467 ) ) ;
#159 = B_SPLINE_CURVE_WITH_KNOTS ( 'NONE', 3,
 ( #2765, #2545, #3046, #802, #2474, #288, #1304, #537, #2272, #1270, #2994, #34, #1786, #1547, #55, #2749, #585, #1045, #2288, #2014, #2305, #2031, #268, #553, #2528, #69, #2492, #1532, #86, #1751, #2257, #819, #1252, #1065, #1079, #1805, #1566, #2510, #1513, #2062, #2239, #837, #1822, #515, #1495, #20, #1008, #1995, #305, #2975, #767, #398, #2797, #625, #367, #1122, #1139, #2318 ),
 .UNSPECIFIED., .F., .F.,
 ( 4, 2, 2, 2, 2, 2, 2, 2, 2, 2, 2, 2, 2, 2, 2, 2, 2, 2, 2, 2, 2, 2, 2, 2, 2, 2, 2, 2, 4 ),
 ( 2.353526510404535866E-08, 0.01302918894871804741, 0.02605835436217098997, 0.03908751977562392038, 0.04560210248235038732, 0.05211668518907686121, 0.06514585060252978121, 0.06840314195589301816, 0.07166043330925625510, 0.07817501601598272898, 0.07898933885432353474, 0.07980366169266434051, 0.08143230736934596592, 0.08468959872270918898, 0.08631824439939081439, 0.08794689007607243980, 0.09120418142943563511, 0.09283282710611724664, 0.09446147278279883042, 0.09609011845948042807, 0.09771876413616202572, 0.09934740981284362338, 0.1009760554895252072, 0.1026047011662068048, 0.1034190240045476106, 0.1038261854237180065, 0.1040297661333032114, 0.1041315564880958139, 0.1042333468428884025 ),
 .UNSPECIFIED. ) ;
#160 = CARTESIAN_POINT ( 'NONE',  ( 61.36375297587071032, 15.33996820997556654, 0.3408787536757458270 ) ) ;
#161 = CARTESIAN_POINT ( 'NONE',  ( -43.23414959777162636, 43.39906675674951941, 10.62002115882689068 ) ) ;
#162 = CARTESIAN_POINT ( 'NONE',  ( 51.16122946692767925, 49.07167645012839330, 0.3855129421996989492 ) ) ;
#163 = CARTESIAN_POINT ( 'NONE',  ( -38.72225964602906600, 44.13823402837027032, 8.610606149316881286 ) ) ;
#164 = CARTESIAN_POINT ( 'NONE',  ( -21.10831248204521771, 47.67715904275086558, 13.02395214199167306 ) ) ;
#165 = CARTESIAN_POINT ( 'NONE',  ( 86.86620713551613449, 30.55673403870548199, 8.175698112160928233 ) ) ;
#166 = CARTESIAN_POINT ( 'NONE',  ( 26.49623039319772033, 45.89280122396263550, 2.329506627725612233 ) ) ;
#167 = ORIENTED_EDGE ( 'NONE', *, *, #3134, .F. ) ;
#168 = CARTESIAN_POINT ( 'NONE',  ( 55.63030110107261095, 14.95749985179096164, 14.64909062267552109 ) ) ;
#169 = EDGE_CURVE ( 'NONE', #2536, #3001, #1404, .T. ) ;
#170 = DIRECTION ( 'NONE',  ( 3.144514830797826201E-14, 1.000000000000000000, -4.574593488944037471E-14 ) ) ;
#171 = CARTESIAN_POINT ( 'NONE',  ( -44.00990351789143062, 38.06454064473846444, 12.65650057235535364 ) ) ;
#172 = CARTESIAN_POINT ( 'NONE',  ( 86.94773600601742203, 17.06700636274719329, 9.091657553844099127 ) ) ;
#173 = CARTESIAN_POINT ( 'NONE',  ( -33.87357303542300002, 49.81661802689541219, 8.204197225024088880 ) ) ;
#174 = CARTESIAN_POINT ( 'NONE',  ( -12.25997040685559902, 22.47097340390407894, 11.10504449459344123 ) ) ;
#175 = CARTESIAN_POINT ( 'NONE',  ( 51.27131114143148949, 15.71952504505333437, 1.897353801849632760E-16 ) ) ;
#176 = CARTESIAN_POINT ( 'NONE',  ( -37.91036496959357294, 48.07373483289406124, 8.480634761709124447 ) ) ;
#177 = EDGE_LOOP ( 'NONE', ( #136, #657, #2469, #2350 ) ) ;
#178 = CARTESIAN_POINT ( 'NONE',  ( -29.25551623892739883, 49.00563169922316575, 14.77970860467824821 ) ) ;
#179 = CARTESIAN_POINT ( 'NONE',  ( 55.63030110107261095, 14.44398820753178825, 14.83236727111147957 ) ) ;
#180 = CARTESIAN_POINT ( 'NONE',  ( 57.35766089715438198, 49.96623441593159498, 15.00000000000000000 ) ) ;
#181 = CARTESIAN_POINT ( 'NONE',  ( 54.72925714464068392, 49.36851816231408208, 0.2003972424470103486 ) ) ;
#182 = FACE_BOUND ( 'NONE', #2678, .T. ) ;
#183 = VERTEX_POINT ( 'NONE', #2338 ) ;
#184 = CARTESIAN_POINT ( 'NONE',  ( -9.639982191414901536, 24.10864837912692948, 11.27341371693210448 ) ) ;
#185 = CARTESIAN_POINT ( 'NONE',  ( 79.56968421846454476, 14.81270082222652107, 2.887253442903172651 ) ) ;
#186 = CARTESIAN_POINT ( 'NONE',  ( -44.03846291916444500, 38.04366696675166537, 13.04611276577312751 ) ) ;
#187 = CARTESIAN_POINT ( 'NONE',  ( 71.71384285782951906, 14.28892145906686295, 3.112981390007566684 ) ) ;
#188 = ORIENTED_EDGE ( 'NONE', *, *, #2185, .F. ) ;
#189 = CARTESIAN_POINT ( 'NONE',  ( -41.91219593681093158, 45.10977872091482510, 9.555621920919625367 ) ) ;
#190 = CARTESIAN_POINT ( 'NONE',  ( -28.67970648296561009, 25.56312884644455963, 14.80096708839216113 ) ) ;
#191 = CARTESIAN_POINT ( 'NONE',  ( -44.16627316359475230, 40.10961751923450436, 14.73038845100584560 ) ) ;
#192 = CARTESIAN_POINT ( 'NONE',  ( 47.52371515928779644, 15.90755653598294828, 0.03989849776161322886 ) ) ;
#193 = CARTESIAN_POINT ( 'NONE',  ( -41.85097888557551471, 45.17947929270989249, 9.526094748997877559 ) ) ;
#194 = VERTEX_POINT ( 'NONE', #154 ) ;
#195 = CARTESIAN_POINT ( 'NONE',  ( 32.10393958206886111, 46.44989579304161964, 11.07737460209083302 ) ) ;
#196 = CARTESIAN_POINT ( 'NONE',  ( 31.23440318286576201, 46.40578075910312350, 11.02169833511027264 ) ) ;
#197 = CARTESIAN_POINT ( 'NONE',  ( 54.79632900297714571, 48.75766715801761109, -1.301042606982605321E-15 ) ) ;
#198 = DIRECTION ( 'NONE',  ( 0.000000000000000000, 1.000000000000000000, 0.000000000000000000 ) ) ;
#199 = B_SPLINE_SURFACE_WITH_KNOTS ( 'NONE', 3, 3, ( 
 ( #336, #1078, #1044, #2030, #3045, #2779 ),
 ( #552, #2993, #2764, #836, #784, #320 ),
 ( #1565, #3010, #1531, #1821, #304, #599 ),
 ( #2748, #1319, #2795, #2238, #1286, #801 ),
 ( #19, #1785, #1512, #1579, #568, #267 ),
 ( #1994, #2974, #1749, #1546, #1303, #2732 ),
 ( #2315, #1360, #3084, #1089, #2572, #81 ),
 ( #2358, #1562, #3130, #1872, #917, #439 ),
 ( #2598, #1132, #2483, #1436, #708, #2673 ),
 ( #491, #282, #3025, #1800, #2253, #2010 ),
 ( #3074, #2560, #1978, #2792, #2741, #93 ),
 ( #45, #1762, #2787, #545, #561, #76 ),
 ( #3021, #1278, #297, #2054, #28, #1828 ),
 ( #1017, #593, #2804, #2248, #1036, #1558 ),
 ( #2552, #343, #3038, #2519, #828, #2265 ),
 ( #1072, #1540, #2024, #2005, #1795, #3004 ),
 ( #1815, #2757, #1779, #2500, #1522, #3052 ),
 ( #794, #1573, #1297, #313, #2282, #63 ) ),
 .UNSPECIFIED., .T., .F., .F.,
 ( 4, 1, 1, 1, 1, 2, 2, 2, 1, 1, 1, 1, 4 ),
 ( 4, 1, 1, 4 ),
 ( 0.000000000000000000, 0.01249999999999995559, 0.02499999999999991118, 0.03750000000000008882, 0.05000000000000004441, 0.2500000000000000000, 0.5000000000000000000, 0.7500000000000000000, 0.9499999999999999556, 0.9625000000000000222, 0.9749999999999999778, 0.9875000000000000444, 1.000000000000000000 ),
 ( 0.000000000000000000, 0.1772581170950056351, 0.5291169047014520066, 1.000000000000000000 ),
 .UNSPECIFIED. ) ;
#200 = CARTESIAN_POINT ( 'NONE',  ( 48.95357418759655843, 15.76767861929151415, 13.33777685540138336 ) ) ;
#201 = STYLED_ITEM ( 'NONE', ( #452 ), #363 ) ;
#202 = AXIS2_PLACEMENT_3D ( 'NONE', #661, #2085, #887 ) ;
#203 = PRESENTATION_STYLE_ASSIGNMENT (( #2412 ) ) ;
#204 = CARTESIAN_POINT ( 'NONE',  ( -43.48259121867885568, 36.22910868380024851, 10.98593050515038527 ) ) ;
#205 = CARTESIAN_POINT ( 'NONE',  ( 54.23675341875394906, 14.96586096656521114, 14.21336230327576722 ) ) ;
#206 = ORIENTED_EDGE ( 'NONE', *, *, #1376, .T. ) ;
#207 = CARTESIAN_POINT ( 'NONE',  ( -41.44786181213989096, 46.72057833148401329, 9.303203385434933637 ) ) ;
#208 = CIRCLE ( 'NONE', #2731, 0.5000000000000004441 ) ;
#209 = CARTESIAN_POINT ( 'NONE',  ( -44.15221174514260838, 40.42857448183683289, 14.27357689259936357 ) ) ;
#210 = FACE_OUTER_BOUND ( 'NONE', #3196, .T. ) ;
#211 = CARTESIAN_POINT ( 'NONE',  ( 35.55879764229953111, 11.92914726423684257, 13.55321917270116572 ) ) ;
#212 = VERTEX_POINT ( 'NONE', #138 ) ;
#213 = CARTESIAN_POINT ( 'NONE',  ( 15.34575352345560795, 45.78852116255074378, 10.22461383498162313 ) ) ;
#214 = CARTESIAN_POINT ( 'NONE',  ( 41.89653426205710929, 48.08668622432941220, 12.13346903406653787 ) ) ;
#215 = CARTESIAN_POINT ( 'NONE',  ( 12.42191434431022223, 24.64286806442233413, 9.567423495518349696 ) ) ;
#216 = ADVANCED_FACE ( 'NONE', ( #1101 ), #2672, .F. ) ;
#217 = CARTESIAN_POINT ( 'NONE',  ( 26.58542516947027323, 46.89169124629104601, 3.319936578870938515 ) ) ;
#218 = ORIENTED_EDGE ( 'NONE', *, *, #1323, .T. ) ;
#219 = CARTESIAN_POINT ( 'NONE',  ( 48.95618839477802453, 15.66327589554694910, 13.26040966129722953 ) ) ;
#220 = SURFACE_SIDE_STYLE ('',( #2894 ) ) ;
#221 = CARTESIAN_POINT ( 'NONE',  ( -44.12061136358074975, 38.56757332580107800, 13.76681257715142692 ) ) ;
#222 = CARTESIAN_POINT ( 'NONE',  ( 26.67494776904399956, 17.70442685101016522, 9.602890035787011058 ) ) ;
#223 = EDGE_LOOP ( 'NONE', ( #2564, #2871, #2095, #2294 ) ) ;
#224 = CARTESIAN_POINT ( 'NONE',  ( -42.04539829310559185, 45.99095100099451372, 10.35124738512770115 ) ) ;
#225 = CARTESIAN_POINT ( 'NONE',  ( 66.37984128465654976, 46.73664747687870147, 0.9855874855470242446 ) ) ;
#226 = DIRECTION ( 'NONE',  ( 1.000000000000000000, 0.000000000000000000, -0.000000000000000000 ) ) ;
#227 = CARTESIAN_POINT ( 'NONE',  ( 57.95032169833456948, 15.43146626721398462, 0.09198093786224283142 ) ) ;
#228 = CARTESIAN_POINT ( 'NONE',  ( 48.94585939440905520, 16.03920324531530639, 13.60697352572948482 ) ) ;
#229 = VERTEX_POINT ( 'NONE', #885 ) ;
#230 = B_SPLINE_SURFACE_WITH_KNOTS ( 'NONE', 3, 3, ( 
 ( #971, #1, #2633, #1424, #2872, #2423 ),
 ( #2696, #1218, #2905, #3181, #2646, #1909 ),
 ( #1459, #2456, #1956, #3166, #1186, #1652 ),
 ( #2886, #956, #2937, #2407, #696, #1407 ),
 ( #1202, #1714, #1893, #2392, #1937, #939 ),
 ( #178, #497, #2920, #1171, #2150, #923 ),
 ( #1477, #1234, #714, #3135, #1923, #2681 ),
 ( #2662, #1682, #461, #1443, #479, #247 ),
 ( #1267, #67, #2746, #799, #2490, #3027 ),
 ( #2254, #2506, #764, #2972, #1544, #2712 ),
 ( #334, #302, #2954, #1747, #1783, #1005 ),
 ( #2762, #1022, #318, #2235, #2777, #565 ),
 ( #1284, #2044, #2011, #816, #747, #550 ),
 ( #284, #2270, #2524, #2729, #33, #582 ),
 ( #534, #1301, #1731, #52, #1563, #2286 ),
 ( #1510, #17, #2542, #512, #1991, #1801 ),
 ( #1767, #1042, #1317, #1973, #2990, #782 ),
 ( #1061, #990, #1529, #2028, #3008, #2302 ) ),
 .UNSPECIFIED., .T., .F., .F.,
 ( 4, 1, 1, 1, 1, 2, 2, 2, 1, 1, 1, 1, 4 ),
 ( 4, 1, 1, 4 ),
 ( 0.000000000000000000, 0.01249999999999995559, 0.02499999999999991118, 0.03750000000000008882, 0.05000000000000004441, 0.2500000000000000000, 0.5000000000000000000, 0.7500000000000000000, 0.9499999999999999556, 0.9625000000000000222, 0.9749999999999999778, 0.9875000000000000444, 1.000000000000000000 ),
 ( 0.000000000000000000, 0.1772581170950056351, 0.5291169047014520066, 1.000000000000000000 ),
 .UNSPECIFIED. ) ;
#231 = CARTESIAN_POINT ( 'NONE',  ( -26.96822700757455848, 25.31849133463504131, 14.30528156381867966 ) ) ;
#232 = CARTESIAN_POINT ( 'NONE',  ( 51.38036787938446537, 49.30527000197983511, 13.02754990714283956 ) ) ;
#233 = ADVANCED_FACE ( 'NONE', ( #405 ), #1442, .F. ) ;
#234 = CARTESIAN_POINT ( 'NONE',  ( 88.50904916389241350, 29.82143700075400261, 9.144211964695397654 ) ) ;
#235 = CARTESIAN_POINT ( 'NONE',  ( -9.561835653697613679, 19.10476160046229666, 10.86660152876230789 ) ) ;
#236 = ADVANCED_FACE ( 'NONE', ( #1629 ), #2595, .T. ) ;
#237 = CARTESIAN_POINT ( 'NONE',  ( -29.25551623892739528, 49.25555129212974492, 14.40982691165248042 ) ) ;
#238 = CARTESIAN_POINT ( 'NONE',  ( -15.34942372859993576, 22.94861434831429747, 7.522402268068751674 ) ) ;
#239 = CARTESIAN_POINT ( 'NONE',  ( 31.04206506826226430, 47.14793790017481001, 10.03452569068881317 ) ) ;
#240 = CARTESIAN_POINT ( 'NONE',  ( -42.84457381159064937, 44.79526332312567405, 10.77513617418519054 ) ) ;
#241 = CARTESIAN_POINT ( 'NONE',  ( 60.70546642928661640, 48.33514958605990586, 0.2994605215619066119 ) ) ;
#242 = CARTESIAN_POINT ( 'NONE',  ( -39.52615692690187643, 48.27075429410680130, 9.676115514708424570 ) ) ;
#243 = CARTESIAN_POINT ( 'NONE',  ( -25.70782003053696485, 24.50884292282526999, 8.981891745373909330 ) ) ;
#244 = CARTESIAN_POINT ( 'NONE',  ( 48.98064834926130118, 13.06150158331374200, 14.25210646263452219 ) ) ;
#245 = ORIENTED_EDGE ( 'NONE', *, *, #1414, .T. ) ;
#246 = CARTESIAN_POINT ( 'NONE',  ( 58.84315661885000992, 48.83189014615395962, 0.1569490520173116577 ) ) ;
#247 = CARTESIAN_POINT ( 'NONE',  ( 55.63030110107261805, 50.21738620604806158, 15.44467284976042265 ) ) ;
#248 = CARTESIAN_POINT ( 'NONE',  ( 55.25738801868005368, 49.37585241956686133, 14.65055891762600737 ) ) ;
#249 = CARTESIAN_POINT ( 'NONE',  ( 33.41471106502334720, 47.31514189243635116, 2.409108658793385871 ) ) ;
#250 = CARTESIAN_POINT ( 'NONE',  ( -9.531431778219831230, 46.37691929342258845, 5.866312855680297922 ) ) ;
#251 = CARTESIAN_POINT ( 'NONE',  ( -24.41566661568484520, 22.99168599882267117, 13.61899887724287872 ) ) ;
#252 = APPLICATION_CONTEXT ( 'automotive_design' ) ;
#253 = CARTESIAN_POINT ( 'NONE',  ( -29.25551623892739528, 49.14124208145842232, 14.69394976881144643 ) ) ;
#254 = CARTESIAN_POINT ( 'NONE',  ( 55.63030110107261095, 49.74638534716291360, 15.12170112425792468 ) ) ;
#255 = FACE_OUTER_BOUND ( 'NONE', #504, .T. ) ;
#256 = VERTEX_POINT ( 'NONE', #1369 ) ;
#257 = CARTESIAN_POINT ( 'NONE',  ( -44.05779491958929839, 41.33024170528390329, 13.13886832891161305 ) ) ;
#258 = CARTESIAN_POINT ( 'NONE',  ( -29.74571281314486626, 25.68227679572403588, 15.11577053082489464 ) ) ;
#259 = CARTESIAN_POINT ( 'NONE',  ( -44.16455248735156403, 40.16266556404826815, 14.65415574885223471 ) ) ;
#260 = CARTESIAN_POINT ( 'NONE',  ( -14.78050129619083997, 22.86086191135576939, 7.447389882509991565 ) ) ;
#261 = CARTESIAN_POINT ( 'NONE',  ( 12.41056979747298783, 16.58371364270711368, 25.18637288815948949 ) ) ;
#262 = ORIENTED_EDGE ( 'NONE', *, *, #1376, .F. ) ;
#263 = VECTOR ( 'NONE', #3162, 1000.000000000000000 ) ;
#264 = CARTESIAN_POINT ( 'NONE',  ( 87.85924062757163711, 30.95476779126184397, 8.752834889961100373 ) ) ;
#265 = CARTESIAN_POINT ( 'NONE',  ( 91.79229987398798585, 21.96647493145882635, 11.28891717394210836 ) ) ;
#266 = CARTESIAN_POINT ( 'NONE',  ( 54.79642867976509990, 15.55252080458011044, -5.421010862427522170E-17 ) ) ;
#267 = CARTESIAN_POINT ( 'NONE',  ( 55.63030110107261095, 49.91306072991860532, 14.64964188375176590 ) ) ;
#268 = CARTESIAN_POINT ( 'NONE',  ( -27.19805863475261987, 25.74661416699684580, 8.107489998691502109 ) ) ;
#269 = CARTESIAN_POINT ( 'NONE',  ( -5.845659479519419222, 47.14371575772976541, 5.638633884332681312 ) ) ;
#270 = CARTESIAN_POINT ( 'NONE',  ( -27.73375347833380644, 25.42772100864595330, 14.51499187392799861 ) ) ;
#271 = CARTESIAN_POINT ( 'NONE',  ( 91.63005390527170846, 40.15187048301009298, 11.84062010682908195 ) ) ;
#272 = CARTESIAN_POINT ( 'NONE',  ( -44.16775045562377500, 39.12020020639062778, 14.85997641559603366 ) ) ;
#273 = CARTESIAN_POINT ( 'NONE',  ( 55.54767829247567335, 49.83564669306457517, 1.017681692865090914 ) ) ;
#274 = ORIENTED_EDGE ( 'NONE', *, *, #2525, .F. ) ;
#275 = CARTESIAN_POINT ( 'NONE',  ( -44.17049690194706812, 39.81129957109445883, 15.01226483986168425 ) ) ;
#276 = CARTESIAN_POINT ( 'NONE',  ( 72.92574285388667477, 46.01512191479059055, 2.401236515535564386 ) ) ;
#277 = CARTESIAN_POINT ( 'NONE',  ( 30.81950145139282071, 16.37347341762439257, 9.235933339005574894 ) ) ;
#278 = CARTESIAN_POINT ( 'NONE',  ( -26.44614600214184819, 25.61598283601851378, 8.054592361646415455 ) ) ;
#279 = CARTESIAN_POINT ( 'NONE',  ( -9.610576643176605316, 21.30323497234286378, 20.23795046560394439 ) ) ;
#280 = VERTEX_POINT ( 'NONE', #1383 ) ;
#281 = CARTESIAN_POINT ( 'NONE',  ( 57.99329708309613096, 49.89853393221635969, 1.106252005045562647 ) ) ;
#282 = CARTESIAN_POINT ( 'NONE',  ( -24.32185542118064348, 49.10651983169213253, 16.99665486417499949 ) ) ;
#283 = B_SPLINE_CURVE_WITH_KNOTS ( 'NONE', 3,
 ( #1635, #921, #1665, #1877, #2616, #1650, #381, #1906, #144, #2632, #129, #2103, #876, #1862, #2390, #2406, #2344, #2856, #1184, #161, #2644, #3133, #2375, #411, #193, #1389, #1922, #2885, #2602, #176, #2167, #2588, #396, #1121, #3086, #443 ),
 .UNSPECIFIED., .F., .F.,
 ( 4, 2, 2, 2, 2, 2, 2, 2, 2, 2, 2, 2, 2, 2, 2, 2, 2, 4 ),
 ( 0.04560644743595242134, 0.04567487664779187190, 0.04574330585963132245, 0.04588016428331023050, 0.04615388113066803966, 0.04670131482538368572, 0.04779618221481499868, 0.04889104960424630469, 0.04998591699367761071, 0.05108078438310891672, 0.05217565177254022274, 0.05327051916197152875, 0.05436538655140284171, 0.05655512133026546762, 0.05874485610912810046, 0.05983972349855942036, 0.06093459088799074719, 0.06312432566685337310 ),
 .UNSPECIFIED. ) ;
#284 = CARTESIAN_POINT ( 'NONE',  ( -29.25551623892739883, 48.77336644385962927, 15.19125201108191803 ) ) ;
#285 = CARTESIAN_POINT ( 'NONE',  ( 88.53677643279894482, 30.07552512577785109, 9.161181879992771115 ) ) ;
#286 = EDGE_CURVE ( 'NONE', #1706, #2738, #2083, .T. ) ;
#287 = CARTESIAN_POINT ( 'NONE',  ( 51.25244060790831213, 48.41257788005017915, 0.0003185682607737850289 ) ) ;
#288 = CARTESIAN_POINT ( 'NONE',  ( 21.15416306650654477, 18.50790126770665012, 3.076518542495937147 ) ) ;
#289 = CARTESIAN_POINT ( 'NONE',  ( -28.16282911515519061, 49.12988459239248584, 9.168886760216112819 ) ) ;
#290 = CARTESIAN_POINT ( 'NONE',  ( 88.95922839905099977, 42.88017110052784631, 9.414915609486374848 ) ) ;
#291 = CARTESIAN_POINT ( 'NONE',  ( -29.58999950957921143, 48.28524943805980740, 8.202182195919720087 ) ) ;
#292 = CARTESIAN_POINT ( 'NONE',  ( -41.30003336364422495, 32.80759679678261875, 10.06707994021182806 ) ) ;
#293 = CARTESIAN_POINT ( 'NONE',  ( 72.98500807397982726, 46.99268520207807853, 3.431840770062926982 ) ) ;
#294 = EDGE_LOOP ( 'NONE', ( #2119, #970, #1458, #74 ) ) ;
#295 = CARTESIAN_POINT ( 'NONE',  ( -44.17021226112388632, 39.75088928740188265, 14.97719883392465690 ) ) ;
#296 = SURFACE_STYLE_FILL_AREA ( #2983 ) ;
#297 = CARTESIAN_POINT ( 'NONE',  ( -9.471001515458572939, 43.26145391537462359, 13.42981261657220848 ) ) ;
#298 = CARTESIAN_POINT ( 'NONE',  ( 10.85357877266656068, 18.94133895756947084, 4.385726866683008041 ) ) ;
#299 = CARTESIAN_POINT ( 'NONE',  ( -9.641745480402779123, 24.21177053026052661, 11.34305185766264046 ) ) ;
#300 = ORIENTED_EDGE ( 'NONE', *, *, #941, .T. ) ;
#301 = CARTESIAN_POINT ( 'NONE',  ( 38.18517961947328132, 16.42386110226529183, 11.38703073991901071 ) ) ;
#302 = CARTESIAN_POINT ( 'NONE',  ( -24.35384853537349414, 47.91806498342302945, 16.94308155213353473 ) ) ;
#303 = CARTESIAN_POINT ( 'NONE',  ( 51.19721723800077484, 14.72204840375525414, 1.301042606982605124E-15 ) ) ;
#304 = CARTESIAN_POINT ( 'NONE',  ( 42.33894393554729163, 48.90452109959325355, 12.11409701648755899 ) ) ;
#305 = CARTESIAN_POINT ( 'NONE',  ( -44.14020442771756336, 38.81116554771522686, 13.93403264643137796 ) ) ;
#306 = CARTESIAN_POINT ( 'NONE',  ( 20.16667730754973320, 17.66327151073699042, 0.000000000000000000 ) ) ;
#307 = CARTESIAN_POINT ( 'NONE',  ( 91.63005394142037119, 40.15187043473179784, 15.00000000000000000 ) ) ;
#308 = CARTESIAN_POINT ( 'NONE',  ( 55.63030110107261095, 49.83789526612972764, 15.00000000000000000 ) ) ;
#309 = CARTESIAN_POINT ( 'NONE',  ( 10.37505487920908642, 19.01051396456192322, 5.428496844445936276 ) ) ;
#310 = CARTESIAN_POINT ( 'NONE',  ( 51.23232806118303273, 14.92125193441996167, 0.3849949306670131244 ) ) ;
#311 = EDGE_LOOP ( 'NONE', ( #48, #3189, #372, #2052 ) ) ;
#312 = DIRECTION ( 'NONE',  ( 0.000000000000000000, 1.000000000000000000, 0.000000000000000000 ) ) ;
#313 = CARTESIAN_POINT ( 'NONE',  ( 19.07303719670083453, 47.44656737408738678, 8.832596821270213283 ) ) ;
#314 = CARTESIAN_POINT ( 'NONE',  ( -25.97305351403923268, 24.54733189009829886, 9.006538080863096596 ) ) ;
#315 = CARTESIAN_POINT ( 'NONE',  ( 55.63030110107261095, 14.35991545244815448, 14.29364998857422364 ) ) ;
#316 = CARTESIAN_POINT ( 'NONE',  ( 54.40604086465867084, 14.56631147849709684, 13.94220116358119732 ) ) ;
#317 = AXIS2_PLACEMENT_3D ( 'NONE', #1674, #2190, #2701 ) ;
#318 = CARTESIAN_POINT ( 'NONE',  ( -9.470059281060038359, 43.01005022868255168, 15.34216810369637152 ) ) ;
#319 = DIRECTION ( 'NONE',  ( 1.000000000000000000, 0.000000000000000000, 0.000000000000000000 ) ) ;
#320 = CARTESIAN_POINT ( 'NONE',  ( 55.63030110107261805, 49.80842374689239449, 14.62537298852475054 ) ) ;
#321 = CARTESIAN_POINT ( 'NONE',  ( 88.40765088944047534, 29.59472052431789990, 9.082443237704429961 ) ) ;
#322 = CARTESIAN_POINT ( 'NONE',  ( -21.89243498936662391, 48.45672337579681965, 8.566413763771805634 ) ) ;
#323 = CARTESIAN_POINT ( 'NONE',  ( 91.11303257261823774, 40.81179053159107184, 11.51255283759830839 ) ) ;
#324 = ADVANCED_FACE ( 'NONE', ( #1900, #606 ), #952, .T. ) ;
#325 = B_SPLINE_CURVE_WITH_KNOTS ( 'NONE', 3,
 ( #1548, #1619, #1169, #651 ),
 .UNSPECIFIED., .F., .F.,
 ( 4, 4 ),
 ( 0.000000000000000000, 1.894383236870123051E-06 ),
 .UNSPECIFIED. ) ;
#326 = CARTESIAN_POINT ( 'NONE',  ( -12.22294895867172215, 47.59533280888808093, 10.87856459765528605 ) ) ;
#327 = CARTESIAN_POINT ( 'NONE',  ( -29.25551623892739173, 49.25555129212975913, 14.12122296387713405 ) ) ;
#328 = ORIENTED_EDGE ( 'NONE', *, *, #1288, .T. ) ;
#329 = CARTESIAN_POINT ( 'NONE',  ( -39.40609541798050941, 42.47254742694406104, 8.742161918022741673 ) ) ;
#330 = CARTESIAN_POINT ( 'NONE',  ( 16.56322439024145510, 18.14061793898101271, 7.712363906417672332 ) ) ;
#331 = CARTESIAN_POINT ( 'NONE',  ( -42.44046095456440071, 34.31884369845945315, 10.53126659114442631 ) ) ;
#332 = CARTESIAN_POINT ( 'NONE',  ( 35.56576995683311537, 17.92599929370559764, 11.66695030979335002 ) ) ;
#333 = CARTESIAN_POINT ( 'NONE',  ( 52.74252471595391967, 14.64248837862576558, 13.05390333101006384 ) ) ;
#334 = CARTESIAN_POINT ( 'NONE',  ( -29.25551623892739883, 49.34398038935596986, 15.82298609876373341 ) ) ;
#335 = CARTESIAN_POINT ( 'NONE',  ( 56.49822835052695780, 15.48141807138964055, 0.03002796647626619977 ) ) ;
#336 = CARTESIAN_POINT ( 'NONE',  ( -29.25551623892739883, 48.80422039708087567, 15.07414085424030326 ) ) ;
#337 = CARTESIAN_POINT ( 'NONE',  ( 87.41848975487792472, 29.19534611464281681, 8.493569697267496110 ) ) ;
#338 = CARTESIAN_POINT ( 'NONE',  ( -39.17042367523624335, 43.34895726523291160, 15.00000000000000000 ) ) ;
#339 = CARTESIAN_POINT ( 'NONE',  ( 15.73377295032645939, 45.57722139852026544, 3.807672083508160998 ) ) ;
#340 = CARTESIAN_POINT ( 'NONE',  ( -44.17042274143854996, 39.84732143254686321, 15.00000000000000000 ) ) ;
#341 = EDGE_LOOP ( 'NONE', ( #855, #2831, #145, #574 ) ) ;
#342 = CARTESIAN_POINT ( 'NONE',  ( -44.16979336618959451, 39.93475182731507545, 14.94727810708288729 ) ) ;
#343 = CARTESIAN_POINT ( 'NONE',  ( -24.36211933303300725, 47.15300528620634424, 14.03542198730310098 ) ) ;
#344 = CARTESIAN_POINT ( 'NONE',  ( -36.16717112306690751, 28.33922608265969600, 8.279692822179365308 ) ) ;
#345 = CARTESIAN_POINT ( 'NONE',  ( 35.56484883270968567, 17.70711279375220215, 11.49415213744322450 ) ) ;
#346 = EDGE_CURVE ( 'NONE', #756, #1596, #1799, .T. ) ;
#347 = CARTESIAN_POINT ( 'NONE',  ( 48.97501255102524453, 14.84218310093633519, 12.94690040356521799 ) ) ;
#348 = CARTESIAN_POINT ( 'NONE',  ( 82.68906061536890206, 16.31340894007889020, 6.003374332598923502 ) ) ;
#349 = DIRECTION ( 'NONE',  ( 0.000000000000000000, 1.000000000000000000, 0.000000000000000000 ) ) ;
#350 = CARTESIAN_POINT ( 'NONE',  ( -40.07042367523624193, 43.34895726523292581, 8.896930080823576503 ) ) ;
#351 = CARTESIAN_POINT ( 'NONE',  ( 61.09537893024491240, 48.18821610348744855, 0.3339763189705960977 ) ) ;
#352 = CARTESIAN_POINT ( 'NONE',  ( -44.17042367523624335, 162.0000000000000000, 15.00000000000000000 ) ) ;
#353 = CARTESIAN_POINT ( 'NONE',  ( 6.675591733527002525, 26.26913842519932629, 15.00000000000000533 ) ) ;
#354 = EDGE_LOOP ( 'NONE', ( #188, #1039, #2727, #450 ) ) ;
#355 = CARTESIAN_POINT ( 'NONE',  ( 48.92991905534603347, 14.44999154776911610, 16.30747175559023532 ) ) ;
#356 = FILL_AREA_STYLE_COLOUR ( '', #2833 ) ;
#357 = B_SPLINE_CURVE_WITH_KNOTS ( 'NONE', 3,
 ( #350, #864, #2377, #1363, #1638, #1109, #1863, #2362, #2826, #163, #2589, #103, #2618, #2345, #879, #1155 ),
 .UNSPECIFIED., .F., .F.,
 ( 4, 2, 2, 2, 2, 2, 2, 4 ),
 ( 0.000000000000000000, 0.0003553166924663487452, 0.0007106333849326974903, 0.001421266769865409509, 0.001776583462331755327, 0.002131900154798100928, 0.002487216847264446962, 0.002842533539730792997 ),
 .UNSPECIFIED. ) ;
#358 = CARTESIAN_POINT ( 'NONE',  ( -44.17024733924559143, 39.17348083501023126, 15.00000000000000000 ) ) ;
#359 = CARTESIAN_POINT ( 'NONE',  ( -41.72092436440991037, 34.42455981228624751, 9.464491589349792733 ) ) ;
#360 = CARTESIAN_POINT ( 'NONE',  ( -9.630959823397876818, 23.57514472651504533, 10.97855636365830101 ) ) ;
#361 = CARTESIAN_POINT ( 'NONE',  ( -39.54386621420528058, 47.19902072823911965, 8.769330076194298940 ) ) ;
#362 = CARTESIAN_POINT ( 'NONE',  ( 13.88157582887619057, 19.41126642309284023, 8.646647944036436328 ) ) ;
#363 = MANIFOLD_SOLID_BREP ( '圆角5', #1341 ) ;
#364 = CARTESIAN_POINT ( 'NONE',  ( 90.75772972161895780, 20.35222153124716726, 11.25350766652265300 ) ) ;
#365 = AXIS2_PLACEMENT_3D ( 'NONE', #2368, #170, #2610 ) ;
#366 = STYLED_ITEM ( 'NONE', ( #203 ), #435 ) ;
#367 = CARTESIAN_POINT ( 'NONE',  ( -44.16886691365166229, 39.17060329879469549, 14.86083824584498281 ) ) ;
#368 = CARTESIAN_POINT ( 'NONE',  ( 60.73701680988371265, 49.35672768909211783, 1.277771868376790909 ) ) ;
#369 = AXIS2_PLACEMENT_3D ( 'NONE', #3117, #2901, #1649 ) ;
#370 = B_SPLINE_CURVE_WITH_KNOTS ( 'NONE', 3,
 ( #2478, #272, #1536, #24, #772, #39, #2496, #2718, #1012, #1773, #2925, #2944, #1737, #1030, #2736, #1945, #2961, #502, #1256, #292, #1466, #1274, #2020, #2224, #996, #2001, #720, #2261, #541, #1757, #2243, #736, #1293, #2999, #1980, #2446, #2686, #7, #2514, #521, #1704, #1500, #3187, #238, #2753, #754, #2278, #789, #1963, #1517, #309, #486, #1721, #1223, #2207, #557, #2979, #59 ),
 .UNSPECIFIED., .F., .F.,
 ( 4, 2, 2, 2, 2, 2, 2, 2, 2, 2, 2, 2, 2, 2, 2, 2, 2, 2, 2, 2, 2, 2, 2, 2, 2, 2, 2, 2, 4 ),
 ( 2.421229066978682820E-16, 0.0004275684750872958077, 0.0008551369501743495130, 0.001710273900348470693, 0.002565410850522591765, 0.003420547800696712836, 0.004275684750870833474, 0.005130821701044954546, 0.006841095601393196689, 0.008551369501741439699, 0.01026164340208968184, 0.01197191730243792399, 0.01368219120278616439, 0.01710273900348265042, 0.01881301290383087868, 0.02052328680417911042, 0.02394383460487557042, 0.02565410850522379868, 0.02650924545539791108, 0.02736438240557202695, 0.03420547800696489837, 0.03762602580766132715, 0.04104657360835776980, 0.05472876481114350572, 0.06156986041253637021, 0.06841095601392924164, 0.08209314721671498449, 0.09577533841950072735, 0.1094575296222864702 ),
 .UNSPECIFIED. ) ;
#371 = FACE_OUTER_BOUND ( 'NONE', #695, .T. ) ;
#372 = ORIENTED_EDGE ( 'NONE', *, *, #2796, .T. ) ;
#373 = CARTESIAN_POINT ( 'NONE',  ( 35.57400391510882542, 19.38719547631221829, 13.59329916211776457 ) ) ;
#374 = CARTESIAN_POINT ( 'NONE',  ( -27.58734301401824140, 24.81333076200828813, 13.49069502839583734 ) ) ;
#375 = CARTESIAN_POINT ( 'NONE',  ( -42.28589813427186783, 35.10005751309907396, 9.768836935959168244 ) ) ;
#376 = CARTESIAN_POINT ( 'NONE',  ( -11.78769749217221019, 47.56214827382387256, 10.83258386154531827 ) ) ;
#377 = CARTESIAN_POINT ( 'NONE',  ( 53.48661066286535970, 49.62443004950461045, -1.556024937057227031E-12 ) ) ;
#378 = CARTESIAN_POINT ( 'NONE',  ( -29.32158838904475573, 25.23249270856557658, 14.08398754611903669 ) ) ;
#379 = EDGE_CURVE ( 'NONE', #1020, #2536, #3026, .T. ) ;
#380 = CARTESIAN_POINT ( 'NONE',  ( 85.62023895716059485, 17.27077776391080732, 7.480239288259093122 ) ) ;
#381 = CARTESIAN_POINT ( 'NONE',  ( -44.16872658359742587, 39.98851985019355482, 14.85036540017799389 ) ) ;
#382 = EDGE_CURVE ( 'NONE', #121, #2149, #907, .T. ) ;
#383 = CARTESIAN_POINT ( 'NONE',  ( -29.15807572753789856, 48.79924404317914366, 15.00000000946449497 ) ) ;
#384 = CARTESIAN_POINT ( 'NONE',  ( -26.50626408713587168, 48.94496936467727721, 13.25606002497240077 ) ) ;
#385 = CARTESIAN_POINT ( 'NONE',  ( 67.84114157028919578, 46.52635160945962411, 1.240004324113079814 ) ) ;
#386 = CARTESIAN_POINT ( 'NONE',  ( 54.76874116989264252, 14.93787685808731780, 0.2003984641543551382 ) ) ;
#387 = ORIENTED_EDGE ( 'NONE', *, *, #1090, .F. ) ;
#388 = CARTESIAN_POINT ( 'NONE',  ( 48.96189878485100877, 13.17767086659933007, 15.31182598241341353 ) ) ;
#389 = UNCERTAINTY_MEASURE_WITH_UNIT (LENGTH_MEASURE( 1.000000000000000082E-05 ), #3157, 'distance_accuracy_value', 'NONE');
#390 = CARTESIAN_POINT ( 'NONE',  ( -26.51220692573626536, 24.62620773266885621, 13.19909128690890476 ) ) ;
#391 = CARTESIAN_POINT ( 'NONE',  ( -42.99580802111328381, 35.22950298731218055, 10.30225623240983523 ) ) ;
#392 = CARTESIAN_POINT ( 'NONE',  ( -22.37797150739056917, 48.50590595374207226, 12.29582571518183443 ) ) ;
#393 = CARTESIAN_POINT ( 'NONE',  ( -37.92676333801603050, 49.09402289754390836, 9.441298300544154642 ) ) ;
#394 = CARTESIAN_POINT ( 'NONE',  ( -17.62023747924129324, 23.29799243785972251, 12.02100314946754622 ) ) ;
#395 = CARTESIAN_POINT ( 'NONE',  ( 78.77543858151254597, 15.64133757125829227, 4.333477143158019906 ) ) ;
#396 = CARTESIAN_POINT ( 'NONE',  ( -36.55571943877970398, 48.52783256240901011, 8.328155661567185675 ) ) ;
#397 = ORIENTED_EDGE ( 'NONE', *, *, #1657, .F. ) ;
#398 = CARTESIAN_POINT ( 'NONE',  ( -44.16539262875770788, 39.11049794503240662, 14.65639071071049138 ) ) ;
#399 = EDGE_CURVE ( 'NONE', #1706, #2209, #1138, .T. ) ;
#400 = CARTESIAN_POINT ( 'NONE',  ( -28.24058066271549805, 49.13929194378828669, 13.77387703313613976 ) ) ;
#401 = CARTESIAN_POINT ( 'NONE',  ( 80.57664369874522947, 46.17397051230520333, 6.057056552310368325 ) ) ;
#402 = CARTESIAN_POINT ( 'NONE',  ( -26.45126698341133320, 48.38229317865887680, 14.15845765754678531 ) ) ;
#403 = ORIENTED_EDGE ( 'NONE', *, *, #810, .T. ) ;
#404 = CARTESIAN_POINT ( 'NONE',  ( -29.25551623892739528, 24.90459176926739460, 15.76038502048991674 ) ) ;
#405 = FACE_OUTER_BOUND ( 'NONE', #1137, .T. ) ;
#406 = CARTESIAN_POINT ( 'NONE',  ( -44.16897161854465281, 39.17205443556045452, 14.86350123612688989 ) ) ;
#407 = CARTESIAN_POINT ( 'NONE',  ( -27.57725880573865851, 49.06198870066130979, 13.52246734866578493 ) ) ;
#408 = CARTESIAN_POINT ( 'NONE',  ( -39.06231720494498205, 48.54957773113328301, 8.666375274651832328 ) ) ;
#409 = CARTESIAN_POINT ( 'NONE',  ( -26.64872829579281088, 24.64742290511469136, 13.23423528894294599 ) ) ;
#410 = CARTESIAN_POINT ( 'NONE',  ( 88.03968377367382914, 17.75212235199438382, 9.681987788926912586 ) ) ;
#411 = CARTESIAN_POINT ( 'NONE',  ( -42.07657307081229447, 44.91949281751865186, 9.643851751677981810 ) ) ;
#412 = ORIENTED_EDGE ( 'NONE', *, *, #1875, .T. ) ;
#413 = CARTESIAN_POINT ( 'NONE',  ( -1.437751927869557633, 46.14760711343691924, 10.90572780631307026 ) ) ;
#414 = CARTESIAN_POINT ( 'NONE',  ( -25.62889496348277518, 48.84916798696973927, 13.02995939625011879 ) ) ;
#415 = CARTESIAN_POINT ( 'NONE',  ( 56.69956210714347122, 48.89606616495955649, 0.05188464638693499054 ) ) ;
#416 = VECTOR ( 'NONE', #198, 1000.000000000000000 ) ;
#417 = CARTESIAN_POINT ( 'NONE',  ( -23.60297552501116058, 47.97568617496595778, 13.50419966555767814 ) ) ;
#418 = ORIENTED_EDGE ( 'NONE', *, *, #2296, .T. ) ;
#419 = CARTESIAN_POINT ( 'NONE',  ( 48.93109733826396024, 16.47647787252880391, 14.21252679680350361 ) ) ;
#420 = EDGE_CURVE ( 'NONE', #1485, #964, #673, .T. ) ;
#421 = UNCERTAINTY_MEASURE_WITH_UNIT (LENGTH_MEASURE( 1.000000000000000082E-05 ), #2656, 'distance_accuracy_value', 'NONE');
#422 = CARTESIAN_POINT ( 'NONE',  ( -44.18039803234069041, 39.61955227874626928, 14.98906432577621750 ) ) ;
#423 = CARTESIAN_POINT ( 'NONE',  ( -44.15031897520022852, 38.86272691174986704, 14.27530680102167615 ) ) ;
#424 = CARTESIAN_POINT ( 'NONE',  ( 58.18717483616556052, 14.42157328149468754, 1.107560981562562885 ) ) ;
#425 = CARTESIAN_POINT ( 'NONE',  ( 86.73677643279896188, 30.07552512577783688, 15.00000000000000000 ) ) ;
#426 = CARTESIAN_POINT ( 'NONE',  ( -24.93186729296260395, 24.39509686543258837, 13.51499647566986262 ) ) ;
#427 = CARTESIAN_POINT ( 'NONE',  ( 66.42709011244306794, 14.27037669900220074, 0.9919112467824937607 ) ) ;
#428 = CARTESIAN_POINT ( 'NONE',  ( 48.95270129619515131, 15.80182949597494080, 13.36453845176655975 ) ) ;
#429 = ORIENTED_EDGE ( 'NONE', *, *, #1778, .T. ) ;
#430 = CARTESIAN_POINT ( 'NONE',  ( 0.9542647596182589620, 46.03067770456152630, 10.73558780274865931 ) ) ;
#431 = CARTESIAN_POINT ( 'NONE',  ( -25.47390313661632533, 48.23084109000283348, 13.91921353677314599 ) ) ;
#432 = CARTESIAN_POINT ( 'NONE',  ( 59.44055182586027541, 49.89765710739323623, 15.00000000000000000 ) ) ;
#433 = CARTESIAN_POINT ( 'NONE',  ( -23.98632665207961168, 49.02925930429154278, 8.009747706436376902 ) ) ;
#434 = CARTESIAN_POINT ( 'NONE',  ( 48.95871611548886193, 15.55424731638851199, 13.19457880660964122 ) ) ;
#435 = MANIFOLD_SOLID_BREP ( '切除-拉伸1[2]', #520 ) ;
#436 = CARTESIAN_POINT ( 'NONE',  ( -44.10543319671106843, 38.54532641312986385, 13.43307796590048753 ) ) ;
#437 = DIRECTION ( 'NONE',  ( 0.000000000000000000, -1.000000000000000000, 0.000000000000000000 ) ) ;
#438 = EDGE_LOOP ( 'NONE', ( #981, #841, #245, #488, #2309, #643 ) ) ;
#439 = CARTESIAN_POINT ( 'NONE',  ( 55.63030110107261805, 50.21738620604806158, 15.44467284976042265 ) ) ;
#440 = CARTESIAN_POINT ( 'NONE',  ( -42.66291000528639188, 45.09927431719382440, 10.65936740158859664 ) ) ;
#441 = CARTESIAN_POINT ( 'NONE',  ( -28.25221853248306658, 24.95534163771484160, 14.34455869947226603 ) ) ;
#442 = CARTESIAN_POINT ( 'NONE',  ( 62.92864573151223340, 14.30819712238606911, 1.512008146902869887 ) ) ;
#443 = CARTESIAN_POINT ( 'NONE',  ( -34.05422710139506393, 48.81991163956332969, 8.207228382881950779 ) ) ;
#444 = ORIENTED_EDGE ( 'NONE', *, *, #2605, .T. ) ;
#445 = B_SPLINE_CURVE_WITH_KNOTS ( 'NONE', 3,
 ( #781, #1730, #2470, #432, #180, #511 ),
 .UNSPECIFIED., .F., .F.,
 ( 4, 1, 1, 4 ),
 ( 0.002562222259494268371, 0.2574513467827290736, 0.2669903835719162344, 0.3059455175636786040 ),
 .UNSPECIFIED. ) ;
#446 = DIRECTION ( 'NONE',  ( 1.000000000000000000, 0.000000000000000000, 0.000000000000000000 ) ) ;
#447 = CARTESIAN_POINT ( 'NONE',  ( 22.18814240937605575, 46.72958756535196301, 10.22051617901828990 ) ) ;
#448 = CARTESIAN_POINT ( 'NONE',  ( 52.44517498106051789, 48.44789153732704534, 1.897353801849632760E-16 ) ) ;
#449 = CARTESIAN_POINT ( 'NONE',  ( 15.70674081100430541, 45.57642446824802818, 3.811386623083313996 ) ) ;
#450 = ORIENTED_EDGE ( 'NONE', *, *, #1143, .T. ) ;
#451 = CARTESIAN_POINT ( 'NONE',  ( 12.42191434431022223, 24.64286806442233413, 9.567423495518349696 ) ) ;
#452 = PRESENTATION_STYLE_ASSIGNMENT (( #1944 ) ) ;
#453 = CARTESIAN_POINT ( 'NONE',  ( -43.93456036682466248, 37.57045460393399594, 12.26365533787353534 ) ) ;
#454 = CARTESIAN_POINT ( 'NONE',  ( 91.13281526831860901, 40.78750297616568332, 11.52502243408076943 ) ) ;
#455 = ORIENTED_EDGE ( 'NONE', *, *, #3003, .F. ) ;
#456 = CARTESIAN_POINT ( 'NONE',  ( -43.68856279740125359, 42.50979527817997905, 11.45814776884527575 ) ) ;
#457 = CARTESIAN_POINT ( 'NONE',  ( 55.22510022740515723, 48.80125116109764605, 0.007563836732995054407 ) ) ;
#458 = CARTESIAN_POINT ( 'NONE',  ( -40.70336405943149316, 47.42289515180777926, 9.915290817948003266 ) ) ;
#459 = CARTESIAN_POINT ( 'NONE',  ( 30.26058599867115362, 16.42971469516552574, 2.815057219470584293 ) ) ;
#460 = CARTESIAN_POINT ( 'NONE',  ( -24.41566661568484520, 22.99168599882267117, 13.61899887724287872 ) ) ;
#461 = CARTESIAN_POINT ( 'NONE',  ( -9.570666487754456497, 51.80395618651829892, 14.77608173174088968 ) ) ;
#462 = CARTESIAN_POINT ( 'NONE',  ( 9.514065160352268791, 46.58262177726184206, 9.315261274448449313 ) ) ;
#463 = CARTESIAN_POINT ( 'NONE',  ( 54.79632900297714571, 48.75766715801761109, -1.301042606982605321E-15 ) ) ;
#464 = CARTESIAN_POINT ( 'NONE',  ( -36.84795550201608449, 15.51996108067987734, 7.949715274160109146 ) ) ;
#465 = B_SPLINE_SURFACE_WITH_KNOTS ( 'NONE', 3, 3, ( 
 ( #679, #1362, #1890, #3150, #938, #1606, #1375 ),
 ( #2841, #2361, #1136, #2118, #1153, #428, #906 ),
 ( #3103, #2134, #892, #2870, #666, #1406, #2214 ),
 ( #955, #2918, #2951, #2726, #30, #3195, #2660 ),
 ( #1490, #712, #1473, #1457, #3179, #228, #986 ),
 ( #2453, #1201, #2438, #1936, #1988, #2199, #530 ),
 ( #969, #1970, #477, #2677, #1247, #2420, #1019 ),
 ( #2468, #1728, #509, #1694, #744, #1507, #1216 ),
 ( #1231, #2709, #279, #261, #2231, #2969, #14 ),
 ( #1002, #2486, #1681, #1953, #494, #761, #1744 ),
 ( #1710, #2933, #1264, #2250, #211, #244, #2007 ),
 ( #2182, #460, #694, #1439, #3165, #2693, #727 ),
 ( #2789, #2073, #65, #2026, #2300, #2806, #315 ),
 ( #2313, #1331, #578, #1057, #608, #2042, #112 ),
 ( #3006, #595, #360, #778, #797, #2502, #1524 ),
 ( #2284, #47, #3054, #1560, #345, #1764, #2554 ),
 ( #95, #1074, #1299, #2743, #2056, #1781, #3040 ),
 ( #1542, #1797, #299, #3023, #332, #1087, #813 ) ),
 .UNSPECIFIED., .T., .F., .F.,
 ( 4, 1, 1, 1, 1, 2, 2, 2, 1, 1, 1, 1, 4 ),
 ( 4, 1, 1, 1, 4 ),
 ( 0.000000000000000000, 0.01249999999999995559, 0.02499999999999991118, 0.03750000000000008882, 0.05000000000000004441, 0.2500000000000000000, 0.5000000000000000000, 0.7500000000000000000, 0.9499999999999999556, 0.9625000000000000222, 0.9749999999999999778, 0.9875000000000000444, 1.000000000000000000 ),
 ( 0.000000000000000000, 0.1785101707367824919, 0.5300376096553749417, 0.7655067288412079618, 1.000000000000000000 ),
 .UNSPECIFIED. ) ;
#466 = CARTESIAN_POINT ( 'NONE',  ( 35.55832509411804665, 15.76865166442963151, 10.57348332694561321 ) ) ;
#467 = AXIS2_PLACEMENT_3D ( 'NONE', #1621, #894, #146 ) ;
#468 = CIRCLE ( 'NONE', #1756, 1.000000000000000888 ) ;
#469 =( NAMED_UNIT ( * ) PLANE_ANGLE_UNIT ( ) SI_UNIT ( $, .RADIAN. ) );
#470 = CARTESIAN_POINT ( 'NONE',  ( -43.84442359484418006, 37.51301308816098867, 11.90284348720484076 ) ) ;
#471 = CARTESIAN_POINT ( 'NONE',  ( 20.34064458968235201, 46.67532201811687997, 9.342324678289447348 ) ) ;
#472 = ORIENTED_EDGE ( 'NONE', *, *, #3137, .T. ) ;
#473 = CARTESIAN_POINT ( 'NONE',  ( -42.69111007687663317, 44.15965821932091728, 10.06397896146286008 ) ) ;
#474 = CARTESIAN_POINT ( 'NONE',  ( 60.30167107770676438, 48.47411792604826530, 0.2657526103690038832 ) ) ;
#475 = CARTESIAN_POINT ( 'NONE',  ( 54.79632900297714571, 48.75766715801761109, -1.301042606982605321E-15 ) ) ;
#476 = DIRECTION ( 'NONE',  ( 1.000000000000000000, 0.000000000000000000, 0.000000000000000000 ) ) ;
#477 = CARTESIAN_POINT ( 'NONE',  ( -9.687245267977408147, 26.55653327561820021, 15.88198281313294835 ) ) ;
#478 = ORIENTED_EDGE ( 'NONE', *, *, #583, .F. ) ;
#479 = CARTESIAN_POINT ( 'NONE',  ( 42.28791149577914865, 50.98689785415826492, 17.20898168575222442 ) ) ;
#480 = CARTESIAN_POINT ( 'NONE',  ( 38.34715799035500083, 47.73043170471040497, 11.63955522812416099 ) ) ;
#481 = CARTESIAN_POINT ( 'NONE',  ( -16.26962580081861987, 47.93120555193970489, 7.685899690123584094 ) ) ;
#482 =( BOUNDED_SURFACE ( )  B_SPLINE_SURFACE ( 3, 2, ( 
 ( #920, #1905, #2181 ),
 ( #693, #678, #192 ),
 ( #1664, #1680, #1421 ),
 ( #2659, #2405, #1183 ),
 ( #459, #1438, #2230 ),
 ( #1727, #777, #1298 ),
 ( #1987, #2006, #2985 ),
 ( #2742, #298, #2758 ),
 ( #2249, #546, #2283 ),
 ( #2467, #1263, #562 ),
 ( #1472, #2485, #13 ),
 ( #812, #529, #795 ),
 ( #1743, #1506, #1523 ),
 ( #1780, #46, #1279 ),
 ( #260, #1796, #2025 ),
 ( #985, #2213, #2725 ),
 ( #29, #2452, #1541 ),
 ( #2501, #1246, #64 ),
 ( #3194, #2520, #2774 ),
 ( #243, #1001, #1969 ),
 ( #314, #1018, #1763 ),
 ( #1489, #1037, #278 ),
 ( #2950, #2266, #2968 ),
 ( #1056, #3005, #2040 ),
 ( #760, #3022, #1230 ),
 ( #743, #2708, #508 ),
 ( #1574, #1103, #1613 ),
 ( #1356, #3096, #2805 ),
 ( #633, #845, #607 ),
 ( #2539, #871, #2339 ),
 ( #2084, #2553, #886 ),
 ( #94, #3066, #858 ),
 ( #2326, #577, #1855 ),
 ( #2819, #344, #2354 ),
 ( #2299, #2835, #1870 ),
 ( #2312, #1559, #1842 ),
 ( #1370, #3080, #124 ),
 ( #1314, #594, #1116 ),
 ( #1329, #1073, #618 ),
 ( #77, #2596, #1829 ),
 ( #1086, #2072, #2112 ),
 ( #3053, #1587, #139 ),
 ( #2568, #1599, #359 ),
 ( #331, #2098, #2582 ),
 ( #829, #2788, #375 ),
 ( #2055, #391, #3039 ),
 ( #1343, #1816, #1130 ),
 ( #111, #2176, #901 ),
 ( #2652, #204, #1177 ),
 ( #674, #2667, #2611 ),
 ( #1630, #2143, #3143 ),
 ( #1384, #3171, #470 ),
 ( #686, #453, #3112 ),
 ( #1450, #1885, #171 ),
 ( #186, #2431, #932 ),
 ( #947, #1194, #436 ),
 ( #221, #646, #660 ),
 ( #1928, #1431, #2849 ),
 ( #423, #2158, #3158 ),
 ( #2865, #1400, #2911 ),
 ( #1915, #1208, #1645 ),
 ( #2627, #2191, #406 ),
 ( #962, #2639, #1675 ),
 ( #2384, #2895, #2413 ),
 ( #703, #1687, #2369 ),
 ( #1162, #3128, #155 ),
 ( #1901, #1147, #2128 ),
 ( #2879, #915, #1659 ) ),
 .UNSPECIFIED., .F., .F., .F. ) 
 B_SPLINE_SURFACE_WITH_KNOTS ( ( 4, 2, 2, 2, 2, 2, 2, 2, 2, 2, 2, 2, 2, 2, 2, 2, 2, 2, 2, 2, 2, 2, 2, 2, 2, 2, 2, 2, 2, 2, 2, 2, 2, 4 ),
 ( 3, 3 ),
 ( 0.06026230766251892967, 0.07346370718232086983, 0.08666510670212282386, 0.09986650622192476401, 0.1064672059818257410, 0.1130679057417267042, 0.1262693052615286582, 0.1295696551414791675, 0.1328700050214296491, 0.1394707047813306122, 0.1402957922513182187, 0.1411208797213058530, 0.1427710546612810938, 0.1444212296012563346, 0.1460714045412315754, 0.1477215794812068161, 0.1493717544211820569, 0.1526721043011325385, 0.1543222792411077793, 0.1559724541810830201, 0.1576226291210582608, 0.1584477165910458951, 0.1592728040610335016, 0.1600978915310211081, 0.1609229790010087424, 0.1617480664709963767, 0.1625731539409839832, 0.1633982414109716175, 0.1642233288809592517, 0.1646358726159530550, 0.1650484163509468583, 0.1652546882184437738, 0.1654609600859406893, 0.1658735038209344925 ),
 ( 0.000000000000000000, 1.000000000000000000 ),
 .UNSPECIFIED. ) 
 GEOMETRIC_REPRESENTATION_ITEM ( )  RATIONAL_B_SPLINE_SURFACE ( (
 ( 1.000000000000000000, 0.7073072637892586778, 1.000000000000000000),
 ( 1.000000000000000000, 0.7081013355118083163, 1.000000000000000000),
 ( 1.000000000000000000, 0.7092433333400500750, 1.000000000000000000),
 ( 1.000000000000000000, 0.7113253621691124629, 1.000000000000000000),
 ( 1.000000000000000000, 0.7122615995390847443, 1.000000000000000000),
 ( 1.000000000000000000, 0.7133015252458386746, 1.000000000000000000),
 ( 1.000000000000000000, 0.7134061583580191268, 1.000000000000000000),
 ( 1.000000000000000000, 0.7126771401520753946, 1.000000000000000000),
 ( 1.000000000000000000, 0.7122883478303115856, 1.000000000000000000),
 ( 1.000000000000000000, 0.7112009696478028831, 1.000000000000000000),
 ( 1.000000000000000000, 0.7106298838901538018, 1.000000000000000000),
 ( 1.000000000000000000, 0.7100798429224638442, 1.000000000000000000),
 ( 1.000000000000000000, 0.7108822186627388184, 1.000000000000000000),
 ( 1.000000000000000000, 0.7133141430911148495, 1.000000000000000000),
 ( 1.000000000000000000, 0.7139312331692058144, 1.000000000000000000),
 ( 1.000000000000000000, 0.7150115965887049452, 1.000000000000000000),
 ( 1.000000000000000000, 0.7152646949744070337, 1.000000000000000000),
 ( 1.000000000000000000, 0.7152259547590533728, 1.000000000000000000),
 ( 1.000000000000000000, 0.7141329872493167308, 1.000000000000000000),
 ( 1.000000000000000000, 0.7118914235258805290, 1.000000000000000000),
 ( 1.000000000000000000, 0.7115522610176919782, 1.000000000000000000),
 ( 1.000000000000000000, 0.7112165985877040297, 1.000000000000000000),
 ( 1.000000000000000000, 0.7113231429698352315, 1.000000000000000000),
 ( 1.000000000000000000, 0.7110707901026790401, 1.000000000000000000),
 ( 1.000000000000000000, 0.7106181263936387493, 1.000000000000000000),
 ( 1.000000000000000000, 0.7094153364057916855, 1.000000000000000000),
 ( 1.000000000000000000, 0.7085490480766123422, 1.000000000000000000),
 ( 1.000000000000000000, 0.7071616675020433451, 1.000000000000000000),
 ( 1.000000000000000000, 0.7066535846495524131, 1.000000000000000000),
 ( 1.000000000000000000, 0.7064883865289993681, 1.000000000000000000),
 ( 1.000000000000000000, 0.7068339875487699153, 1.000000000000000000),
 ( 1.000000000000000000, 0.7087505772911393276, 1.000000000000000000),
 ( 1.000000000000000000, 0.7103349098339329926, 1.000000000000000000),
 ( 1.000000000000000000, 0.7171266861574649987, 1.000000000000000000),
 ( 1.000000000000000000, 0.7243790776998106917, 1.000000000000000000),
 ( 1.000000000000000000, 0.7379435476445234121, 1.000000000000000000),
 ( 1.000000000000000000, 0.7428571695356196436, 1.000000000000000000),
 ( 1.000000000000000000, 0.7534732552659602067, 1.000000000000000000),
 ( 1.000000000000000000, 0.7601012387368876189, 1.000000000000000000),
 ( 1.000000000000000000, 0.7778905720534113888, 1.000000000000000000),
 ( 1.000000000000000000, 0.7888701705084122384, 1.000000000000000000),
 ( 1.000000000000000000, 0.8112142921933124251, 1.000000000000000000),
 ( 1.000000000000000000, 0.8196595220931661707, 1.000000000000000000),
 ( 1.000000000000000000, 0.8395062157797087421, 1.000000000000000000),
 ( 1.000000000000000000, 0.8508648619234300270, 1.000000000000000000),
 ( 1.000000000000000000, 0.8777571384064393190, 1.000000000000000000),
 ( 1.000000000000000000, 0.8935859900675813261, 1.000000000000000000),
 ( 1.000000000000000000, 0.9235008037123779712, 1.000000000000000000),
 ( 1.000000000000000000, 0.9376852115760409001, 1.000000000000000000),
 ( 1.000000000000000000, 0.9600402595543072737, 1.000000000000000000),
 ( 1.000000000000000000, 0.9682836613202140397, 1.000000000000000000),
 ( 1.000000000000000000, 0.9806700104349498348, 1.000000000000000000),
 ( 1.000000000000000000, 0.9849275916824437038, 1.000000000000000000),
 ( 1.000000000000000000, 0.9912919010394960484, 1.000000000000000000),
 ( 1.000000000000000000, 0.9934090411122008524, 1.000000000000000000),
 ( 1.000000000000000000, 0.9965639621621699140, 1.000000000000000000),
 ( 1.000000000000000000, 0.9975819971669448449, 1.000000000000000000),
 ( 1.000000000000000000, 0.9986416349709267282, 1.000000000000000000),
 ( 1.000000000000000000, 0.9989151414028809572, 1.000000000000000000),
 ( 1.000000000000000000, 0.9993410892085403674, 1.000000000000000000),
 ( 1.000000000000000000, 0.9994927932397170700, 1.000000000000000000),
 ( 1.000000000000000000, 0.9996473164835959491, 1.000000000000000000),
 ( 1.000000000000000000, 0.9996906491824150143, 1.000000000000000000),
 ( 1.000000000000000000, 0.9997386687144763640, 1.000000000000000000),
 ( 1.000000000000000000, 0.9997626230911565992, 1.000000000000000000),
 ( 1.000000000000000000, 0.9998341417989171642, 1.000000000000000000),
 ( 1.000000000000000000, 0.9998814957472245135, 1.000000000000000000),
 ( 1.000000000000000000, 0.9999271203344285430, 1.000000000000000000) ) ) 
 REPRESENTATION_ITEM ( '' )  SURFACE ( )  );
#483 = CARTESIAN_POINT ( 'NONE',  ( 33.69334559096529347, 46.34208945016707304, 1.375141016969837482 ) ) ;
#484 = CARTESIAN_POINT ( 'NONE',  ( 12.41977198046615882, 22.98154217962877865, 8.362436778460700992 ) ) ;
#485 = CARTESIAN_POINT ( 'NONE',  ( 79.56968421846454476, 49.12636133227525903, 2.887253442903172651 ) ) ;
#486 = CARTESIAN_POINT ( 'NONE',  ( 16.79414584180371861, 18.09890207856723521, 4.679825334796800185 ) ) ;
#487 = CARTESIAN_POINT ( 'NONE',  ( 27.48464722899857193, 46.93782323051762972, 9.715899937179763413 ) ) ;
#488 = ORIENTED_EDGE ( 'NONE', *, *, #2346, .T. ) ;
#489 = CARTESIAN_POINT ( 'NONE',  ( -43.90950092066356092, 42.10055919236749844, 12.38063243448708306 ) ) ;
#490 = CARTESIAN_POINT ( 'NONE',  ( 54.74542672906344620, 14.55303849486862866, 0.9999999999999988898 ) ) ;
#491 = CARTESIAN_POINT ( 'NONE',  ( -29.25551623892739883, 49.63436862317865206, 15.69623929279430996 ) ) ;
#492 = CARTESIAN_POINT ( 'NONE',  ( -34.70595803946464031, 49.83353611250456794, 9.217774379821863207 ) ) ;
#493 = CARTESIAN_POINT ( 'NONE',  ( 55.63030110107261095, 49.74638534716291360, 15.12170112425792468 ) ) ;
#494 = CARTESIAN_POINT ( 'NONE',  ( 35.56667381923287508, 12.12345087407070920, 15.65712325743024635 ) ) ;
#495 = ORIENTED_EDGE ( 'NONE', *, *, #169, .T. ) ;
#496 = CARTESIAN_POINT ( 'NONE',  ( 56.21504888367012853, 49.87847770439437056, 0.03461937401879257997 ) ) ;
#497 = CARTESIAN_POINT ( 'NONE',  ( -24.32490197113977004, 48.42203908938905244, 13.18779145998485625 ) ) ;
#498 = CARTESIAN_POINT ( 'NONE',  ( 54.38361398657969659, 49.22749098221048314, 14.48074948111054461 ) ) ;
#499 = CARTESIAN_POINT ( 'NONE',  ( -21.54989730814469340, 48.42255845847104467, 8.514679102860421622 ) ) ;
#500 = CARTESIAN_POINT ( 'NONE',  ( 22.90144785758933565, 45.74086924937395793, 2.843324093124802499 ) ) ;
#501 = CARTESIAN_POINT ( 'NONE',  ( 48.98467704100038134, 13.95112310334868866, 13.07655193793153181 ) ) ;
#502 = CARTESIAN_POINT ( 'NONE',  ( -42.31362594650882158, 34.11762725298137866, 10.45613271265396094 ) ) ;
#503 = CARTESIAN_POINT ( 'NONE',  ( 40.11794899341667531, 16.23508220015333947, 11.69922728568829129 ) ) ;
#504 = EDGE_LOOP ( 'NONE', ( #2401, #2710, #2903, #41 ) ) ;
#505 = CARTESIAN_POINT ( 'NONE',  ( -44.02194238092679512, 41.40064896304080122, 12.72346653027106278 ) ) ;
#506 = CARTESIAN_POINT ( 'NONE',  ( 61.50826713958258551, 48.03197979519713101, 0.3718817995779696295 ) ) ;
#507 = CARTESIAN_POINT ( 'NONE',  ( -44.10452158395546718, 40.98777509881416847, 13.53324275781154817 ) ) ;
#508 = CARTESIAN_POINT ( 'NONE',  ( -29.04301623597157089, 26.18072222788510572, 8.187060679670034702 ) ) ;
#509 = CARTESIAN_POINT ( 'NONE',  ( -9.656772623593258942, 24.01713263268672804, 19.70120274111826930 ) ) ;
#510 = ORIENTED_EDGE ( 'NONE', *, *, #1568, .T. ) ;
#511 = CARTESIAN_POINT ( 'NONE',  ( 55.63030110107260384, 49.83789526655142765, 15.00000000000000000 ) ) ;
#512 = CARTESIAN_POINT ( 'NONE',  ( 19.07013191702202803, 46.91501148869624416, 8.740279385896062792 ) ) ;
#513 = CARTESIAN_POINT ( 'NONE',  ( 51.82188321740554215, 49.36987151521108785, 13.10976591154297566 ) ) ;
#514 = B_SPLINE_CURVE_WITH_KNOTS ( 'NONE', 3,
 ( #558, #2002, #840, #2051, #310, #2784, #1518, #2067, #73, #1758 ),
 .UNSPECIFIED., .F., .F.,
 ( 4, 2, 2, 2, 4 ),
 ( -4.869291272712056182E-05, 0.0003457172778761216322, 0.0007401274684793638465, 0.001134537659082606115, 0.001528947849685848275 ),
 .UNSPECIFIED. ) ;
#515 = CARTESIAN_POINT ( 'NONE',  ( -43.59346327560482592, 36.90946583122998703, 11.18203712712806386 ) ) ;
#516 = FACE_OUTER_BOUND ( 'NONE', #1954, .T. ) ;
#517 = CARTESIAN_POINT ( 'NONE',  ( 89.58024516544399773, 42.38436671895509988, 9.806979514856308811 ) ) ;
#518 = EDGE_CURVE ( 'NONE', #2454, #1711, #1962, .T. ) ;
#519 = DIRECTION ( 'NONE',  ( -1.000000000000000000, 0.000000000000000000, 0.000000000000000000 ) ) ;
#520 = CLOSED_SHELL ( 'NONE', ( #233, #1992, #1996 ) ) ;
#521 = CARTESIAN_POINT ( 'NONE',  ( -23.87255673262625777, 24.24117081007020147, 8.819905235308130642 ) ) ;
#522 = CARTESIAN_POINT ( 'NONE',  ( -13.70268743506037268, 23.47369150661644355, 11.55186274853663342 ) ) ;
#523 = VERTEX_POINT ( 'NONE', #2547 ) ;
#524 = CARTESIAN_POINT ( 'NONE',  ( -44.16852190140138390, 40.00475920555005160, 14.83212802751763171 ) ) ;
#525 = EDGE_CURVE ( 'NONE', #1596, #1989, #1049, .T. ) ;
#526 = DIRECTION ( 'NONE',  ( -0.8240855012871544094, 0.000000000000000000, -0.5664654328097166180 ) ) ;
#527 = AXIS2_PLACEMENT_3D ( 'NONE', #1679, #1455, #226 ) ;
#528 = CARTESIAN_POINT ( 'NONE',  ( -25.67223905940226558, 25.98246098229336098, 14.99999999999998401 ) ) ;
#529 = CARTESIAN_POINT ( 'NONE',  ( -4.124688290934059864, 21.20060400105485598, 5.540971183362877639 ) ) ;
#530 = CARTESIAN_POINT ( 'NONE',  ( 55.63030110107261095, 14.95749985179096164, 14.64909062267552109 ) ) ;
#531 = ORIENTED_EDGE ( 'NONE', *, *, #1875, .F. ) ;
#532 = STYLED_ITEM ( 'NONE', ( #1555 ), #1064 ) ;
#533 = CARTESIAN_POINT ( 'NONE',  ( 58.96609592499095243, 49.82259563051385243, 0.1636740431296165310 ) ) ;
#534 = CARTESIAN_POINT ( 'NONE',  ( -29.25551623892739883, 48.78017030590559955, 15.15196355034296261 ) ) ;
#535 = CARTESIAN_POINT ( 'NONE',  ( -44.18023141623448424, 39.39994220421404236, 14.98554433122225582 ) ) ;
#536 = CYLINDRICAL_SURFACE ( 'NONE', #1029, 0.8999999999999980238 ) ;
#537 = CARTESIAN_POINT ( 'NONE',  ( 10.47612722179484379, 19.99057214263860871, 4.427207522670435047 ) ) ;
#538 = CARTESIAN_POINT ( 'NONE',  ( -24.68337843412354715, 48.74771966949270308, 7.891128982371422573 ) ) ;
#539 = CARTESIAN_POINT ( 'NONE',  ( 91.63005394142037119, 40.15187043473179784, 0.9999999999999991118 ) ) ;
#540 = CARTESIAN_POINT ( 'NONE',  ( -33.16283024128154722, 48.71179692823643848, 8.190842972182736048 ) ) ;
#541 = CARTESIAN_POINT ( 'NONE',  ( -34.31470548764495021, 27.25512088735437288, 9.202072964100045382 ) ) ;
#542 = CARTESIAN_POINT ( 'NONE',  ( -29.25551623892739173, 25.21515200435775128, 14.40791711553195142 ) ) ;
#543 = ORIENTED_EDGE ( 'NONE', *, *, #399, .T. ) ;
#544 = CARTESIAN_POINT ( 'NONE',  ( -44.16979987389078843, 39.92273359764505614, 14.93616218514515914 ) ) ;
#545 = CARTESIAN_POINT ( 'NONE',  ( 19.04533185557955122, 40.31810819259916201, 11.11243480883407564 ) ) ;
#546 = CARTESIAN_POINT ( 'NONE',  ( 8.718443610552666811, 19.25249352121283763, 4.614179623724017354 ) ) ;
#547 = DIRECTION ( 'NONE',  ( 0.000000000000000000, 0.000000000000000000, -1.000000000000000000 ) ) ;
#548 = EDGE_LOOP ( 'NONE', ( #1468, #2720, #1620, #1626 ) ) ;
#549 = CARTESIAN_POINT ( 'NONE',  ( 13.75879966742789939, 18.53046075435380402, 8.547608088203769938 ) ) ;
#550 = CARTESIAN_POINT ( 'NONE',  ( 55.63030110107261095, 49.44093938107531727, 14.67005159148667204 ) ) ;
#551 = CARTESIAN_POINT ( 'NONE',  ( 91.39604175756841187, 22.29470213354695218, 11.01653460554189579 ) ) ;
#552 = CARTESIAN_POINT ( 'NONE',  ( -29.25551623892739883, 48.80925940543183827, 15.06129602040718218 ) ) ;
#553 = CARTESIAN_POINT ( 'NONE',  ( -27.99305251277384698, 25.91022571635219407, 8.151910685115437261 ) ) ;
#554 = CARTESIAN_POINT ( 'NONE',  ( -5.903965383160549862, 46.14172084315403310, 5.642208491869788567 ) ) ;
#555 = CARTESIAN_POINT ( 'NONE',  ( -5.505336275516397926, 46.29874142410038473, 15.00000000000000000 ) ) ;
#556 = CARTESIAN_POINT ( 'NONE',  ( -3.788439626341088218, 46.26251622944382547, 11.07292815047822288 ) ) ;
#557 = CARTESIAN_POINT ( 'NONE',  ( 42.54371883459397452, 15.26624869501812398, 1.405740738581937599 ) ) ;
#558 = CARTESIAN_POINT ( 'NONE',  ( 51.22690651032317533, 14.72047539744250244, 1.000000000000001332 ) ) ;
#559 = EDGE_LOOP ( 'NONE', ( #3173, #779, #1179, #387 ) ) ;
#560 = CARTESIAN_POINT ( 'NONE',  ( -9.643508769390654933, 24.31489268139412374, 11.41268999839317644 ) ) ;
#561 = CARTESIAN_POINT ( 'NONE',  ( 42.39128735818507465, 45.25783034385540304, 13.40781838747929555 ) ) ;
#562 = CARTESIAN_POINT ( 'NONE',  ( 4.597648573288093843, 20.86485661848194439, 4.982689552287813406 ) ) ;
#563 = FACE_OUTER_BOUND ( 'NONE', #294, .T. ) ;
#564 = CARTESIAN_POINT ( 'NONE',  ( 38.13156415187904713, 15.65803779479896818, 11.20337253521369902 ) ) ;
#565 = CARTESIAN_POINT ( 'NONE',  ( 55.63030110107261805, 49.27005242999398149, 14.85366273049711694 ) ) ;
#566 = CARTESIAN_POINT ( 'NONE',  ( 52.38934844774896504, 14.65883317104207251, -1.083840205009172810E-11 ) ) ;
#567 = EDGE_CURVE ( 'NONE', #3035, #868, #753, .T. ) ;
#568 = CARTESIAN_POINT ( 'NONE',  ( 42.33094293522686513, 49.38057122233642104, 12.26905003161343366 ) ) ;
#569 = CARTESIAN_POINT ( 'NONE',  ( 87.11088606791967948, 29.33591936345620965, 8.315570121773374623 ) ) ;
#570 = CARTESIAN_POINT ( 'NONE',  ( -25.56249006583832895, 48.84200046436114206, 7.984605754568931957 ) ) ;
#571 = CARTESIAN_POINT ( 'NONE',  ( 42.36683708770569012, 47.16014198659387802, 0.4619354709698151318 ) ) ;
#572 = CARTESIAN_POINT ( 'NONE',  ( -1.373725083349725873, 46.92047527765889470, 9.920869804049269547 ) ) ;
#573 = CARTESIAN_POINT ( 'NONE',  ( 63.09639139189373935, 48.51127563171154122, 1.511488837154426612 ) ) ;
#574 = ORIENTED_EDGE ( 'NONE', *, *, #100, .F. ) ;
#575 = CARTESIAN_POINT ( 'NONE',  ( -44.17037193647137627, 39.76438271511599254, 14.99997973971281340 ) ) ;
#576 = CARTESIAN_POINT ( 'NONE',  ( 27.26580307268723047, 16.77468138067602155, 8.694392763161879145 ) ) ;
#577 = CARTESIAN_POINT ( 'NONE',  ( -34.62587843793577491, 27.42579717704699860, 8.215251411628686995 ) ) ;
#578 = CARTESIAN_POINT ( 'NONE',  ( -9.625490783249178506, 23.24323053428116026, 10.84125234571626883 ) ) ;
#579 = CARTESIAN_POINT ( 'NONE',  ( 27.26457650545363265, 16.77465629864071417, 9.561284672619001057 ) ) ;
#580 = VECTOR ( 'NONE', #2277, 1000.000000000000000 ) ;
#581 = AXIS2_PLACEMENT_3D ( 'NONE', #1034, #827, #1327 ) ;
#582 = CARTESIAN_POINT ( 'NONE',  ( 55.63030110107261095, 49.67360605275256802, 14.62639941411637956 ) ) ;
#583 = EDGE_CURVE ( 'NONE', #121, #2433, #1670, .T. ) ;
#584 = CARTESIAN_POINT ( 'NONE',  ( 73.21709673530378382, 15.30164429032079099, 2.481131742622884495 ) ) ;
#585 = CARTESIAN_POINT ( 'NONE',  ( -18.40520717422327834, 24.40505941880743279, 6.987810616211406867 ) ) ;
#586 = EDGE_CURVE ( 'NONE', #280, #3125, #2533, .T. ) ;
#587 = CARTESIAN_POINT ( 'NONE',  ( -33.57754604973666801, 49.77084425330948392, 9.193320683204499133 ) ) ;
#588 = CARTESIAN_POINT ( 'NONE',  ( 90.55387654502050054, 41.43370010030681527, 11.16689493854609161 ) ) ;
#589 = CARTESIAN_POINT ( 'NONE',  ( 51.27114127999865900, 48.28208134950777719, 2.867433166587155713E-06 ) ) ;
#590 = CARTESIAN_POINT ( 'NONE',  ( 56.41608229873860836, 49.88724956399099852, 1.043643462918165010 ) ) ;
#591 = ORIENTED_EDGE ( 'NONE', *, *, #750, .F. ) ;
#592 = CARTESIAN_POINT ( 'NONE',  ( -44.17046967865613993, 39.83676063832129444, 15.00944673833212306 ) ) ;
#593 = CARTESIAN_POINT ( 'NONE',  ( -24.36469835956530972, 47.07300207551283222, 14.15013282883050927 ) ) ;
#594 = CARTESIAN_POINT ( 'NONE',  ( -39.85904441890281191, 31.29515740951944736, 8.828526665785663141 ) ) ;
#595 = CARTESIAN_POINT ( 'NONE',  ( -24.34182027008527882, 24.93472893410792679, 13.45324461704963070 ) ) ;
#596 = CARTESIAN_POINT ( 'NONE',  ( 27.40592881843724982, 16.75790366234916817, 8.712044025040029283 ) ) ;
#597 = CARTESIAN_POINT ( 'NONE',  ( 76.40110709989016868, 14.45720614797559733, 3.476353561701057249 ) ) ;
#598 = DIRECTION ( 'NONE',  ( 0.000000000000000000, 0.000000000000000000, -1.000000000000000000 ) ) ;
#599 = CARTESIAN_POINT ( 'NONE',  ( 55.63030110107261095, 49.83552382805079617, 14.62912891254440773 ) ) ;
#600 = CARTESIAN_POINT ( 'NONE',  ( -24.15780368293666314, 47.31777986429729310, 13.79313523880216152 ) ) ;
#601 = CARTESIAN_POINT ( 'NONE',  ( 61.36482830480593265, 49.12115423321089480, 1.329862734279012582 ) ) ;
#602 = CARTESIAN_POINT ( 'NONE',  ( 53.92115928407744008, 48.71081645530252047, 14.99999999994205879 ) ) ;
#603 = CARTESIAN_POINT ( 'NONE',  ( 90.32018209213488547, 41.67127802547095428, 11.02477488872333922 ) ) ;
#604 = ORIENTED_EDGE ( 'NONE', *, *, #2839, .F. ) ;
#605 = CARTESIAN_POINT ( 'NONE',  ( 48.95095104636961736, 15.86773496692955554, 13.42071384835523240 ) ) ;
#606 = FACE_BOUND ( 'NONE', #2981, .T. ) ;
#607 = CARTESIAN_POINT ( 'NONE',  ( -31.09202637334779951, 26.86767378337830081, 8.201356025909300129 ) ) ;
#608 = CARTESIAN_POINT ( 'NONE',  ( 35.56312939878158375, 17.23898684631487654, 11.21758618080093939 ) ) ;
#609 = CARTESIAN_POINT ( 'NONE',  ( 14.67760994666540597, 18.40206760032510758, 7.665772040313372671 ) ) ;
#610 = CARTESIAN_POINT ( 'NONE',  ( 90.64136760465984821, 20.19867618467599257, 10.50267895812049268 ) ) ;
#611 = DIRECTION ( 'NONE',  ( -1.000000000000000000, 0.000000000000000000, 0.000000000000000000 ) ) ;
#612 = CARTESIAN_POINT ( 'NONE',  ( 82.33299657101345304, 44.90688135580126072, 5.818958251687401884 ) ) ;
#613 = CARTESIAN_POINT ( 'NONE',  ( 48.75696073210234260, 47.17965018726737014, 14.99999999999999645 ) ) ;
#614 = CARTESIAN_POINT ( 'NONE',  ( 15.58889139740580099, 25.12127267452441970, 15.00000000000000888 ) ) ;
#615 = VERTEX_POINT ( 'NONE', #72 ) ;
#616 = CARTESIAN_POINT ( 'NONE',  ( -9.681733749020596136, 26.40147816640638467, 13.68957009055638885 ) ) ;
#617 = CARTESIAN_POINT ( 'NONE',  ( -24.56042531581519839, 24.34048508136862665, 12.70875649743758196 ) ) ;
#618 = CARTESIAN_POINT ( 'NONE',  ( -39.70837479867834929, 32.32761210715252531, 8.802375910285299199 ) ) ;
#619 = EDGE_CURVE ( 'NONE', #2622, #1276, #2989, .T. ) ;
#620 = CARTESIAN_POINT ( 'NONE',  ( -29.25551623892739173, 49.25555129212975913, 14.12122296387713405 ) ) ;
#621 = CARTESIAN_POINT ( 'NONE',  ( 54.81749448840377426, 48.75991768650617786, 1.301042606982605321E-15 ) ) ;
#622 = CARTESIAN_POINT ( 'NONE',  ( -15.69934346599002595, 23.76364622319709952, 11.90404923612539712 ) ) ;
#623 = CARTESIAN_POINT ( 'NONE',  ( 80.13613983346900227, 14.86540000312844079, 5.894635635411705543 ) ) ;
#624 = VECTOR ( 'NONE', #2061, 1000.000000000000000 ) ;
#625 = CARTESIAN_POINT ( 'NONE',  ( -44.16837712220894474, 39.16155480431535096, 14.82647231822243938 ) ) ;
#626 = CARTESIAN_POINT ( 'NONE',  ( -28.07213167284912103, 49.12018235493415119, 14.28634809585167709 ) ) ;
#627 = CARTESIAN_POINT ( 'NONE',  ( 84.77196086612777037, 45.07777800329059659, 7.035878498047063445 ) ) ;
#628 = AXIS2_PLACEMENT_3D ( 'NONE', #2274, #2751, #2767 ) ;
#629 = CARTESIAN_POINT ( 'NONE',  ( -16.90439035516597954, 45.24233848738841601, 14.99999999999997513 ) ) ;
#630 = VERTEX_POINT ( 'NONE', #2477 ) ;
#631 = CARTESIAN_POINT ( 'NONE',  ( -9.651823754536637878, 24.78739296809680681, 11.79711976880875923 ) ) ;
#632 = CARTESIAN_POINT ( 'NONE',  ( 91.70114297656385816, 21.80442509812601060, 0.9999999999999974465 ) ) ;
#633 = CARTESIAN_POINT ( 'NONE',  ( -31.45501555726392695, 25.93418335834138944, 9.201349657733498333 ) ) ;
#634 = CARTESIAN_POINT ( 'NONE',  ( 87.94763456992514250, 17.68942678017107539, 9.631409495359912754 ) ) ;
#635 = CARTESIAN_POINT ( 'NONE',  ( -36.85746991894343694, 49.45892644707161168, 9.335123932635466915 ) ) ;
#636 = CARTESIAN_POINT ( 'NONE',  ( -15.98185060674667568, 23.04635813189738158, 10.95022463386949241 ) ) ;
#637 = CARTESIAN_POINT ( 'NONE',  ( 86.94650694606153252, 17.06116282441088927, 8.218894733889204218 ) ) ;
#638 = FACE_OUTER_BOUND ( 'NONE', #438, .T. ) ;
#639 = CARTESIAN_POINT ( 'NONE',  ( 50.97315265956520136, 48.65893117839669912, 13.85775586736323284 ) ) ;
#640 = CARTESIAN_POINT ( 'NONE',  ( -10.41848874785961243, 47.46028711634390618, 10.69266736261025130 ) ) ;
#641 = CARTESIAN_POINT ( 'NONE',  ( 70.99608113631688866, 47.15074669137948149, 2.916935932537581877 ) ) ;
#642 = CARTESIAN_POINT ( 'NONE',  ( 6.204781113074290033, 42.08899485174247701, 15.00000000000000000 ) ) ;
#643 = ORIENTED_EDGE ( 'NONE', *, *, #1943, .F. ) ;
#644 = CARTESIAN_POINT ( 'NONE',  ( 55.63030110107261805, 14.71144847191500737, 14.40969081288672804 ) ) ;
#645 = CARTESIAN_POINT ( 'NONE',  ( -44.17024733924559143, 39.17348083501023126, 14.98906432577621750 ) ) ;
#646 = CARTESIAN_POINT ( 'NONE',  ( -44.12800764817224319, 38.62872290700630629, 13.73199381180010192 ) ) ;
#647 = CARTESIAN_POINT ( 'NONE',  ( 6.029783712042098287, 46.64588917743040497, 9.462845924537676368 ) ) ;
#648 = CARTESIAN_POINT ( 'NONE',  ( -37.57632401881171091, 49.22863765874300412, 9.402320670929949387 ) ) ;
#649 = CARTESIAN_POINT ( 'NONE',  ( -17.76891344169359144, 23.32071557585866728, 11.27328284478796405 ) ) ;
#650 = CARTESIAN_POINT ( 'NONE',  ( 91.19603838812038532, 21.94462579308283523, 10.87905494468046719 ) ) ;
#651 = CARTESIAN_POINT ( 'NONE',  ( -33.96576170302369491, 49.81885878188140282, 9.206159487898345262 ) ) ;
#652 = CARTESIAN_POINT ( 'NONE',  ( 51.13680393814474456, 49.27062690126812328, 0.8686128121303297034 ) ) ;
#653 = FACE_OUTER_BOUND ( 'NONE', #1225, .T. ) ;
#654 = CARTESIAN_POINT ( 'NONE',  ( -21.06677372134197768, 48.37449602572928598, 12.80432136116157871 ) ) ;
#655 = CARTESIAN_POINT ( 'NONE',  ( 85.51894201587798250, 44.79230666346875012, 7.429346200015101154 ) ) ;
#656 = CARTESIAN_POINT ( 'NONE',  ( -20.15219994881223897, 47.56491804790543654, 12.84729813484215910 ) ) ;
#657 = ORIENTED_EDGE ( 'NONE', *, *, #796, .T. ) ;
#658 = CARTESIAN_POINT ( 'NONE',  ( -29.25551623892739528, 25.43890768385314161, 15.89864810883532797 ) ) ;
#659 = CARTESIAN_POINT ( 'NONE',  ( -44.17042367523624335, 39.84491314829713104, 15.00000000000000000 ) ) ;
#660 = CARTESIAN_POINT ( 'NONE',  ( -44.12576196942740125, 38.69064076440814404, 13.69785753971154385 ) ) ;
#661 = CARTESIAN_POINT ( 'NONE',  ( 90.82957632475871890, 22.29470213354701613, 11.84062010682906241 ) ) ;
#662 = CARTESIAN_POINT ( 'NONE',  ( 53.48661066256997998, 49.62443005480542979, 1.000000000000000888 ) ) ;
#663 = B_SPLINE_CURVE_WITH_KNOTS ( 'NONE', 3,
 ( #3113, #1401, #424, #2850, #140, #675, #1131, #187, #2385, #2099, #1646, #2640, #3067, #3129, #1857, #2612, #916, #2144, #2628, #172, #1117, #634, #1614, #1149, #1660, #1417, #1385, #859, #2597, #2820 ),
 .UNSPECIFIED., .F., .F.,
 ( 4, 2, 2, 2, 2, 2, 2, 2, 2, 2, 2, 2, 2, 2, 4 ),
 ( 0.000000000000000000, 0.005166145403642837496, 0.01033229080728567499, 0.01549843621092851162, 0.02066458161457134998, 0.02324765431639278304, 0.02583072701821422304, 0.02841379972003565610, 0.03099687242185709610, 0.03357994512367853263, 0.03487148147458925262, 0.03616301782549997956, 0.03874609052732141956, 0.04003762687823215344, 0.04132916322914288038 ),
 .UNSPECIFIED. ) ;
#664 = CARTESIAN_POINT ( 'NONE',  ( -26.41850768812136607, 24.61259935478791760, 13.17574032706970044 ) ) ;
#665 = FACE_OUTER_BOUND ( 'NONE', #1759, .T. ) ;
#666 = CARTESIAN_POINT ( 'NONE',  ( 35.56670215476112418, 18.13514605272086655, 11.85139978493729451 ) ) ;
#667 = CARTESIAN_POINT ( 'NONE',  ( 87.63677643279896756, 30.07552512577783688, 15.00000000000000000 ) ) ;
#668 = CARTESIAN_POINT ( 'NONE',  ( -15.82554744214018072, 47.88958376892197322, 11.29516944116337740 ) ) ;
#669 = CARTESIAN_POINT ( 'NONE',  ( 88.53677643279900167, 30.13904463049875204, 9.161181879992781774 ) ) ;
#670 = CARTESIAN_POINT ( 'NONE',  ( -31.81454551310598688, 15.51996108067987734, 8.293628859069601234 ) ) ;
#671 = ORIENTED_EDGE ( 'NONE', *, *, #3044, .F. ) ;
#672 = CARTESIAN_POINT ( 'NONE',  ( -29.25551623892739528, 25.42226490708538833, 14.86140389336528322 ) ) ;
#673 = LINE ( 'NONE', #1430, #1390 ) ;
#674 = CARTESIAN_POINT ( 'NONE',  ( -43.60752185662386182, 36.54295905980683301, 11.62344178866917943 ) ) ;
#675 = CARTESIAN_POINT ( 'NONE',  ( 66.70551315592568642, 14.26911574300738472, 2.053343602776868337 ) ) ;
#676 = CARTESIAN_POINT ( 'NONE',  ( -36.55899665832381373, 49.53808619440047067, 8.327246927064402726 ) ) ;
#677 = CARTESIAN_POINT ( 'NONE',  ( -26.92491808949974441, 24.69239989980897576, 13.99846537505975341 ) ) ;
#678 = CARTESIAN_POINT ( 'NONE',  ( 47.46472876824410747, 14.91206913393924971, 0.04263867024075295581 ) ) ;
#679 = CARTESIAN_POINT ( 'NONE',  ( -29.25551623892739528, 25.42226490708538833, 14.86140389336528322 ) ) ;
#680 = CARTESIAN_POINT ( 'NONE',  ( 8.144003206846583964, 45.81907303023260880, 10.36499799106004360 ) ) ;
#681 = CARTESIAN_POINT ( 'NONE',  ( 38.41452736034639770, 47.02153360017548067, 11.85554320169938514 ) ) ;
#682 = CARTESIAN_POINT ( 'NONE',  ( 51.27131114143148949, 48.27968647252895096, 1.897353801849632760E-16 ) ) ;
#683 = CARTESIAN_POINT ( 'NONE',  ( 13.77631487127980670, 15.51996108067987734, 5.176312391440444749 ) ) ;
#684 = CARTESIAN_POINT ( 'NONE',  ( 35.56484883270968567, 17.70711279375220215, 11.49415213744322450 ) ) ;
#685 = CARTESIAN_POINT ( 'NONE',  ( 55.63030110107258963, 14.51691283636220930, 13.76073803046405786 ) ) ;
#686 = CARTESIAN_POINT ( 'NONE',  ( -43.90107083920430853, 37.44499884899276765, 12.38391782649762618 ) ) ;
#687 = CARTESIAN_POINT ( 'NONE',  ( 14.85243054675866503, 19.27392218562952309, 8.649249231055776477 ) ) ;
#688 = EDGE_LOOP ( 'NONE', ( #1792, #2200, #1947, #1418, #2857 ) ) ;
#689 = CARTESIAN_POINT ( 'NONE',  ( -40.93071379943800281, 46.13489130523085890, 9.132732231814751245 ) ) ;
#690 = CARTESIAN_POINT ( 'NONE',  ( 84.58278802016030795, 44.25028315871832518, 6.934271339303744952 ) ) ;
#691 = B_SPLINE_SURFACE_WITH_KNOTS ( 'NONE', 3, 1, ( 
 ( #2699, #2665 ),
 ( #3140, #959 ),
 ( #1926, #1912 ),
 ( #2891, #464 ),
 ( #2908, #670 ),
 ( #433, #1463 ),
 ( #2410, #1941 ),
 ( #1685, #683 ),
 ( #717, #1897 ),
 ( #1960, #2923 ) ),
 .UNSPECIFIED., .F., .F., .F.,
 ( 4, 1, 1, 1, 1, 1, 1, 4 ),
 ( 2, 2 ),
 ( 0.000000000000000000, 0.03607249500816935017, 0.06346595837581621435, 0.1287580146731762687, 0.1452152182347287435, 0.2280379939913410314, 0.3766402112088282350, 0.7011932767334104755 ),
 ( 0.000000000000000000, 1.000000000000000000 ),
 .UNSPECIFIED. ) ;
#692 = PLANE ( 'NONE',  #527 ) ;
#693 = CARTESIAN_POINT ( 'NONE',  ( 47.51172053740357626, 14.90952473340092688, 1.039380902100155657 ) ) ;
#694 = CARTESIAN_POINT ( 'NONE',  ( -9.561835653697613679, 19.10476160046229666, 10.86660152876230789 ) ) ;
#695 = EDGE_LOOP ( 'NONE', ( #444, #1611, #2135, #1502 ) ) ;
#696 = CARTESIAN_POINT ( 'NONE',  ( 42.33490788567764440, 49.14705904954367810, 12.18238665252476771 ) ) ;
#697 = CARTESIAN_POINT ( 'NONE',  ( 38.47525360646058346, 47.74194248743540925, 10.90625576291287224 ) ) ;
#698 = B_SPLINE_CURVE_WITH_KNOTS ( 'NONE', 3,
 ( #2836, #1631, #2400, #2129 ),
 .UNSPECIFIED., .F., .F.,
 ( 4, 4 ),
 ( 0.000000000000000000, 7.439031219427464822E-07 ),
 .UNSPECIFIED. ) ;
#699 = CARTESIAN_POINT ( 'NONE',  ( 54.74169033751675784, 49.25834328212116020, 0.1262149959465018456 ) ) ;
#700 = CARTESIAN_POINT ( 'NONE',  ( 51.65771926463286690, 49.34580881366132132, 0.9924173260826563148 ) ) ;
#701 = CARTESIAN_POINT ( 'NONE',  ( 35.56576995683311537, 17.92599929370559764, 11.66695030979335002 ) ) ;
#702 =( LENGTH_UNIT ( ) NAMED_UNIT ( * ) SI_UNIT ( .MILLI., .METRE. ) );
#703 = CARTESIAN_POINT ( 'NONE',  ( -44.17089496770557133, 39.18782554999319245, 15.15684856651193790 ) ) ;
#704 = CARTESIAN_POINT ( 'NONE',  ( 22.12776928750553296, 46.72776477756249847, 9.413704806182188634 ) ) ;
#705 = ORIENTED_EDGE ( 'NONE', *, *, #2586, .T. ) ;
#706 = CARTESIAN_POINT ( 'NONE',  ( -43.66591144440123884, 42.95584586542760519, 11.72588399992739561 ) ) ;
#707 = LINE ( 'NONE', #1228, #263 ) ;
#708 = CARTESIAN_POINT ( 'NONE',  ( 42.31082326196113286, 49.25163295436854582, 18.48163186868129060 ) ) ;
#709 = ADVANCED_FACE ( 'NONE', ( #2717 ), #2000, .F. ) ;
#710 = CARTESIAN_POINT ( 'NONE',  ( -44.16885060555359388, 39.99717544980074280, 14.87830345993216596 ) ) ;
#711 = CARTESIAN_POINT ( 'NONE',  ( 54.55380138083134511, 15.56274770077123470, -0.003974486133016125189 ) ) ;
#712 = CARTESIAN_POINT ( 'NONE',  ( -24.31456399860011786, 25.59219174128273266, 13.85963737137014640 ) ) ;
#713 = ORIENTED_EDGE ( 'NONE', *, *, #1166, .F. ) ;
#714 = CARTESIAN_POINT ( 'NONE',  ( -9.548361499762311411, 49.73954841478309419, 11.36742199409108167 ) ) ;
#715 = CARTESIAN_POINT ( 'NONE',  ( 20.40151532968195269, 45.88755517421062535, 10.32150516912533966 ) ) ;
#716 = CARTESIAN_POINT ( 'NONE',  ( 88.53677643279894482, 30.07552512577785109, 9.161181879992771115 ) ) ;
#717 = CARTESIAN_POINT ( 'NONE',  ( 36.19968265842608446, 49.02925930429154278, 0.2544126583599987668 ) ) ;
#718 = CARTESIAN_POINT ( 'NONE',  ( 35.55564718365294397, 14.12715193873652986, 10.93768035875698175 ) ) ;
#719 = CARTESIAN_POINT ( 'NONE',  ( -33.96576170302369491, 49.81885878188140282, 9.206159487898345262 ) ) ;
#720 = CARTESIAN_POINT ( 'NONE',  ( -36.26420603607780890, 28.40674922901902377, 9.258849371944826601 ) ) ;
#721 = CARTESIAN_POINT ( 'NONE',  ( 52.58836880484436449, 49.48179606409154729, 13.25390147271962782 ) ) ;
#722 = ORIENTED_EDGE ( 'NONE', *, *, #2893, .F. ) ;
#723 = CARTESIAN_POINT ( 'NONE',  ( -42.36369750891803676, 44.57113064672672209, 9.823595712515009737 ) ) ;
#724 = CARTESIAN_POINT ( 'NONE',  ( -44.16925824726576622, 39.15198797110221562, 14.99999999999999467 ) ) ;
#725 = CARTESIAN_POINT ( 'NONE',  ( -24.77476124561010806, 26.02627762580807769, 15.00000000000000355 ) ) ;
#726 = CARTESIAN_POINT ( 'NONE',  ( 54.51085785684403362, 14.56302060256061814, -0.004623831302602751138 ) ) ;
#727 = CARTESIAN_POINT ( 'NONE',  ( 55.63030110107261805, 14.12711449550499410, 14.38702618931584531 ) ) ;
#728 = VERTEX_POINT ( 'NONE', #2998 ) ;
#729 = CARTESIAN_POINT ( 'NONE',  ( 86.76487046096873712, 30.33070944363991828, 8.118180519048921795 ) ) ;
#730 = CARTESIAN_POINT ( 'NONE',  ( 24.93653703153048085, 46.05159457689452296, 10.53314021978640547 ) ) ;
#731 = CARTESIAN_POINT ( 'NONE',  ( 51.74240416914855700, 48.78646863142259349, 13.99567376573307342 ) ) ;
#732 = CARTESIAN_POINT ( 'NONE',  ( 6.817120107648150018, 46.64367710330387240, 5.797398504751730464 ) ) ;
#733 = CARTESIAN_POINT ( 'NONE',  ( 37.20961469456243975, 47.62552448389719473, 0.9442706989736890932 ) ) ;
#734 = CARTESIAN_POINT ( 'NONE',  ( -29.25551623892739528, 25.38216188115568883, 14.85218368112156995 ) ) ;
#735 = CARTESIAN_POINT ( 'NONE',  ( 55.63030110107261805, 14.71167754624875990, 14.38903019445253761 ) ) ;
#736 = CARTESIAN_POINT ( 'NONE',  ( -31.28720008777550277, 25.85053023476536893, 9.201847516758061118 ) ) ;
#737 = CARTESIAN_POINT ( 'NONE',  ( -20.36342025940037459, 24.43114099335216949, 12.77266813600938455 ) ) ;
#738 = VERTEX_POINT ( 'NONE', #271 ) ;
#739 = CARTESIAN_POINT ( 'NONE',  ( -42.67415885283888599, 45.08492722595418911, 10.01332578014264740 ) ) ;
#740 = CARTESIAN_POINT ( 'NONE',  ( 90.37581074343042076, 40.74818746261657054, 10.32850240303024414 ) ) ;
#741 = B_SPLINE_CURVE_WITH_KNOTS ( 'NONE', 3,
 ( #2458, #2426, #1236, #1174, #958, #181, #699, #1701, #1220, #197 ),
 .UNSPECIFIED., .F., .F.,
 ( 4, 2, 2, 2, 4 ),
 ( -4.833585234068199228E-05, 0.0003462786686032944677, 0.0007408931895472708464, 0.001135507710491247225, 0.001530122231435223712 ),
 .UNSPECIFIED. ) ;
#742 = CARTESIAN_POINT ( 'NONE',  ( -43.60346235350637301, 43.14921127713166982, 11.59207092567272568 ) ) ;
#743 = CARTESIAN_POINT ( 'NONE',  ( -29.28786356198838092, 25.21710147038584182, 9.186836231770435290 ) ) ;
#744 = CARTESIAN_POINT ( 'NONE',  ( 35.58189920806690765, 17.14853608538822272, 17.90110073379926092 ) ) ;
#745 = ORIENTED_EDGE ( 'NONE', *, *, #2839, .T. ) ;
#746 = DIRECTION ( 'NONE',  ( 0.000000000000000000, 1.000000000000000000, 8.673617379884027583E-15 ) ) ;
#747 = CARTESIAN_POINT ( 'NONE',  ( 42.37717683580743966, 46.43184818102686506, 12.22921815535537071 ) ) ;
#748 = CARTESIAN_POINT ( 'NONE',  ( 56.11953786876989625, 49.53184187677528172, 14.82252250818511996 ) ) ;
#749 = CARTESIAN_POINT ( 'NONE',  ( -33.52244696541548308, 49.76402936098111240, 9.199441610110111966 ) ) ;
#750 = EDGE_CURVE ( 'NONE', #898, #756, #2791, .T. ) ;
#751 = CARTESIAN_POINT ( 'NONE',  ( -30.86380656021539792, 49.44271357336436523, 8.202312297879165826 ) ) ;
#752 = CARTESIAN_POINT ( 'NONE',  ( 90.90791278725119184, 40.16591476311361220, 10.68332585396292878 ) ) ;
#753 = LINE ( 'NONE', #308, #580 ) ;
#754 = CARTESIAN_POINT ( 'NONE',  ( -8.940434603879843678, 21.95629704139335203, 6.788686765345105734 ) ) ;
#755 = CARTESIAN_POINT ( 'NONE',  ( 91.63005390527170846, 40.15187048301009298, 11.84062010682908195 ) ) ;
#756 = VERTEX_POINT ( 'NONE', #2861 ) ;
#757 = CARTESIAN_POINT ( 'NONE',  ( -44.13804559025028595, 40.64588773342661199, 13.97135624151031053 ) ) ;
#758 = CARTESIAN_POINT ( 'NONE',  ( 90.82957632475869048, 22.29470213354697705, 11.84062010682906241 ) ) ;
#759 = CARTESIAN_POINT ( 'NONE',  ( 54.79642867976509990, 48.75579176088336197, -5.421010862427522170E-17 ) ) ;
#760 = CARTESIAN_POINT ( 'NONE',  ( -28.18837716781265001, 24.93906775716229518, 9.151387528341961897 ) ) ;
#761 = CARTESIAN_POINT ( 'NONE',  ( 48.96189878485100877, 13.17767086659933007, 15.31182598241341353 ) ) ;
#762 = ORIENTED_EDGE ( 'NONE', *, *, #2680, .F. ) ;
#763 = CARTESIAN_POINT ( 'NONE',  ( 55.31892213962969862, 49.81689806061024228, 0.009534568706462307267 ) ) ;
#764 = CARTESIAN_POINT ( 'NONE',  ( -9.525244227346393089, 47.36879020563010556, 19.39176448563643973 ) ) ;
#765 = CARTESIAN_POINT ( 'NONE',  ( 52.38934844774961874, 14.65883317105397943, 0.9999999999927744465 ) ) ;
#766 = CARTESIAN_POINT ( 'NONE',  ( 86.73677643279896188, 30.07552512577783688, 15.00000000000000000 ) ) ;
#767 = CARTESIAN_POINT ( 'NONE',  ( -44.16061125290462996, 39.03928888533192776, 14.45528660338205462 ) ) ;
#768 = CARTESIAN_POINT ( 'NONE',  ( -29.96936437911168127, 49.33762697543904352, 8.205920925040098624 ) ) ;
#769 = CARTESIAN_POINT ( 'NONE',  ( 71.13972279863483550, 45.15039890515782872, 0.9999999999999991118 ) ) ;
#770 = CARTESIAN_POINT ( 'NONE',  ( -39.17042367523624335, 43.34895726523291160, 15.00000000000000000 ) ) ;
#771 = COLOUR_RGB ( '',1.000000000000000000, 1.000000000000000000, 1.000000000000000000 ) ;
#772 = CARTESIAN_POINT ( 'NONE',  ( -44.15295246430689247, 38.89397558331489790, 14.33609282636927951 ) ) ;
#773 = CARTESIAN_POINT ( 'NONE',  ( 63.91535969193286348, 48.28650135460924275, 1.614366890152879375 ) ) ;
#774 = ORIENTED_EDGE ( 'NONE', *, *, #3134, .T. ) ;
#775 = CARTESIAN_POINT ( 'NONE',  ( -44.17045415092797356, 39.81161875508676928, 15.00331300191039041 ) ) ;
#776 = CARTESIAN_POINT ( 'NONE',  ( 5.845479811524523228, 19.67544098849973011, 7.865312823752341309 ) ) ;
#777 = CARTESIAN_POINT ( 'NONE',  ( 21.54117066287072646, 17.46763082722911165, 3.022314365511169054 ) ) ;
#778 = CARTESIAN_POINT ( 'NONE',  ( 12.42051213735643067, 23.56061666612647443, 8.710613998757443355 ) ) ;
#779 = ORIENTED_EDGE ( 'NONE', *, *, #1663, .F. ) ;
#780 = CIRCLE ( 'NONE', #1604, 1.000000000000000888 ) ;
#781 = CARTESIAN_POINT ( 'NONE',  ( 91.63005390527179372, 40.15187048300996508, 15.00000000000000000 ) ) ;
#782 = CARTESIAN_POINT ( 'NONE',  ( 55.63030110107261095, 49.78095708102155470, 14.62270695938285492 ) ) ;
#783 = CARTESIAN_POINT ( 'NONE',  ( 90.25572364086335142, 20.63644741066042698, 10.24950502399319774 ) ) ;
#784 = CARTESIAN_POINT ( 'NONE',  ( 42.34169307610488886, 48.73633481555623348, 12.08114350405468684 ) ) ;
#785 = CARTESIAN_POINT ( 'NONE',  ( 88.07853378200057648, 29.25744725218799402, 8.883435049755721735 ) ) ;
#786 = CARTESIAN_POINT ( 'NONE',  ( -0.4372058775947160192, 46.87825728188691699, 5.311563436107981317 ) ) ;
#787 = CARTESIAN_POINT ( 'NONE',  ( 86.96083331649970205, 44.14062670809452271, 8.222470692236262479 ) ) ;
#788 = CARTESIAN_POINT ( 'NONE',  ( -32.26938619071853509, 48.60422658411834362, 8.196983893261847953 ) ) ;
#789 = CARTESIAN_POINT ( 'NONE',  ( 1.799461241251246291, 20.29037290760010492, 6.165991355798526641 ) ) ;
#790 = CARTESIAN_POINT ( 'NONE',  ( -44.17037146219150401, 39.85888119719830769, 15.00000000000000000 ) ) ;
#791 = ORIENTED_EDGE ( 'NONE', *, *, #1090, .T. ) ;
#792 = CARTESIAN_POINT ( 'NONE',  ( -44.16986096877355550, 39.92874348686711272, 14.94171929412421385 ) ) ;
#793 = B_SPLINE_CURVE_WITH_KNOTS ( 'NONE', 3,
 ( #175, #2133, #3149, #1200 ),
 .UNSPECIFIED., .F., .F.,
 ( 4, 4 ),
 ( 1.387778918688073804E-17, 8.925473991502849495E-07 ),
 .UNSPECIFIED. ) ;
#794 = CARTESIAN_POINT ( 'NONE',  ( -29.25551623892739883, 48.80422039708087567, 15.07414085424030326 ) ) ;
#795 = CARTESIAN_POINT ( 'NONE',  ( -3.970216723315276308, 22.18008109114730786, 5.532487841405892226 ) ) ;
#796 = EDGE_CURVE ( 'NONE', #2617, #2970, #2489, .T. ) ;
#797 = CARTESIAN_POINT ( 'NONE',  ( 35.56397102259587228, 17.47706118614685522, 11.34553308927464599 ) ) ;
#798 = CARTESIAN_POINT ( 'NONE',  ( 54.36368289894193850, 14.95368922247690691, 14.23812873548863855 ) ) ;
#799 = CARTESIAN_POINT ( 'NONE',  ( 19.11823944456278213, 48.41820836626450841, 22.43346303503033212 ) ) ;
#800 = DIRECTION ( 'NONE',  ( 1.000000000000000000, 0.000000000000000000, 0.000000000000000000 ) ) ;
#801 = CARTESIAN_POINT ( 'NONE',  ( 55.63030110107261095, 49.87495817585222824, 14.63789151951930734 ) ) ;
#802 = CARTESIAN_POINT ( 'NONE',  ( 33.99492083413456101, 17.02595068606547812, 1.314597604224732930 ) ) ;
#803 = DIRECTION ( 'NONE',  ( 1.000000000000000000, 0.000000000000000000, -0.000000000000000000 ) ) ;
#804 = CYLINDRICAL_SURFACE ( 'NONE', #2116, 0.8999999999999980238 ) ;
#805 = CARTESIAN_POINT ( 'NONE',  ( 91.82957632475871890, 22.03823924241103427, 15.00000000000000000 ) ) ;
#806 = CARTESIAN_POINT ( 'NONE',  ( -4.995250901089567819, 47.10839301528285006, 10.19957388501060436 ) ) ;
#807 = CARTESIAN_POINT ( 'NONE',  ( 86.88837164563611282, 44.17284535670660262, 9.072252844632119562 ) ) ;
#808 = ORIENTED_EDGE ( 'NONE', *, *, #2153, .T. ) ;
#809 = DIRECTION ( 'NONE',  ( 0.8004775805129823452, 0.5993626974512860084, 0.000000000000000000 ) ) ;
#810 = EDGE_CURVE ( 'NONE', #1367, #2251, #2380, .T. ) ;
#811 = CARTESIAN_POINT ( 'NONE',  ( 41.47899852344687588, 15.37163337330986224, 10.95387367100921949 ) ) ;
#812 = CARTESIAN_POINT ( 'NONE',  ( -4.069603710823895604, 21.19200661904311289, 6.531026291494840486 ) ) ;
#813 = CARTESIAN_POINT ( 'NONE',  ( 55.63030110107261805, 14.69958975075418017, 14.40263729647353053 ) ) ;
#814 =( BOUNDED_SURFACE ( )  B_SPLINE_SURFACE ( 3, 2, ( 
 ( #2649, #2940, #700 ),
 ( #1221, #1175, #2427 ),
 ( #2204, #1702, #2875 ),
 ( #2139, #733, #2684 ),
 ( #483, #1411, #1718 ),
 ( #166, #1205, #217 ),
 ( #500, #3169, #3184 ),
 ( #449, #1480, #3124 ),
 ( #1190, #912, #2396 ),
 ( #1655, #2636, #2155 ),
 ( #1427, #2174, #3155 ),
 ( #4, #2475, #2289 ),
 ( #1289, #786, #1253 ),
 ( #554, #269, #56 ),
 ( #250, #1496, #2240 ),
 ( #2048, #1806, #1514 ),
 ( #2530, #2734, #2493 ),
 ( #1237, #2766, #1009 ),
 ( #993, #2957, #1734 ),
 ( #1046, #70, #1976 ),
 ( #3031, #1026, #322 ),
 ( #36, #538, #1066 ),
 ( #2781, #570, #21 ),
 ( #1997, #2221, #2995 ),
 ( #820, #3012, #289 ),
 ( #2976, #768, #2032 ),
 ( #1752, #751, #2750 ),
 ( #2715, #1787, #1271 ),
 ( #2258, #2015, #587 ),
 ( #1770, #2459, #1533 ) ),
 .UNSPECIFIED., .F., .F., .T. ) 
 B_SPLINE_SURFACE_WITH_KNOTS ( ( 4, 2, 2, 2, 2, 2, 2, 2, 2, 2, 2, 2, 2, 2, 4 ),
 ( 3, 3 ),
 ( 0.06202667550649915151, 0.07248745068133435887, 0.08294822585616956623, 0.09340900103100477359, 0.1038697762058399809, 0.1091001637932575846, 0.1143305513806751883, 0.1247913265555103957, 0.1274065203492192044, 0.1300217141429280132, 0.1352521017303456030, 0.1378672955240544118, 0.1404824893177631928, 0.1430976831114720016, 0.1457128769051808104 ),
 ( 0.000000000000000000, 1.000000000000000000 ),
 .UNSPECIFIED. ) 
 GEOMETRIC_REPRESENTATION_ITEM ( )  RATIONAL_B_SPLINE_SURFACE ( (
 ( 1.000000000000000000, 0.7077211765487703143, 1.000000000000000000),
 ( 1.000000000000000000, 0.7093905906699107256, 1.000000000000000000),
 ( 1.000000000000000000, 0.7101879379411468740, 1.000000000000000000),
 ( 1.000000000000000000, 0.7107295634399999340, 1.000000000000000000),
 ( 1.000000000000000000, 0.7104757531118425229, 1.000000000000000000),
 ( 1.000000000000000000, 0.7095280934987496790, 1.000000000000000000),
 ( 1.000000000000000000, 0.7088332027872281671, 1.000000000000000000),
 ( 1.000000000000000000, 0.7075301158156002135, 1.000000000000000000),
 ( 1.000000000000000000, 0.7069225103455869519, 1.000000000000000000),
 ( 1.000000000000000000, 0.7064309404381992064, 1.000000000000000000),
 ( 1.000000000000000000, 0.7063612689211061779, 1.000000000000000000),
 ( 1.000000000000000000, 0.7062421538600299753, 1.000000000000000000),
 ( 1.000000000000000000, 0.7061865461406262590, 1.000000000000000000),
 ( 1.000000000000000000, 0.7058170533161937099, 1.000000000000000000),
 ( 1.000000000000000000, 0.7052876520932499504, 1.000000000000000000),
 ( 1.000000000000000000, 0.7036935088039431019, 1.000000000000000000),
 ( 1.000000000000000000, 0.7032973601350943627, 1.000000000000000000),
 ( 1.000000000000000000, 0.7025487583057165031, 1.000000000000000000),
 ( 1.000000000000000000, 0.7022678219712911174, 1.000000000000000000),
 ( 1.000000000000000000, 0.7017678811683644158, 1.000000000000000000),
 ( 1.000000000000000000, 0.7018938196995717638, 1.000000000000000000),
 ( 1.000000000000000000, 0.7029837115726580432, 1.000000000000000000),
 ( 1.000000000000000000, 0.7034968267256767049, 1.000000000000000000),
 ( 1.000000000000000000, 0.7048445747379454840, 1.000000000000000000),
 ( 1.000000000000000000, 0.7056198691901439668, 1.000000000000000000),
 ( 1.000000000000000000, 0.7069052575941229266, 1.000000000000000000),
 ( 1.000000000000000000, 0.7073270026149497403, 1.000000000000000000),
 ( 1.000000000000000000, 0.7072108418755377324, 1.000000000000000000),
 ( 1.000000000000000000, 0.7067152337001172402, 1.000000000000000000),
 ( 1.000000000000000000, 0.7057856016777321884, 1.000000000000000000) ) ) 
 REPRESENTATION_ITEM ( '' )  SURFACE ( )  );
#815 = CARTESIAN_POINT ( 'NONE',  ( 20.06954935115349414, 17.67315194627847674, 8.817535943517926356 ) ) ;
#816 = CARTESIAN_POINT ( 'NONE',  ( 19.05050849512049993, 42.77027826756518891, 8.958405957440859879 ) ) ;
#817 = CARTESIAN_POINT ( 'NONE',  ( 53.58249862231069471, 14.60199832465828074, -1.547437996333857345E-12 ) ) ;
#818 = ADVANCED_FACE ( 'NONE', ( #371 ), #2335, .T. ) ;
#819 = CARTESIAN_POINT ( 'NONE',  ( -36.07265032587202569, 29.43871106889442757, 8.279121295414885395 ) ) ;
#820 = CARTESIAN_POINT ( 'NONE',  ( -28.31247823716251233, 48.13623783407444279, 8.169443567506707637 ) ) ;
#821 = B_SPLINE_CURVE_WITH_KNOTS ( 'NONE', 3,
 ( #1357, #2340, #2866, #2880 ),
 .UNSPECIFIED., .F., .F.,
 ( 4, 4 ),
 ( 0.9632806185445282887, 1.000000000000000000 ),
 .UNSPECIFIED. ) ;
#822 = DIRECTION ( 'NONE',  ( -0.000000000000000000, -0.000000000000000000, -1.000000000000000000 ) ) ;
#823 = CARTESIAN_POINT ( 'NONE',  ( 5.042378639920724659, 45.68319241190682334, 4.941982144575111313 ) ) ;
#824 = CARTESIAN_POINT ( 'NONE',  ( 82.52002721469003177, 45.79433749522145547, 6.903413834966793061 ) ) ;
#825 = ORIENTED_EDGE ( 'NONE', *, *, #1761, .F. ) ;
#826 = CARTESIAN_POINT ( 'NONE',  ( 91.39604175756841187, 22.29470213354695218, 11.01653460554189579 ) ) ;
#827 = DIRECTION ( 'NONE',  ( 0.000000000000000000, 0.000000000000000000, 1.000000000000000000 ) ) ;
#828 = CARTESIAN_POINT ( 'NONE',  ( 42.35113962697781886, 48.14469632570705215, 12.02823826899770943 ) ) ;
#829 = CARTESIAN_POINT ( 'NONE',  ( -42.60000585154908492, 34.56425725384365677, 10.61839111871659114 ) ) ;
#830 = CARTESIAN_POINT ( 'NONE',  ( 55.63030110107261805, 49.56749820175841847, 14.62878225446333325 ) ) ;
#831 = CARTESIAN_POINT ( 'NONE',  ( 52.58166321966444912, 15.12918569834834770, 13.88895395928629206 ) ) ;
#832 = AXIS2_PLACEMENT_3D ( 'NONE', #770, #1028, #519 ) ;
#833 = AXIS2_PLACEMENT_3D ( 'NONE', #1413, #994, #2049 ) ;
#834 = CARTESIAN_POINT ( 'NONE',  ( 87.97601063264035304, 17.70347208444366061, 8.819766338391742622 ) ) ;
#835 = CARTESIAN_POINT ( 'NONE',  ( 54.81756781279064228, 15.55088572033032257, 1.301042606982605321E-15 ) ) ;
#836 = CARTESIAN_POINT ( 'NONE',  ( 19.07401573297242336, 47.62396833651909844, 8.868478238356340526 ) ) ;
#837 = CARTESIAN_POINT ( 'NONE',  ( -42.83593464304120602, 35.78300037471573347, 10.16504983910809123 ) ) ;
#838 = CARTESIAN_POINT ( 'NONE',  ( 62.02317070774766705, 48.87549032328332288, 0.4233564959030727270 ) ) ;
#839 = LINE ( 'NONE', #352, #1445 ) ;
#840 = CARTESIAN_POINT ( 'NONE',  ( 51.22608561166249785, 14.74712699789922254, 0.7366430313400522678 ) ) ;
#841 = ORIENTED_EDGE ( 'NONE', *, *, #1761, .T. ) ;
#842 = CARTESIAN_POINT ( 'NONE',  ( -9.656772623593258942, 24.01713263268672804, 19.70120274111826930 ) ) ;
#843 = SHAPE_DEFINITION_REPRESENTATION ( #1212, #1064 ) ;
#844 = CARTESIAN_POINT ( 'NONE',  ( 20.13826029923681205, 17.66424137735197775, 7.935971996026303543 ) ) ;
#845 = CARTESIAN_POINT ( 'NONE',  ( -31.45194024364702656, 25.93300920631449102, 8.200072743248453477 ) ) ;
#846 = CARTESIAN_POINT ( 'NONE',  ( 55.63030110107263226, 49.83789526612974896, 13.98666638653470429 ) ) ;
#847 = CARTESIAN_POINT ( 'NONE',  ( 31.02749204612039335, 16.35034791808502419, 9.267927598810612011 ) ) ;
#848 = CARTESIAN_POINT ( 'NONE',  ( 84.90624042423364415, 16.98890708023057883, 7.101577406730994468 ) ) ;
#849 = CARTESIAN_POINT ( 'NONE',  ( 91.70114297656384394, 21.80442509812598573, 15.00000000000000000 ) ) ;
#850 = EDGE_CURVE ( 'NONE', #3180, #1281, #2551, .T. ) ;
#851 = CARTESIAN_POINT ( 'NONE',  ( 43.93931545971317831, 47.65690164256215411, 12.67442401638703942 ) ) ;
#852 = CARTESIAN_POINT ( 'NONE',  ( 82.47381303546383435, 45.81233950061253779, 5.881643301346944241 ) ) ;
#853 = CARTESIAN_POINT ( 'NONE',  ( -17.82804817902565375, 47.33498518349720996, 12.51226248234426563 ) ) ;
#854 = CARTESIAN_POINT ( 'NONE',  ( -4.106790991283304493, 26.48190684799441641, 15.00000000000006750 ) ) ;
#855 = ORIENTED_EDGE ( 'NONE', *, *, #2237, .T. ) ;
#856 = CARTESIAN_POINT ( 'NONE',  ( 55.63030110107261095, 14.76632049189994156, 14.44934690041494108 ) ) ;
#857 = CARTESIAN_POINT ( 'NONE',  ( 5.820631125233425962, 19.92099830993060294, 0.9999999999999974465 ) ) ;
#858 = CARTESIAN_POINT ( 'NONE',  ( -33.63566593912436531, 28.02001649067818434, 8.199422363678296577 ) ) ;
#859 = CARTESIAN_POINT ( 'NONE',  ( 91.27750299066478590, 21.09175072674116080, 11.57350914751266124 ) ) ;
#860 = CARTESIAN_POINT ( 'NONE',  ( 52.28956785657540252, 49.43571281325979783, 1.000000000005195178 ) ) ;
#861 = CARTESIAN_POINT ( 'NONE',  ( 5.589158773471194941, 19.71374313047917326, 7.882648387423635938 ) ) ;
#862 = CARTESIAN_POINT ( 'NONE',  ( 73.92466547671209298, 14.33827680760424705, 2.699985510672098687 ) ) ;
#863 = CARTESIAN_POINT ( 'NONE',  ( 51.20088002426138019, 48.77978995816164343, 0.1270463548870768289 ) ) ;
#864 = CARTESIAN_POINT ( 'NONE',  ( -40.07042367523623483, 43.46912884204280658, 8.896930080823576503 ) ) ;
#865 = CARTESIAN_POINT ( 'NONE',  ( -28.88630981092295968, 48.84301918018148569, 14.79678050309220971 ) ) ;
#866 = CARTESIAN_POINT ( 'NONE',  ( 63.86034650342887886, 48.30204870513598792, 1.607619409907581565 ) ) ;
#867 = CARTESIAN_POINT ( 'NONE',  ( 52.20326948087754459, 48.18773957183392298, 14.99999999999999822 ) ) ;
#868 = VERTEX_POINT ( 'NONE', #3048 ) ;
#869 = CARTESIAN_POINT ( 'NONE',  ( 12.42550668815097126, 27.66646918565033531, 18.80894902866545593 ) ) ;
#870 = CARTESIAN_POINT ( 'NONE',  ( -20.63476307821322564, 23.75590963795050570, 11.83260243801019129 ) ) ;
#871 = CARTESIAN_POINT ( 'NONE',  ( -32.51690966541880101, 26.37237995776719757, 8.195552490114730304 ) ) ;
#872 = CARTESIAN_POINT ( 'NONE',  ( 54.79641300290118977, 15.55177706666204074, -1.301042606982605321E-15 ) ) ;
#873 = CARTESIAN_POINT ( 'NONE',  ( -35.41043512302339025, 49.77385800823991957, 8.243011352515548396 ) ) ;
#874 = CARTESIAN_POINT ( 'NONE',  ( -29.75673495539241031, 25.35795177087754126, 14.78419291142738601 ) ) ;
#875 = CARTESIAN_POINT ( 'NONE',  ( 88.90446298566683936, 19.25316908950273387, 9.382754187245149424 ) ) ;
#876 = CARTESIAN_POINT ( 'NONE',  ( -44.11226909177072741, 40.83250675372967464, 13.50378659809261883 ) ) ;
#877 = AXIS2_PLACEMENT_3D ( 'NONE', #1393, #2104, #1377 ) ;
#878 = AXIS2_PLACEMENT_3D ( 'NONE', #667, #2201, #446 ) ;
#879 = CARTESIAN_POINT ( 'NONE',  ( -38.27042367523628741, 43.46761259093668173, 8.536058040146958348 ) ) ;
#880 = CARTESIAN_POINT ( 'NONE',  ( -28.88442522490433717, 49.21283721821303203, 13.99031825994990008 ) ) ;
#881 = CARTESIAN_POINT ( 'NONE',  ( 84.18549752647197693, 44.36728765838525845, 6.736840242066049811 ) ) ;
#882 = CARTESIAN_POINT ( 'NONE',  ( 54.79084691568499466, 15.41986208131029024, -3.726944967918919643E-17 ) ) ;
#883 = ORIENTED_EDGE ( 'NONE', *, *, #583, .T. ) ;
#884 = CARTESIAN_POINT ( 'NONE',  ( 35.57898214811456228, 19.32468621865005076, 15.26975038130809281 ) ) ;
#885 = CARTESIAN_POINT ( 'NONE',  ( 91.82957632475871890, 22.29470213354701613, 11.84062010682906241 ) ) ;
#886 = CARTESIAN_POINT ( 'NONE',  ( -32.62149252823102330, 27.51955369591320633, 8.195017929333488382 ) ) ;
#887 = DIRECTION ( 'NONE',  ( 0.000000000000000000, 1.000000000000000000, 2.775557561562888827E-14 ) ) ;
#888 = CARTESIAN_POINT ( 'NONE',  ( 54.68128364031794320, 49.75106746664991419, 1.000000000000001332 ) ) ;
#889 = CARTESIAN_POINT ( 'NONE',  ( -26.31288741008697230, 25.22786781355594599, 14.13000220864668677 ) ) ;
#890 = EDGE_CURVE ( 'NONE', #1154, #194, #839, .T. ) ;
#891 = CARTESIAN_POINT ( 'NONE',  ( 83.44067409892670639, 16.51012436092826263, 6.363163932444569681 ) ) ;
#892 = CARTESIAN_POINT ( 'NONE',  ( -9.646967886575227524, 24.51294294953736852, 11.55855664640066216 ) ) ;
#893 = ORIENTED_EDGE ( 'NONE', *, *, #1364, .T. ) ;
#894 = DIRECTION ( 'NONE',  ( 1.000000000000000000, 0.000000000000000000, 0.000000000000000000 ) ) ;
#895 = CARTESIAN_POINT ( 'NONE',  ( -29.76887816777911056, 49.05387650175190828, 15.00609993624875216 ) ) ;
#896 = CARTESIAN_POINT ( 'NONE',  ( 66.20439546590530711, 47.75489935984951018, 1.941927665127502367 ) ) ;
#897 = CARTESIAN_POINT ( 'NONE',  ( 47.02741185288103054, 46.69701132998284976, 14.99999999999999645 ) ) ;
#898 = VERTEX_POINT ( 'NONE', #1337 ) ;
#899 = CARTESIAN_POINT ( 'NONE',  ( -24.28108244619416922, 26.33863104381968867, 15.52447559026863111 ) ) ;
#900 = CARTESIAN_POINT ( 'NONE',  ( 87.74478472837883203, 14.77119763163705635, 15.00000000000000000 ) ) ;
#901 = CARTESIAN_POINT ( 'NONE',  ( -43.16931978337660780, 36.23650721355065230, 10.53849767243676716 ) ) ;
#902 = CARTESIAN_POINT ( 'NONE',  ( -17.10301227727040185, 48.00207705236863376, 11.45514242925204229 ) ) ;
#903 = LINE ( 'NONE', #1118, #2580 ) ;
#904 = CARTESIAN_POINT ( 'NONE',  ( -15.83562607664778099, 23.02384876903477462, 11.71232895521376349 ) ) ;
#905 = CARTESIAN_POINT ( 'NONE',  ( 57.91802724673398473, 14.43017667127144499, 0.09019404293524635463 ) ) ;
#906 = CARTESIAN_POINT ( 'NONE',  ( 55.63030110107261805, 14.71144847191500737, 14.40969081288672804 ) ) ;
#907 = B_SPLINE_CURVE_WITH_KNOTS ( 'NONE', 3,
 ( #2157, #978, #995, #1415, #946, #2878, #1449, #1720, #1193, #719 ),
 .UNSPECIFIED., .F., .F.,
 ( 4, 2, 2, 2, 4 ),
 ( -1.939485396044699736E-05, 0.0003750534942825401656, 0.0007695018425255273353, 0.001163950190768514668, 0.001558398539011501783 ),
 .UNSPECIFIED. ) ;
#908 = ORIENTED_EDGE ( 'NONE', *, *, #2089, .F. ) ;
#909 = CARTESIAN_POINT ( 'NONE',  ( -5.760951238894111981, 46.02519569330448945, 11.28753734103918305 ) ) ;
#910 = CARTESIAN_POINT ( 'NONE',  ( -28.72511518366476935, 49.19457472616564786, 14.45573367436272427 ) ) ;
#911 = CARTESIAN_POINT ( 'NONE',  ( 57.99334757551415009, 48.89843460549977294, 0.1075975848205205782 ) ) ;
#912 = CARTESIAN_POINT ( 'NONE',  ( 12.10988800967508716, 46.56472112515028527, 4.265011400982431589 ) ) ;
#913 = CARTESIAN_POINT ( 'NONE',  ( 55.63030110107261805, 14.12711449550499410, 14.38702618931584531 ) ) ;
#914 = DIRECTION ( 'NONE',  ( -0.000000000000000000, -0.000000000000000000, -1.000000000000000000 ) ) ;
#915 = CARTESIAN_POINT ( 'NONE',  ( -44.17614732388838661, 39.35330194270346738, 15.63189172187632714 ) ) ;
#916 = CARTESIAN_POINT ( 'NONE',  ( 83.72107794154322846, 15.68131714329340554, 7.469545745752819599 ) ) ;
#917 = CARTESIAN_POINT ( 'NONE',  ( 42.28791149577914865, 50.98689785415826492, 17.20898168575222442 ) ) ;
#918 = CARTESIAN_POINT ( 'NONE',  ( 54.79641300290118977, 15.55177706666204074, -1.301042606982605321E-15 ) ) ;
#919 = CARTESIAN_POINT ( 'NONE',  ( -17.48528642899481511, 24.02136950718069386, 12.22197350013757422 ) ) ;
#920 = CARTESIAN_POINT ( 'NONE',  ( 51.85293589037508610, 14.68792683987882164, 0.9912283234515869568 ) ) ;
#921 = CARTESIAN_POINT ( 'NONE',  ( -44.17039802711046548, 39.84725626011375255, 14.99716844283370065 ) ) ;
#922 = ORIENTED_EDGE ( 'NONE', *, *, #1364, .F. ) ;
#923 = CARTESIAN_POINT ( 'NONE',  ( 55.63030110107261095, 50.13298917311344383, 14.73722483056467603 ) ) ;
#924 = CARTESIAN_POINT ( 'NONE',  ( 55.74245996877368725, 49.85109876509641680, 14.44388798914383365 ) ) ;
#925 = CARTESIAN_POINT ( 'NONE',  ( 91.63005390527169425, 40.15187048301007877, 15.00000000000000000 ) ) ;
#926 = AXIS2_PLACEMENT_3D ( 'NONE', #2570, #1315, #547 ) ;
#927 = CARTESIAN_POINT ( 'NONE',  ( 44.03270447274353927, 48.32609994881581628, 1.296662169819060795 ) ) ;
#928 = CARTESIAN_POINT ( 'NONE',  ( -29.25551623892739883, 17.66327151073699042, 15.00000000000000000 ) ) ;
#929 = PRODUCT_DEFINITION_FORMATION_WITH_SPECIFIED_SOURCE ( '任何', '', #1697, .NOT_KNOWN. ) ;
#930 = CARTESIAN_POINT ( 'NONE',  ( -29.25551623892739528, 25.34211351156139358, 14.84689414802697627 ) ) ;
#931 = CARTESIAN_POINT ( 'NONE',  ( 91.39604175781660444, 14.81270082222652107, 11.01653460571249710 ) ) ;
#932 = CARTESIAN_POINT ( 'NONE',  ( -44.04742270783643932, 38.23229540615501776, 12.91217999626095647 ) ) ;
#933 = CARTESIAN_POINT ( 'NONE',  ( 52.15315544778051304, 49.41786089947466820, 13.17203009922422474 ) ) ;
#934 = ORIENTED_EDGE ( 'NONE', *, *, #1528, .F. ) ;
#935 = CARTESIAN_POINT ( 'NONE',  ( -44.16274124907705101, 40.19148434962808381, 14.52905423637513493 ) ) ;
#936 = CARTESIAN_POINT ( 'NONE',  ( -37.57207181809425123, 49.22968862328251305, 9.402009186691817177 ) ) ;
#937 = CARTESIAN_POINT ( 'NONE',  ( 71.43820668535896345, 14.28809306795161405, 2.033677965388173803 ) ) ;
#938 = CARTESIAN_POINT ( 'NONE',  ( 35.56576995683311537, 17.92599929370559764, 11.66695030979335002 ) ) ;
#939 = CARTESIAN_POINT ( 'NONE',  ( 55.63030110107261095, 49.91306072991860532, 14.64964188375176590 ) ) ;
#940 = CARTESIAN_POINT ( 'NONE',  ( 20.38429307412020108, 46.67636127080797337, 10.15120540182034148 ) ) ;
#941 = EDGE_CURVE ( 'NONE', #1154, #194, #2624, .T. ) ;
#942 = DIRECTION ( 'NONE',  ( 0.000000000000000000, 0.000000000000000000, 1.000000000000000000 ) ) ;
#943 = FACE_OUTER_BOUND ( 'NONE', #2037, .T. ) ;
#944 = CARTESIAN_POINT ( 'NONE',  ( 53.53891409424538494, 15.03489912051986188, 14.07652560798648267 ) ) ;
#945 = EDGE_CURVE ( 'NONE', #630, #1989, #2320, .T. ) ;
#946 = CARTESIAN_POINT ( 'NONE',  ( -34.00778205317404712, 49.43438630648655163, 8.407240345075303267 ) ) ;
#947 = CARTESIAN_POINT ( 'NONE',  ( -44.09879071712238385, 38.40111213692941305, 13.52050933271427269 ) ) ;
#948 = CARTESIAN_POINT ( 'NONE',  ( 55.63030110107261805, 14.80488490260411716, 14.48623327063259225 ) ) ;
#949 = ORIENTED_EDGE ( 'NONE', *, *, #2041, .T. ) ;
#950 = CARTESIAN_POINT ( 'NONE',  ( -43.87306514052081496, 42.25595541819786405, 12.00048171038516998 ) ) ;
#951 = CARTESIAN_POINT ( 'NONE',  ( 91.82957632475871890, 39.55250778555879521, 15.00000000000000000 ) ) ;
#952 = B_SPLINE_SURFACE_WITH_KNOTS ( 'NONE', 3, 1, ( 
 ( #3065, #1841 ),
 ( #2818, #6 ),
 ( #485, #185 ),
 ( #3142, #931 ) ),
 .UNSPECIFIED., .F., .F., .F.,
 ( 4, 4 ),
 ( 2, 2 ),
 ( 0.7265384793963608479, 0.9966972929788006086 ),
 ( 0.000000000000000000, 1.000000000000000000 ),
 .UNSPECIFIED. ) ;
#953 = CARTESIAN_POINT ( 'NONE',  ( -44.03444088636319265, 41.47730328372563946, 12.98017097222277982 ) ) ;
#954 = CARTESIAN_POINT ( 'NONE',  ( 51.27125480584502526, 48.28128914647859915, 9.509136169310871211E-07 ) ) ;
#955 = CARTESIAN_POINT ( 'NONE',  ( -29.25551623892739528, 25.49939405089644850, 14.88759309131403086 ) ) ;
#956 = CARTESIAN_POINT ( 'NONE',  ( -24.34956358905993312, 47.56629415435946129, 13.64336544467107792 ) ) ;
#957 = CARTESIAN_POINT ( 'NONE',  ( 49.16794696491215433, 48.98989154077316499, 12.61988829583136429 ) ) ;
#958 = CARTESIAN_POINT ( 'NONE',  ( 54.70803749790047732, 49.55177537646134311, 0.3846888264171717253 ) ) ;
#959 = CARTESIAN_POINT ( 'NONE',  ( -44.14730812800272730, 15.51996108067987734, 12.44803990761418611 ) ) ;
#960 = CARTESIAN_POINT ( 'NONE',  ( -24.34182027008527882, 24.93472893410792679, 13.45324461704963070 ) ) ;
#961 = CARTESIAN_POINT ( 'NONE',  ( -29.25551623892739173, 49.25555129212975913, 14.12122296387713405 ) ) ;
#962 = CARTESIAN_POINT ( 'NONE',  ( -44.16869997314041996, 39.14007749434691874, 14.94629714695422251 ) ) ;
#963 = CARTESIAN_POINT ( 'NONE',  ( -34.16413795900724182, 39.81449343194472590, 15.00000000000000000 ) ) ;
#964 = VERTEX_POINT ( 'NONE', #974 ) ;
#965 = CARTESIAN_POINT ( 'NONE',  ( -42.93060722493771664, 44.64211487431929726, 10.83628600907075246 ) ) ;
#966 = CARTESIAN_POINT ( 'NONE',  ( 53.60142012604643469, 14.60282540204577906, 1.000000000000000888 ) ) ;
#967 = FACE_BOUND ( 'NONE', #2487, .T. ) ;
#968 = CARTESIAN_POINT ( 'NONE',  ( 56.21062962135970764, 14.49006812975840575, 0.02032455750050343735 ) ) ;
#969 = CARTESIAN_POINT ( 'NONE',  ( -29.25551623892739528, 25.83636888780966245, 15.25699145344221286 ) ) ;
#970 = ORIENTED_EDGE ( 'NONE', *, *, #945, .F. ) ;
#971 = CARTESIAN_POINT ( 'NONE',  ( -29.25551623892739883, 48.80422039708087567, 15.07414085424030326 ) ) ;
#972 = CARTESIAN_POINT ( 'NONE',  ( 22.21024696961585931, 45.94526221540168365, 10.39362699187081063 ) ) ;
#973 = CARTESIAN_POINT ( 'NONE',  ( 1.477625380932275689, 46.80021440370005337, 6.200798962222725308 ) ) ;
#974 = CARTESIAN_POINT ( 'NONE',  ( -40.07042367523624193, 43.34895726523292581, 8.896930080823576503 ) ) ;
#975 = CARTESIAN_POINT ( 'NONE',  ( -9.592698513557458284, 21.21203748731077710, 10.18629862936726482 ) ) ;
#976 = AXIS2_PLACEMENT_3D ( 'NONE', #1789, #1569, #2050 ) ;
#977 = AXIS2_PLACEMENT_3D ( 'NONE', #2557, #2317, #1834 ) ;
#978 = CARTESIAN_POINT ( 'NONE',  ( -34.04521157247074825, 48.95109102595747430, 8.207062661913010260 ) ) ;
#979 = DIRECTION ( 'NONE',  ( -0.000000000000000000, -0.000000000000000000, -1.000000000000000000 ) ) ;
#980 = CARTESIAN_POINT ( 'NONE',  ( 55.19733273242151483, 49.80572663950617596, 13.79448568292330002 ) ) ;
#981 = ORIENTED_EDGE ( 'NONE', *, *, #2936, .T. ) ;
#982 = CARTESIAN_POINT ( 'NONE',  ( -43.61840928719728083, 43.09998824463855982, 11.27456972651289036 ) ) ;
#983 = CARTESIAN_POINT ( 'NONE',  ( 91.15579574226109116, 39.86843137136592929, 10.85139268418873648 ) ) ;
#984 = CARTESIAN_POINT ( 'NONE',  ( -43.49075115655309531, 43.45470306577050223, 11.40746274660163984 ) ) ;
#985 = CARTESIAN_POINT ( 'NONE',  ( -16.91202771361302837, 23.18879050030844979, 7.743869982992594991 ) ) ;
#986 = CARTESIAN_POINT ( 'NONE',  ( 55.63030110107261095, 14.79579365182872586, 14.47620222632599862 ) ) ;
#987 = ORIENTED_EDGE ( 'NONE', *, *, #1755, .F. ) ;
#988 = CARTESIAN_POINT ( 'NONE',  ( 88.52983072503482731, 30.20370709320636848, 9.156935054953814657 ) ) ;
#989 = ADVANCED_FACE ( 'NONE', ( #182, #943 ), #691, .T. ) ;
#990 = CARTESIAN_POINT ( 'NONE',  ( -24.35616985790235134, 47.34506159397117386, 13.82406061998751134 ) ) ;
#991 = CARTESIAN_POINT ( 'NONE',  ( 16.77206241031402101, 46.60474631813866608, 10.07352775568242897 ) ) ;
#992 = CARTESIAN_POINT ( 'NONE',  ( -31.73979702229042132, 49.54757970681323087, 9.198428221167313623 ) ) ;
#993 = CARTESIAN_POINT ( 'NONE',  ( -17.67682486353075433, 47.03859986138500915, 6.874645539756086166 ) ) ;
#994 = DIRECTION ( 'NONE',  ( 1.000000000000000000, 0.000000000000000000, 0.000000000000000000 ) ) ;
#995 = CARTESIAN_POINT ( 'NONE',  ( -34.03559006993868508, 49.08290874757317823, 8.233423030728280523 ) ) ;
#996 = CARTESIAN_POINT ( 'NONE',  ( -38.49611144049498535, 30.08946298237753325, 9.481720238744840046 ) ) ;
#997 = CARTESIAN_POINT ( 'NONE',  ( 51.28233754363348140, 49.29120870561074952, 13.00944589894832326 ) ) ;
#998 = CARTESIAN_POINT ( 'NONE',  ( -43.71305134126810543, 42.80906271152234410, 11.82756648322587090 ) ) ;
#999 = LINE ( 'NONE', #2948, #1091 ) ;
#1000 = CARTESIAN_POINT ( 'NONE',  ( -33.96574429572994092, 49.81885843669754621, 15.00000000000000000 ) ) ;
#1001 = CARTESIAN_POINT ( 'NONE',  ( -25.79860102904187968, 24.52211277234983200, 7.999644506928726528 ) ) ;
#1002 = CARTESIAN_POINT ( 'NONE',  ( -29.25551623892739528, 24.90459176926739460, 15.76038502048991674 ) ) ;
#1003 = ORIENTED_EDGE ( 'NONE', *, *, #2508, .F. ) ;
#1004 = CARTESIAN_POINT ( 'NONE',  ( 56.26660317674255651, 48.87783584631558398, 0.03642506375641495903 ) ) ;
#1005 = CARTESIAN_POINT ( 'NONE',  ( 55.63030110107261805, 49.22206390543982479, 15.34806271617231310 ) ) ;
#1006 = CARTESIAN_POINT ( 'NONE',  ( 58.19976925462606232, 15.42360383740921748, 0.1054980903296168782 ) ) ;
#1007 = CARTESIAN_POINT ( 'NONE',  ( 51.23431502809522442, 48.54058572558742668, 0.02651469634959875005 ) ) ;
#1008 = CARTESIAN_POINT ( 'NONE',  ( -44.05849663784675130, 38.26256768504480021, 12.94033401359680902 ) ) ;
#1009 = CARTESIAN_POINT ( 'NONE',  ( -16.54300540883984283, 47.95513234254701018, 7.726198075831043788 ) ) ;
#1010 = CARTESIAN_POINT ( 'NONE',  ( 91.37842213860541563, 40.48793675576572326, 11.67963702250909463 ) ) ;
#1011 = CARTESIAN_POINT ( 'NONE',  ( -0.3116894953720771300, 45.86938701348402248, 5.304017792455505642 ) ) ;
#1012 = CARTESIAN_POINT ( 'NONE',  ( -44.03665809666841824, 38.03357476681141947, 13.03440205997007872 ) ) ;
#1013 = CARTESIAN_POINT ( 'NONE',  ( 89.45619148306026602, 42.48214066203615147, 10.50772054012605139 ) ) ;
#1014 = ORIENTED_EDGE ( 'NONE', *, *, #2761, .T. ) ;
#1015 = CARTESIAN_POINT ( 'NONE',  ( 48.95357418759655843, 15.76767861929151415, 13.33777685540138336 ) ) ;
#1016 =( NAMED_UNIT ( * ) SI_UNIT ( $, .STERADIAN. ) SOLID_ANGLE_UNIT ( ) );
#1017 = CARTESIAN_POINT ( 'NONE',  ( -29.25551623892739883, 48.77336644385962927, 15.19125201108191803 ) ) ;
#1018 = CARTESIAN_POINT ( 'NONE',  ( -26.05911893717992101, 24.55967160054259679, 8.022893509219080954 ) ) ;
#1019 = CARTESIAN_POINT ( 'NONE',  ( 55.63030110107261805, 14.98657444478089751, 14.89822927576062561 ) ) ;
#1020 = VERTEX_POINT ( 'NONE', #2187 ) ;
#1021 = CARTESIAN_POINT ( 'NONE',  ( 86.93949752291024424, 30.65657892541409879, 8.217395066326622199 ) ) ;
#1022 = CARTESIAN_POINT ( 'NONE',  ( -24.37901148709426735, 46.76215652117289068, 15.78617728548106491 ) ) ;
#1023 = CARTESIAN_POINT ( 'NONE',  ( -44.17042367523624335, 39.84491314829713104, 15.00000000000000000 ) ) ;
#1024 = CARTESIAN_POINT ( 'NONE',  ( -34.05422710139506393, 48.81991163956332969, 8.207228382881950779 ) ) ;
#1025 = CARTESIAN_POINT ( 'NONE',  ( 87.21083274268234220, 29.27494025316889648, 8.373115775379149639 ) ) ;
#1026 = CARTESIAN_POINT ( 'NONE',  ( -22.03741955265745744, 48.47136339294384300, 7.561873792865929644 ) ) ;
#1027 = CARTESIAN_POINT ( 'NONE',  ( 87.64979221632502515, 43.75988756986166806, 8.622456937802859045 ) ) ;
#1028 = DIRECTION ( 'NONE',  ( -0.000000000000000000, -0.000000000000000000, -1.000000000000000000 ) ) ;
#1029 = AXIS2_PLACEMENT_3D ( 'NONE', #2256, #2527, #2304 ) ;
#1030 = CARTESIAN_POINT ( 'NONE',  ( -43.55481861153040768, 36.41054302068186388, 11.53257817917679340 ) ) ;
#1031 = CARTESIAN_POINT ( 'NONE',  ( 66.38099572237651103, 47.71959185437331996, 1.969514695068131482 ) ) ;
#1032 = ORIENTED_EDGE ( 'NONE', *, *, #2562, .F. ) ;
#1033 = CARTESIAN_POINT ( 'NONE',  ( -44.16862598708738830, 40.01532527679008666, 14.83943385307940055 ) ) ;
#1034 = CARTESIAN_POINT ( 'NONE',  ( 0.000000000000000000, 0.000000000000000000, 0.000000000000000000 ) ) ;
#1035 = MECHANICAL_DESIGN_GEOMETRIC_PRESENTATION_REPRESENTATION (  '', ( #366 ), #1651 ) ;
#1036 = CARTESIAN_POINT ( 'NONE',  ( 42.35498495278371678, 47.89597344920242250, 12.04072722100522341 ) ) ;
#1037 = CARTESIAN_POINT ( 'NONE',  ( -26.59227807302462665, 24.63849675021076635, 8.066086382263836896 ) ) ;
#1038 = CARTESIAN_POINT ( 'NONE',  ( 51.13789534448082463, 49.27078332650491177, 1.000000000000001332 ) ) ;
#1039 = ORIENTED_EDGE ( 'NONE', *, *, #2529, .T. ) ;
#1040 = AXIS2_PLACEMENT_3D ( 'NONE', #758, #1678, #526 ) ;
#1041 = CARTESIAN_POINT ( 'NONE',  ( 14.78056206859978872, 19.28494473053386216, 8.659418542085177251 ) ) ;
#1042 = CARTESIAN_POINT ( 'NONE',  ( -24.35723051530392880, 47.31012046471595767, 13.85725099481191158 ) ) ;
#1043 = CARTESIAN_POINT ( 'NONE',  ( 90.97500177218223882, 21.59959135688475129, 10.72880220786389494 ) ) ;
#1044 = CARTESIAN_POINT ( 'NONE',  ( -9.493626862235009511, 45.29020513480791266, 11.50382604349657001 ) ) ;
#1045 = CARTESIAN_POINT ( 'NONE',  ( -21.59521774230056224, 24.88932798904467347, 7.485438626938480056 ) ) ;
#1046 = CARTESIAN_POINT ( 'NONE',  ( -20.36310480258936195, 47.28581012725400967, 7.292413012564527897 ) ) ;
#1047 = CARTESIAN_POINT ( 'NONE',  ( -29.25551623892739528, 25.63256247261578480, 14.97473524407246970 ) ) ;
#1048 = ADVANCED_FACE ( 'NONE', ( #2443 ), #814, .T. ) ;
#1049 = LINE ( 'NONE', #1772, #149 ) ;
#1050 = CARTESIAN_POINT ( 'NONE',  ( -12.17841061160473970, 46.83913884123182925, 11.84156802275408538 ) ) ;
#1051 = CARTESIAN_POINT ( 'NONE',  ( -29.25551623892739528, 25.63256247261578480, 14.97473524407246970 ) ) ;
#1052 = EDGE_LOOP ( 'NONE', ( #1867, #2549, #1295, #1695, #1917 ) ) ;
#1053 = CARTESIAN_POINT ( 'NONE',  ( -44.17026008187563235, 39.74736372097855508, 14.98209651285530164 ) ) ;
#1054 = ADVANCED_FACE ( 'NONE', ( #516 ), #2511, .F. ) ;
#1055 = CARTESIAN_POINT ( 'NONE',  ( 54.75918221396251084, 14.55128243030353374, 13.52131670496619442 ) ) ;
#1056 = CARTESIAN_POINT ( 'NONE',  ( -27.63484000638930382, 24.82006381608981016, 9.125504937565004582 ) ) ;
#1057 = CARTESIAN_POINT ( 'NONE',  ( 12.41977198046615882, 22.98154217962877865, 8.362436778460700992 ) ) ;
#1058 = B_SPLINE_CURVE_WITH_KNOTS ( 'NONE', 3,
 ( #2395, #2409, #927, #3139, #249, #1684, #1668, #1479, #3168, #732, #2154, #973, #1975, #1717, #2683, #2907, #1911, #481, #2173, #1461, #499, #2956, #2890, #1925, #3, #1940, #2203, #992, #3154, #2922, #749, #1733 ),
 .UNSPECIFIED., .F., .F.,
 ( 4, 2, 2, 2, 2, 2, 2, 2, 2, 2, 2, 2, 2, 2, 2, 4 ),
 ( 0.000000000000000000, 0.01072219763272880613, 0.02144439526545761227, 0.03216659289818641493, 0.04288879053091522453, 0.04824988934727962586, 0.05361098816364403413, 0.06433318579637282986, 0.06701373520455504440, 0.06969428461273723119, 0.07505538342910161864, 0.07773593283728381931, 0.08041648224546600610, 0.08309703165364820676, 0.08443730635773930016, 0.08577758106183039355 ),
 .UNSPECIFIED. ) ;
#1059 = EDGE_CURVE ( 'NONE', #2738, #2149, #325, .T. ) ;
#1060 = CARTESIAN_POINT ( 'NONE',  ( 36.45948347534137923, 15.81265648752441066, 10.13506406928994608 ) ) ;
#1061 = CARTESIAN_POINT ( 'NONE',  ( -29.25551623892739883, 48.80422039708087567, 15.07414085424030326 ) ) ;
#1062 = CARTESIAN_POINT ( 'NONE',  ( -44.17042367523627178, 39.17745735888929204, 15.00000000000000000 ) ) ;
#1063 = DIRECTION ( 'NONE',  ( -0.000000000000000000, -0.000000000000000000, -1.000000000000000000 ) ) ;
#1064 = ADVANCED_BREP_SHAPE_REPRESENTATION ( '手柄-开源3', ( #435, #363, #581 ), #1958 ) ;
#1065 = CARTESIAN_POINT ( 'NONE',  ( -38.30395186113041461, 31.10394994400582291, 8.537181248804735390 ) ) ;
#1066 = CARTESIAN_POINT ( 'NONE',  ( -24.57377715920845773, 48.73606928172998920, 8.896884241304405805 ) ) ;
#1067 = CARTESIAN_POINT ( 'NONE',  ( 90.38140740771066817, 40.74238987906032605, 10.33219987608289436 ) ) ;
#1068 = CARTESIAN_POINT ( 'NONE',  ( -34.05422710139506393, 48.81991163956332969, 8.207228382881950779 ) ) ;
#1069 = CARTESIAN_POINT ( 'NONE',  ( 38.10271284980608186, 18.90082463784532152, 14.99999999999998046 ) ) ;
#1070 = ORIENTED_EDGE ( 'NONE', *, *, #567, .T. ) ;
#1071 = CARTESIAN_POINT ( 'NONE',  ( -29.25551623892739528, 25.42226490708538833, 14.86140389336528322 ) ) ;
#1072 = CARTESIAN_POINT ( 'NONE',  ( -29.25551623892739883, 48.79024100689294130, 15.11284281352546799 ) ) ;
#1073 = CARTESIAN_POINT ( 'NONE',  ( -40.28388154202836091, 31.70821715015409836, 8.932699025869631271 ) ) ;
#1074 = CARTESIAN_POINT ( 'NONE',  ( -24.33215177672022023, 25.17114698580652643, 13.55989376004334801 ) ) ;
#1075 = CARTESIAN_POINT ( 'NONE',  ( 56.31261159811121786, 14.49071617607418716, 13.95675913687602687 ) ) ;
#1076 = CARTESIAN_POINT ( 'NONE',  ( 91.48798030645330925, 21.42548531254432120, 11.70525756247731408 ) ) ;
#1077 = CARTESIAN_POINT ( 'NONE',  ( 78.05588675135790311, 15.56882797931287854, 4.061933300298414373 ) ) ;
#1078 = CARTESIAN_POINT ( 'NONE',  ( -24.35616985790235134, 47.34506159397117386, 13.82406061998751134 ) ) ;
#1079 = CARTESIAN_POINT ( 'NONE',  ( -38.73119889133891292, 31.45955681411479432, 8.608155416080151667 ) ) ;
#1080 = CARTESIAN_POINT ( 'NONE',  ( 85.28104921850001574, 43.99197541039715276, 7.303322394316131394 ) ) ;
#1081 = CARTESIAN_POINT ( 'NONE',  ( 54.78515664832954002, 15.29043284460765939, 0.02597056482551292692 ) ) ;
#1082 = CARTESIAN_POINT ( 'NONE',  ( 84.75042081543074346, 45.09270712639920475, 7.973866019970788699 ) ) ;
#1083 = VERTEX_POINT ( 'NONE', #1305 ) ;
#1084 = CARTESIAN_POINT ( 'NONE',  ( 51.22690651032317533, 14.72047539744250244, 1.000000000000001332 ) ) ;
#1085 = CARTESIAN_POINT ( 'NONE',  ( 36.14788924576838980, 15.84237426798148363, 10.08478495942118691 ) ) ;
#1086 = CARTESIAN_POINT ( 'NONE',  ( -41.38847860740978035, 32.90977900251791510, 10.09392372745660538 ) ) ;
#1087 = CARTESIAN_POINT ( 'NONE',  ( 48.95357418759655843, 15.76767861929151415, 13.33777685540138336 ) ) ;
#1088 = CARTESIAN_POINT ( 'NONE',  ( 17.41266704206677929, 18.02747172169196332, 7.765766478084010771 ) ) ;
#1089 = CARTESIAN_POINT ( 'NONE',  ( 19.11763199355503318, 53.16314118509747999, 13.69982297072299815 ) ) ;
#1090 = EDGE_CURVE ( 'NONE', #1367, #121, #283, .T. ) ;
#1091 = VECTOR ( 'NONE', #1967, 1000.000000000000000 ) ;
#1092 = CARTESIAN_POINT ( 'NONE',  ( 90.89704066556906525, 20.53588736890822730, 10.67417314084068103 ) ) ;
#1093 = EDGE_CURVE ( 'NONE', #1571, #3125, #1422, .T. ) ;
#1094 = CARTESIAN_POINT ( 'NONE',  ( 51.13789534448082463, 49.27078332650491177, 1.000000000000001332 ) ) ;
#1095 = CARTESIAN_POINT ( 'NONE',  ( 54.46885664342103439, 49.24206572563898732, 14.49662776252813146 ) ) ;
#1096 = CARTESIAN_POINT ( 'NONE',  ( 75.82698853640181369, 46.75062935122804930, 4.291666123525019749 ) ) ;
#1097 = CARTESIAN_POINT ( 'NONE',  ( 0.8426840793211846092, 42.59060268253754344, 15.00000000000000000 ) ) ;
#1098 = CARTESIAN_POINT ( 'NONE',  ( 20.84922633490361576, 23.95118099884170704, 14.99999999999999822 ) ) ;
#1099 = VERTEX_POINT ( 'NONE', #3118 ) ;
#1100 = CARTESIAN_POINT ( 'NONE',  ( -9.536627622791169046, 16.50385128670085777, 14.65142833924313237 ) ) ;
#1101 = FACE_OUTER_BOUND ( 'NONE', #1525, .T. ) ;
#1102 = B_SPLINE_CURVE_WITH_KNOTS ( 'NONE', 3,
 ( #1296, #2739, #2069, #2246, #1277, #1326, #2281, #1554, #2537, #2264, #329, #1312, #2023, #75, #1812, #27 ),
 .UNSPECIFIED., .F., .F.,
 ( 4, 2, 2, 2, 2, 2, 2, 4 ),
 ( 0.002842533539730792997, 0.003197772079336338481, 0.003553010618941883966, 0.003908249158547429450, 0.004263487698152975368, 0.004618726237758521286, 0.004973964777364066336, 0.005684441856575143427 ),
 .UNSPECIFIED. ) ;
#1103 = CARTESIAN_POINT ( 'NONE',  ( -29.84657496880303285, 25.38019257415681551, 8.200255823518084242 ) ) ;
#1104 = CARTESIAN_POINT ( 'NONE',  ( 55.63030110107261095, 49.79498476291335862, 14.21654037505413903 ) ) ;
#1105 = CARTESIAN_POINT ( 'NONE',  ( -40.40192552853481800, 46.59244499724324839, 8.973772967905539133 ) ) ;
#1106 = CARTESIAN_POINT ( 'NONE',  ( 9.217577251272629724, 19.17330685482397001, 7.657352025229934966 ) ) ;
#1107 = CARTESIAN_POINT ( 'NONE',  ( 75.27881919110743070, 14.39407395290606040, 4.144242337566615753 ) ) ;
#1108 = CARTESIAN_POINT ( 'NONE',  ( 51.15161020980281847, 49.14535860704101111, 0.4968193065203806991 ) ) ;
#1109 = CARTESIAN_POINT ( 'NONE',  ( -39.63828832088513821, 44.15256915907430368, 8.792151596780691136 ) ) ;
#1110 = CARTESIAN_POINT ( 'NONE',  ( -28.67449975239428994, 48.79632219113965874, 14.74058028096848361 ) ) ;
#1111 = CARTESIAN_POINT ( 'NONE',  ( 61.02732511943788296, 49.24945582931766808, 0.3270781502301053911 ) ) ;
#1112 = CARTESIAN_POINT ( 'NONE',  ( -28.69771851263442031, 48.79645243164277701, 14.75187824630680744 ) ) ;
#1113 = ORIENTED_EDGE ( 'NONE', *, *, #1330, .T. ) ;
#1114 = CARTESIAN_POINT ( 'NONE',  ( -9.687245267977408147, 26.55653327561820021, 15.88198281313294835 ) ) ;
#1115 = CARTESIAN_POINT ( 'NONE',  ( -10.08964498380123409, 22.13314260751876716, 9.918473349317469712 ) ) ;
#1116 = CARTESIAN_POINT ( 'NONE',  ( -39.28130446529295483, 31.93887210831734791, 8.712040259981939982 ) ) ;
#1117 = CARTESIAN_POINT ( 'NONE',  ( 87.28871619811560834, 17.26563275060896530, 9.273736633352397618 ) ) ;
#1118 = CARTESIAN_POINT ( 'NONE',  ( 91.82957632475871890, 22.29470213354701613, 15.00000000000000000 ) ) ;
#1119 = CARTESIAN_POINT ( 'NONE',  ( -29.74556599615830876, 25.35552814633963692, 14.26605903273717146 ) ) ;
#1120 = CARTESIAN_POINT ( 'NONE',  ( 82.50627115350448548, 15.34273268657922173, 6.908619766998229217 ) ) ;
#1121 = CARTESIAN_POINT ( 'NONE',  ( -35.49575236542219159, 48.75680258061046857, 8.248831718921865175 ) ) ;
#1122 = CARTESIAN_POINT ( 'NONE',  ( -44.16973113685136099, 39.18712698879225087, 14.93004255323113938 ) ) ;
#1123 = CARTESIAN_POINT ( 'NONE',  ( -25.46397942241146950, 48.83134349497873927, 13.66211074694687078 ) ) ;
#1124 = CARTESIAN_POINT ( 'NONE',  ( 77.66284453459817883, 45.61237073269223430, 3.899017484225982155 ) ) ;
#1125 = CARTESIAN_POINT ( 'NONE',  ( -29.25551623892739528, 48.92935625849188597, 14.89040823050785001 ) ) ;
#1126 = ORIENTED_EDGE ( 'NONE', *, *, #1093, .F. ) ;
#1127 = CARTESIAN_POINT ( 'NONE',  ( 48.95270129619515131, 15.80182949597494080, 13.36453845176655975 ) ) ;
#1128 = ADVANCED_FACE ( 'NONE', ( #638 ), #465, .F. ) ;
#1129 = CARTESIAN_POINT ( 'NONE',  ( -28.84839159837946454, 25.10236590257932932, 13.89765128586833853 ) ) ;
#1130 = CARTESIAN_POINT ( 'NONE',  ( -42.83513326716598613, 35.78318050191365529, 10.18116369936585563 ) ) ;
#1131 = CARTESIAN_POINT ( 'NONE',  ( 68.38425954258947570, 14.26673420589100871, 2.361907304420049591 ) ) ;
#1132 = CARTESIAN_POINT ( 'NONE',  ( -24.28338456488301844, 50.38608704102129110, 15.75691832972511008 ) ) ;
#1133 = CARTESIAN_POINT ( 'NONE',  ( -38.61007155221859932, 48.78671118066433365, 9.529716434371627187 ) ) ;
#1134 = CARTESIAN_POINT ( 'NONE',  ( -25.75603199627293094, 24.51587765054392776, 13.00510434390904457 ) ) ;
#1135 = CARTESIAN_POINT ( 'NONE',  ( 89.83533118131357753, 19.24192348156300625, 9.971167076751836333 ) ) ;
#1136 = CARTESIAN_POINT ( 'NONE',  ( -9.643508769390654933, 24.31489268139412374, 11.41268999839317644 ) ) ;
#1137 = EDGE_LOOP ( 'NONE', ( #1003, #2366 ) ) ;
#1138 = CIRCLE ( 'NONE', #317, 10.00633195501486306 ) ;
#1139 = CARTESIAN_POINT ( 'NONE',  ( -44.17012150382849001, 39.19492834058358000, 14.96664299370474183 ) ) ;
#1140 = CARTESIAN_POINT ( 'NONE',  ( -22.98229327383297971, 48.56751333291020245, 12.41299497905955462 ) ) ;
#1141 = CARTESIAN_POINT ( 'NONE',  ( 62.91562051360530461, 47.55704725075011652, 0.5172666922771822495 ) ) ;
#1142 = CARTESIAN_POINT ( 'NONE',  ( -27.01592825647948359, 48.47475763408492355, 14.30175577169840651 ) ) ;
#1143 = EDGE_CURVE ( 'NONE', #3035, #2008, #2930, .T. ) ;
#1144 = ORIENTED_EDGE ( 'NONE', *, *, #796, .F. ) ;
#1145 = CARTESIAN_POINT ( 'NONE',  ( 35.56670215476112418, 18.13514605272086655, 11.85139978493729451 ) ) ;
#1146 = CARTESIAN_POINT ( 'NONE',  ( -4.801564677043888452, 21.30946312004086707, 9.069104370157376138 ) ) ;
#1147 = CARTESIAN_POINT ( 'NONE',  ( -44.17495167673434509, 39.29583728440044155, 15.49989208624677772 ) ) ;
#1148 = ADVANCED_FACE ( 'NONE', ( #563 ), #2986, .T. ) ;
#1149 = CARTESIAN_POINT ( 'NONE',  ( 89.19224293130373837, 18.63768321409543560, 10.32663701374151621 ) ) ;
#1150 = CARTESIAN_POINT ( 'NONE',  ( 53.62748656987962192, 48.63376105931583027, 1.301042606982605321E-15 ) ) ;
#1151 = CARTESIAN_POINT ( 'NONE',  ( -22.93634827652920904, 24.10133789004499860, 13.05373888214899658 ) ) ;
#1152 = CARTESIAN_POINT ( 'NONE',  ( 72.83429927042080010, 14.31119510180685950, 3.425377385129091845 ) ) ;
#1153 = CARTESIAN_POINT ( 'NONE',  ( 35.56607884384169438, 17.99786311650236570, 11.72693145043245799 ) ) ;
#1154 = VERTEX_POINT ( 'NONE', #2267 ) ;
#1155 = CARTESIAN_POINT ( 'NONE',  ( -38.27042367523624478, 43.34895726523274817, 8.536058040146954795 ) ) ;
#1156 = CARTESIAN_POINT ( 'NONE',  ( -12.13599334642907657, 47.58863129162384809, 11.64870608805893148 ) ) ;
#1157 = CARTESIAN_POINT ( 'NONE',  ( 88.50323004233518986, 30.32699028872572455, 9.140690817631231369 ) ) ;
#1158 = CARTESIAN_POINT ( 'NONE',  ( -44.17042367523627178, 39.17745735888929204, 15.00000000000000000 ) ) ;
#1159 = ORIENTED_EDGE ( 'NONE', *, *, #2525, .T. ) ;
#1160 = CARTESIAN_POINT ( 'NONE',  ( 12.40339254721996731, 9.751034093202438413, 18.88777600846625049 ) ) ;
#1161 = CARTESIAN_POINT ( 'NONE',  ( 87.74478472837883203, 14.77119763163705635, 0.9999999999999974465 ) ) ;
#1162 = CARTESIAN_POINT ( 'NONE',  ( -44.17307306295388969, 39.24180553310818453, 15.36573329446034641 ) ) ;
#1163 = CARTESIAN_POINT ( 'NONE',  ( 91.39604175756841187, 39.55250778555877389, 11.01653460554189579 ) ) ;
#1164 = CARTESIAN_POINT ( 'NONE',  ( 52.28956785691340059, 49.43571281333143475, 7.792620253521190044E-12 ) ) ;
#1165 = CARTESIAN_POINT ( 'NONE',  ( -27.33110571978902570, 24.76627850149881382, 13.41967011918799635 ) ) ;
#1166 = EDGE_CURVE ( 'NONE', #15, #728, #2540, .T. ) ;
#1167 = B_SPLINE_CURVE_WITH_KNOTS ( 'NONE', 3,
 ( #2698, #2648, #1410, #3183 ),
 .UNSPECIFIED., .F., .F.,
 ( 4, 4 ),
 ( 0.000000000000000000, 0.003575776167864960775 ),
 .UNSPECIFIED. ) ;
#1168 = CYLINDRICAL_SURFACE ( 'NONE', #369, 1.000000000000000888 ) ;
#1169 = CARTESIAN_POINT ( 'NONE',  ( -33.96575009767600051, 49.81885855175931255, 9.206790842281552756 ) ) ;
#1170 = ORIENTED_EDGE ( 'NONE', *, *, #2657, .T. ) ;
#1171 = CARTESIAN_POINT ( 'NONE',  ( 19.10008056568313606, 51.70706666388490902, 10.76326312600672352 ) ) ;
#1172 = CARTESIAN_POINT ( 'NONE',  ( 47.39301504530824616, 48.75510138982093622, 12.30867525503907345 ) ) ;
#1173 = CARTESIAN_POINT ( 'NONE',  ( 91.70114297656381552, 21.80442509812596441, 11.84062010682904820 ) ) ;
#1174 = CARTESIAN_POINT ( 'NONE',  ( 54.69914154023134500, 49.62577336754620916, 0.4961082243878837117 ) ) ;
#1175 = CARTESIAN_POINT ( 'NONE',  ( 48.02550857767366210, 48.81821399234181058, 0.04287034737124229694 ) ) ;
#1176 = DIRECTION ( 'NONE',  ( 0.000000000000000000, 1.000000000000000000, 0.000000000000000000 ) ) ;
#1177 = CARTESIAN_POINT ( 'NONE',  ( -43.32222722483059840, 36.46335438312060973, 10.74499767538719475 ) ) ;
#1178 = CARTESIAN_POINT ( 'NONE',  ( -40.07042367523624193, 43.34895726523291160, 15.00000000000000000 ) ) ;
#1179 = ORIENTED_EDGE ( 'NONE', *, *, #382, .F. ) ;
#1180 = CARTESIAN_POINT ( 'NONE',  ( -44.15751177597591948, 40.33411024274815304, 14.40761433773102240 ) ) ;
#1181 = CARTESIAN_POINT ( 'NONE',  ( -25.00007185260645670, 25.06016315372922776, 13.80311533637650179 ) ) ;
#1182 = CARTESIAN_POINT ( 'NONE',  ( -29.25551623892739528, 25.65845792619516175, 14.99999786644327315 ) ) ;
#1183 = CARTESIAN_POINT ( 'NONE',  ( 34.53860367423362732, 16.97141919225852646, 1.246324184837687810 ) ) ;
#1184 = CARTESIAN_POINT ( 'NONE',  ( -43.51690762986804373, 42.89996210775059637, 11.06735123002553500 ) ) ;
#1185 = EDGE_CURVE ( 'NONE', #1276, #2439, #1344, .T. ) ;
#1186 = CARTESIAN_POINT ( 'NONE',  ( 42.33894393554729163, 48.90452109959325355, 12.11409701648755899 ) ) ;
#1187 = CARTESIAN_POINT ( 'NONE',  ( 47.31923585143998423, 48.10832570974964284, 13.22559097638616166 ) ) ;
#1188 = PRESENTATION_LAYER_ASSIGNMENT (  '', '', ( #366 ) ) ;
#1189 = CARTESIAN_POINT ( 'NONE',  ( 47.55907363981118863, 15.99712936307782662, 13.16496504533147061 ) ) ;
#1190 = CARTESIAN_POINT ( 'NONE',  ( 12.10898070185539055, 45.56410682567610593, 4.265362141211244129 ) ) ;
#1191 = VECTOR ( 'NONE', #312, 1000.000000000000000 ) ;
#1192 = CARTESIAN_POINT ( 'NONE',  ( -29.25551623892739528, 24.86825621651232154, 15.00647627291708908 ) ) ;
#1193 = CARTESIAN_POINT ( 'NONE',  ( -33.96819080781745015, 49.81890694852640422, 9.074011269093565701 ) ) ;
#1194 = CARTESIAN_POINT ( 'NONE',  ( -44.10893285785559215, 38.47249137111894868, 13.47613491361716598 ) ) ;
#1195 = CARTESIAN_POINT ( 'NONE',  ( 54.93382684431604446, 14.89112765536924421, 14.35141298373439689 ) ) ;
#1196 = ORIENTED_EDGE ( 'NONE', *, *, #1059, .F. ) ;
#1197 = CARTESIAN_POINT ( 'NONE',  ( -43.02505264076287972, 44.47069797048370532, 10.34001797662644861 ) ) ;
#1198 = CARTESIAN_POINT ( 'NONE',  ( -29.95374399824158118, 25.41915346354153726, 14.36322127552890748 ) ) ;
#1199 = CARTESIAN_POINT ( 'NONE',  ( -36.51915265320088366, 49.54671358379444968, 9.309230343845404931 ) ) ;
#1200 = CARTESIAN_POINT ( 'NONE',  ( 51.27128756128788467, 15.71863280927838780, 3.980409523441139063E-07 ) ) ;
#1201 = CARTESIAN_POINT ( 'NONE',  ( -24.28728871374583065, 26.22805993322212004, 14.50878977006802195 ) ) ;
#1202 = CARTESIAN_POINT ( 'NONE',  ( -29.25551623892739883, 48.86122669770983151, 14.96728922264414763 ) ) ;
#1203 = CARTESIAN_POINT ( 'NONE',  ( 42.05286326454393731, 48.10418505509137077, 11.42598909146113506 ) ) ;
#1204 = DIRECTION ( 'NONE',  ( 1.000000000000000000, 0.000000000000000000, 0.000000000000000000 ) ) ;
#1205 = CARTESIAN_POINT ( 'NONE',  ( 26.44611423264095151, 46.88473430241742790, 2.336572829294245590 ) ) ;
#1206 = CARTESIAN_POINT ( 'NONE',  ( 35.56312939878158375, 17.23898684631487654, 11.21758618080093939 ) ) ;
#1207 = CARTESIAN_POINT ( 'NONE',  ( 55.63030110107261805, 14.80488490260411716, 14.48623327063259225 ) ) ;
#1208 = CARTESIAN_POINT ( 'NONE',  ( -44.16576504500853417, 39.08140051065319653, 14.66136509392137377 ) ) ;
#1209 = CARTESIAN_POINT ( 'NONE',  ( 51.86841509058623956, 15.20016376432124261, 13.74896372501876662 ) ) ;
#1210 = CARTESIAN_POINT ( 'NONE',  ( -43.25535109165027592, 44.01307938915549300, 10.61473776554835347 ) ) ;
#1211 = CARTESIAN_POINT ( 'NONE',  ( 51.22690651032317533, 14.72047539744250244, 1.000000000000001332 ) ) ;
#1212 = PRODUCT_DEFINITION_SHAPE ( 'NONE', 'NONE',  #2723 ) ;
#1213 = B_SPLINE_CURVE_WITH_KNOTS ( 'NONE', 3,
 ( #3156, #2444, #2942, #1686, #2909 ),
 .UNSPECIFIED., .F., .F.,
 ( 4, 1, 4 ),
 ( 0.004763330387345579738, 0.07656969210473296705, 0.1493989126276925872 ),
 .UNSPECIFIED. ) ;
#1214 = CARTESIAN_POINT ( 'NONE',  ( -39.17042367523624335, 43.34895726523291160, 15.00000000000000000 ) ) ;
#1215 = CARTESIAN_POINT ( 'NONE',  ( 71.20052205486480545, 14.28575845222328233, 3.002705673890737170 ) ) ;
#1216 = CARTESIAN_POINT ( 'NONE',  ( 55.63030110107261805, 14.73264785390579590, 15.32514323755042973 ) ) ;
#1217 = VERTEX_POINT ( 'NONE', #1817 ) ;
#1218 = CARTESIAN_POINT ( 'NONE',  ( -24.35510920050077033, 47.38000272322639006, 13.79087024516311466 ) ) ;
#1219 = CARTESIAN_POINT ( 'NONE',  ( 51.70788873923824269, 49.35315800878357351, 13.72714286667041073 ) ) ;
#1220 = CARTESIAN_POINT ( 'NONE',  ( 54.78229409002893391, 48.88895110653656673, -9.656175598699018935E-17 ) ) ;
#1221 = CARTESIAN_POINT ( 'NONE',  ( 48.14626422415543772, 47.83183524134943099, 0.03654554877121356238 ) ) ;
#1222 = CARTESIAN_POINT ( 'NONE',  ( 35.55879764229953111, 11.92914726423684257, 13.55321917270116572 ) ) ;
#1223 = CARTESIAN_POINT ( 'NONE',  ( 29.63623486127975326, 16.49889442615479496, 2.899724562950983131 ) ) ;
#1224 = CARTESIAN_POINT ( 'NONE',  ( 48.66652577231880628, 48.92251924172423116, 12.53112368455934522 ) ) ;
#1225 = EDGE_LOOP ( 'NONE', ( #1452, #300 ) ) ;
#1226 = CARTESIAN_POINT ( 'NONE',  ( -43.43350438208882736, 43.04921912621085767, 10.93253273125206348 ) ) ;
#1227 = EDGE_CURVE ( 'NONE', #1989, #1706, #821, .T. ) ;
#1228 = CARTESIAN_POINT ( 'NONE',  ( 55.63030110107258963, 14.51691283636220930, 15.00000000000000000 ) ) ;
#1229 = CARTESIAN_POINT ( 'NONE',  ( -43.08048510797251396, 44.36896777509319634, 10.94859103839319658 ) ) ;
#1230 = CARTESIAN_POINT ( 'NONE',  ( -28.01018961751880809, 25.91441279534776854, 8.152295152161723735 ) ) ;
#1231 = CARTESIAN_POINT ( 'NONE',  ( -29.25551623892739528, 25.43890768385314161, 15.89864810883532797 ) ) ;
#1232 = VERTEX_POINT ( 'NONE', #1038 ) ;
#1233 = CARTESIAN_POINT ( 'NONE',  ( 58.90796010796147897, 49.82880980370617863, 1.155027772494625848 ) ) ;
#1234 = CARTESIAN_POINT ( 'NONE',  ( -24.30046913830812372, 49.33290346325065912, 13.36460018303710484 ) ) ;
#1235 = CARTESIAN_POINT ( 'NONE',  ( 55.29138262062647868, 49.81405491722377121, 14.36046778217646569 ) ) ;
#1236 = CARTESIAN_POINT ( 'NONE',  ( 54.68642062300354922, 49.72486327383026605, 0.7364928523387379578 ) ) ;
#1237 = CARTESIAN_POINT ( 'NONE',  ( -16.77751741248934536, 46.95897486591070447, 6.737007532110852459 ) ) ;
#1238 = CARTESIAN_POINT ( 'NONE',  ( 55.63030110107261095, 14.66366402555587989, 14.38257222055757367 ) ) ;
#1239 =( NAMED_UNIT ( * ) SI_UNIT ( $, .STERADIAN. ) SOLID_ANGLE_UNIT ( ) );
#1240 = DIRECTION ( 'NONE',  ( 1.000000000000000000, 0.000000000000000000, 0.000000000000000000 ) ) ;
#1241 = CARTESIAN_POINT ( 'NONE',  ( -23.67577971677699722, 24.88618226023380231, 13.48869064543539231 ) ) ;
#1242 = CARTESIAN_POINT ( 'NONE',  ( -44.12325758889662808, 40.81199454932856696, 13.64914942454624125 ) ) ;
#1243 = CARTESIAN_POINT ( 'NONE',  ( -30.15741381779034569, 25.48437143310530928, 14.46816161247443056 ) ) ;
#1244 =( BOUNDED_SURFACE ( )  B_SPLINE_SURFACE ( 3, 2, ( 
 ( #895, #3072, #132 ),
 ( #2292, #2827, #1394 ),
 ( #1378, #2873, #1879 ),
 ( #865, #117, #2634 ),
 ( #1110, #910, #880 ),
 ( #2604, #626, #400 ),
 ( #2091, #2859, #2378 ),
 ( #1608, #2590, #384 ),
 ( #431, #1123, #414 ),
 ( #2347, #2105, #1140 ),
 ( #164, #654, #1639 ),
 ( #1408, #2619, #3088 ),
 ( #1790, #1864, #668 ),
 ( #1050, #1156, #326 ),
 ( #2843, #1653, #640 ),
 ( #2137, #2393, #2769 ),
 ( #2035, #1622, #806 ),
 ( #3122, #1894, #572 ),
 ( #2363, #1551, #147 ),
 ( #2534, #2121, #3106 ),
 ( #1309, #1444, #462 ),
 ( #1924, #2184, #2887 ),
 ( #3153, #991, #2408 ),
 ( #715, #940, #2682 ),
 ( #972, #447, #3136 ),
 ( #1700, #2906, #2921 ),
 ( #196, #2938, #2424 ),
 ( #681, #480, #697 ),
 ( #2697, #214, #1203 ),
 ( #1187, #1732, #1172 ),
 ( #1683, #1460, #957 ),
 ( #2441, #2663, #232 ),
 ( #731, #1219, #513 ),
 ( #2172, #2202, #2219 ),
 ( #3182, #2151, #3167 ),
 ( #1938, #1957, #1715 ),
 ( #498, #1478, #2457 ),
 ( #248, #1235, #2 ),
 ( #1974, #924, #2955 ),
 ( #748, #2713, #1494 ) ),
 .UNSPECIFIED., .F., .F., .F. ) 
 B_SPLINE_SURFACE_WITH_KNOTS ( ( 4, 2, 2, 2, 2, 2, 2, 2, 2, 2, 2, 2, 2, 2, 2, 2, 2, 2, 2, 4 ),
 ( 3, 3 ),
 ( 0.01180886788440859217, 0.01248520162014896996, 0.01316153535588934775, 0.01451420282737010507, 0.01721953777033161798, 0.02263020765625464031, 0.02804087754217766612, 0.03345154742810069193, 0.03886221731402371427, 0.04427288719994673660, 0.05509422697179278822, 0.06050489685771581749, 0.06591556674363883983, 0.07673690651548488451, 0.08755824628733094306, 0.09296891617325396540, 0.09432158364473472445, 0.09567425111621546963, 0.09702691858769622868, 0.09837958605917698773 ),
 ( 0.000000000000000000, 1.000000000000000000 ),
 .UNSPECIFIED. ) 
 GEOMETRIC_REPRESENTATION_ITEM ( )  RATIONAL_B_SPLINE_SURFACE ( (
 ( 1.000000000000000000, 0.9329145198925330451, 1.000000000000000000),
 ( 1.000000000000000000, 0.9250186762443580735, 1.000000000000000000),
 ( 1.000000000000000000, 0.9172049019480530418, 1.000000000000000000),
 ( 1.000000000000000000, 0.9034731480672053561, 1.000000000000000000),
 ( 1.000000000000000000, 0.8972646668302031170, 1.000000000000000000),
 ( 1.000000000000000000, 0.8802598792069047384, 1.000000000000000000),
 ( 1.000000000000000000, 0.8710540163451832019, 1.000000000000000000),
 ( 1.000000000000000000, 0.8475701402867849010, 1.000000000000000000),
 ( 1.000000000000000000, 0.8372726866941345714, 1.000000000000000000),
 ( 1.000000000000000000, 0.8134719339776333991, 1.000000000000000000),
 ( 1.000000000000000000, 0.8068567847190901698, 1.000000000000000000),
 ( 1.000000000000000000, 0.7973257565906417543, 1.000000000000000000),
 ( 1.000000000000000000, 0.7948537461432169104, 1.000000000000000000),
 ( 1.000000000000000000, 0.7903957763174592754, 1.000000000000000000),
 ( 1.000000000000000000, 0.7886008406476833210, 1.000000000000000000),
 ( 1.000000000000000000, 0.7852723913260853950, 1.000000000000000000),
 ( 1.000000000000000000, 0.7837550155934972507, 1.000000000000000000),
 ( 1.000000000000000000, 0.7809626589764590010, 1.000000000000000000),
 ( 1.000000000000000000, 0.7795731075850049763, 1.000000000000000000),
 ( 1.000000000000000000, 0.7764888468040107572, 1.000000000000000000),
 ( 1.000000000000000000, 0.7753197531433912992, 1.000000000000000000),
 ( 1.000000000000000000, 0.7757152566348689549, 1.000000000000000000),
 ( 1.000000000000000000, 0.7762320932197650514, 1.000000000000000000),
 ( 1.000000000000000000, 0.7781498476462207492, 1.000000000000000000),
 ( 1.000000000000000000, 0.7795367188877547759, 1.000000000000000000),
 ( 1.000000000000000000, 0.7848263111310643803, 1.000000000000000000),
 ( 1.000000000000000000, 0.7897621576122230147, 1.000000000000000000),
 ( 1.000000000000000000, 0.8026202730269860197, 1.000000000000000000),
 ( 1.000000000000000000, 0.8102970301484714311, 1.000000000000000000),
 ( 1.000000000000000000, 0.8270410119286925044, 1.000000000000000000),
 ( 1.000000000000000000, 0.8334519682861035728, 1.000000000000000000),
 ( 1.000000000000000000, 0.8445157569393512142, 1.000000000000000000),
 ( 1.000000000000000000, 0.8468517782457931631, 1.000000000000000000),
 ( 1.000000000000000000, 0.8520715817484844079, 1.000000000000000000),
 ( 1.000000000000000000, 0.8550345511161109302, 1.000000000000000000),
 ( 1.000000000000000000, 0.8634186346314866034, 1.000000000000000000),
 ( 1.000000000000000000, 0.8688134069784153590, 1.000000000000000000),
 ( 1.000000000000000000, 0.8849667158532982247, 1.000000000000000000),
 ( 1.000000000000000000, 0.8957934606542614642, 1.000000000000000000),
 ( 1.000000000000000000, 0.9115242287631460938, 1.000000000000000000) ) ) 
 REPRESENTATION_ITEM ( '' )  SURFACE ( )  );
#1245 = CARTESIAN_POINT ( 'NONE',  ( -28.36147227371275292, 25.77926064244345739, 15.00000000000001421 ) ) ;
#1246 = CARTESIAN_POINT ( 'NONE',  ( -21.31801703787643731, 23.85935712973286016, 7.442475635381553545 ) ) ;
#1247 = CARTESIAN_POINT ( 'NONE',  ( 35.57898214811456228, 19.32468621865005076, 15.26975038130809281 ) ) ;
#1248 = ORIENTED_EDGE ( 'NONE', *, *, #2425, .T. ) ;
#1249 = CARTESIAN_POINT ( 'NONE',  ( 91.70114297656381552, 21.80442509812594309, 11.84062010682907129 ) ) ;
#1250 = CARTESIAN_POINT ( 'NONE',  ( 88.89857398643640352, 19.24850239855683398, 9.379139929672183129 ) ) ;
#1251 = LINE ( 'NONE', #766, #1750 ) ;
#1252 = CARTESIAN_POINT ( 'NONE',  ( -36.99023728560749902, 30.07522086541511186, 8.355836803994510120 ) ) ;
#1253 = CARTESIAN_POINT ( 'NONE',  ( -0.3769574466133656654, 46.87563637208056377, 6.312352699850301008 ) ) ;
#1254 = CARTESIAN_POINT ( 'NONE',  ( 24.35524197238540367, 44.84279716334420840, 0.9999999999999991118 ) ) ;
#1255 = CARTESIAN_POINT ( 'NONE',  ( -24.26191765012638868, 47.68514326088742905, 7.842296680339726045 ) ) ;
#1256 = CARTESIAN_POINT ( 'NONE',  ( -41.99018443119857835, 33.66931126097532712, 10.31500673606779195 ) ) ;
#1257 = CARTESIAN_POINT ( 'NONE',  ( 87.56168218188744845, 43.80485203755792867, 9.436302207058739455 ) ) ;
#1258 = EDGE_LOOP ( 'NONE', ( #218, #3104, #1775 ) ) ;
#1259 = DIRECTION ( 'NONE',  ( -0.5541728191941999171, 0.7401243343654789753, -0.3809310385705124702 ) ) ;
#1260 = CARTESIAN_POINT ( 'NONE',  ( 60.90616165957256101, 48.25911100479591198, 0.3169839999852648305 ) ) ;
#1261 = UNCERTAINTY_MEASURE_WITH_UNIT (LENGTH_MEASURE( 1.000000000000000082E-05 ), #702, 'distance_accuracy_value', 'NONE');
#1262 = CARTESIAN_POINT ( 'NONE',  ( 14.77093818118661517, 18.38749995836986528, 7.654406062136095201 ) ) ;
#1263 = CARTESIAN_POINT ( 'NONE',  ( 4.449536108079785279, 19.88762407351154948, 4.994284515455402307 ) ) ;
#1264 = CARTESIAN_POINT ( 'NONE',  ( -9.536627622791169046, 16.50385128670085777, 14.65142833924313237 ) ) ;
#1265 = EDGE_LOOP ( 'NONE', ( #1852, #591, #2578, #2168, #262 ) ) ;
#1266 = CARTESIAN_POINT ( 'NONE',  ( 55.29504953469619011, 49.81470358914075547, 1.011462150495453294 ) ) ;
#1267 = CARTESIAN_POINT ( 'NONE',  ( -29.25551623892739883, 49.83592895721697857, 15.18244593946947774 ) ) ;
#1268 = CARTESIAN_POINT ( 'NONE',  ( 66.62665200307760927, 15.27046588932373616, 1.025530850504771996 ) ) ;
#1269 = LINE ( 'NONE', #1804, #1440 ) ;
#1270 = CARTESIAN_POINT ( 'NONE',  ( 4.057538601121079225, 20.94689346190833135, 5.023981948285459076 ) ) ;
#1271 = CARTESIAN_POINT ( 'NONE',  ( -32.67524667369410452, 49.65993376593304731, 9.194706874429343202 ) ) ;
#1272 = FACE_OUTER_BOUND ( 'NONE', #311, .T. ) ;
#1273 = CARTESIAN_POINT ( 'NONE',  ( -19.84826357700187316, 47.23648713114059916, 7.210365694914783852 ) ) ;
#1274 = CARTESIAN_POINT ( 'NONE',  ( -40.15599815175565368, 31.58340773304127325, 9.771035701893802994 ) ) ;
#1275 = CARTESIAN_POINT ( 'NONE',  ( 61.26923509592747052, 49.15800135971522167, 1.321293128390535143 ) ) ;
#1276 = VERTEX_POINT ( 'NONE', #125 ) ;
#1277 = CARTESIAN_POINT ( 'NONE',  ( -38.45369842528837978, 42.79200526459009524, 8.565142911265796855 ) ) ;
#1278 = CARTESIAN_POINT ( 'NONE',  ( -24.37864467840576310, 46.65351127828553501, 14.86502336722048234 ) ) ;
#1279 = CARTESIAN_POINT ( 'NONE',  ( -13.67550983178800195, 23.68406157082792518, 6.324872291888596898 ) ) ;
#1280 = CARTESIAN_POINT ( 'NONE',  ( 55.63030110107261095, 49.82923291244391351, 14.06424306396907475 ) ) ;
#1281 = VERTEX_POINT ( 'NONE', #872 ) ;
#1282 = CARTESIAN_POINT ( 'NONE',  ( 21.97517706710105756, 18.30706996767579753, 9.089204147039140480 ) ) ;
#1283 = B_SPLINE_CURVE_WITH_KNOTS ( 'NONE', 3,
 ( #2159, #205, #1195, #948 ),
 .UNSPECIFIED., .F., .F.,
 ( 4, 4 ),
 ( 0.08451607128175629702, 0.08665992288848123337 ),
 .UNSPECIFIED. ) ;
#1284 = CARTESIAN_POINT ( 'NONE',  ( -29.25551623892739883, 48.75170610827179729, 15.42698517073655218 ) ) ;
#1285 = CARTESIAN_POINT ( 'NONE',  ( 51.25016991858204563, 15.72064542639214224, 1.301042606982605321E-15 ) ) ;
#1286 = CARTESIAN_POINT ( 'NONE',  ( 42.33490788567764440, 49.14705904954367810, 12.18238665252476771 ) ) ;
#1287 = CARTESIAN_POINT ( 'NONE',  ( 86.76529954550179013, 29.81917373582761144, 8.118423740365095398 ) ) ;
#1288 = EDGE_CURVE ( 'NONE', #1930, #2771, #3081, .T. ) ;
#1289 = CARTESIAN_POINT ( 'NONE',  ( -0.4803231926358442760, 45.87656745831146310, 5.314147570824347966 ) ) ;
#1290 = CARTESIAN_POINT ( 'NONE',  ( 84.94696644958372644, 49.07745385053141263, 15.00000000000000000 ) ) ;
#1291 = CARTESIAN_POINT ( 'NONE',  ( -17.20084684133484743, 46.99623728407092926, 6.802038034739060102 ) ) ;
#1292 = CIRCLE ( 'NONE', #1859, 0.8999999999999980238 ) ;
#1293 = CARTESIAN_POINT ( 'NONE',  ( -30.25292470735723427, 25.48900712264398649, 9.207597243048814661 ) ) ;
#1294 = CARTESIAN_POINT ( 'NONE',  ( 80.98809352436803977, 46.10109751616826657, 6.229966999330169841 ) ) ;
#1295 = ORIENTED_EDGE ( 'NONE', *, *, #35, .F. ) ;
#1296 = CARTESIAN_POINT ( 'NONE',  ( -38.27042367523624478, 43.34895726523274817, 8.536058040146954795 ) ) ;
#1297 = CARTESIAN_POINT ( 'NONE',  ( -9.493626862235009511, 45.29020513480791266, 11.50382604349657001 ) ) ;
#1298 = CARTESIAN_POINT ( 'NONE',  ( 21.66029963342297648, 18.44280863815258797, 3.005617813264108484 ) ) ;
#1299 = CARTESIAN_POINT ( 'NONE',  ( -9.639982191414901536, 24.10864837912692948, 11.27341371693210448 ) ) ;
#1300 = CARTESIAN_POINT ( 'NONE',  ( 49.13724099511326671, 14.83277559438741200, 12.30748958172864782 ) ) ;
#1301 = CARTESIAN_POINT ( 'NONE',  ( -24.36211933303300725, 47.15300528620634424, 14.03542198730310098 ) ) ;
#1302 = CARTESIAN_POINT ( 'NONE',  ( 55.63030110107260384, 17.66327151073699042, 15.00000000000000000 ) ) ;
#1303 = CARTESIAN_POINT ( 'NONE',  ( 42.30772348059992538, 50.72076249607924581, 12.88888106353721241 ) ) ;
#1304 = CARTESIAN_POINT ( 'NONE',  ( 16.88561133546660642, 19.07766900365555784, 3.676958345200961542 ) ) ;
#1305 = CARTESIAN_POINT ( 'NONE',  ( -29.25551623892739528, 25.63256247261578480, 14.97473524407246970 ) ) ;
#1306 = CARTESIAN_POINT ( 'NONE',  ( 71.13972279863483550, 45.15039890515782872, 15.00000000000000000 ) ) ;
#1307 = EDGE_CURVE ( 'NONE', #630, #756, #102, .T. ) ;
#1308 = CARTESIAN_POINT ( 'NONE',  ( -38.27042367523624478, 43.34895726523291160, 15.00000000000000000 ) ) ;
#1309 = CARTESIAN_POINT ( 'NONE',  ( 9.536303219476531368, 45.78473752868282531, 10.29429856839795754 ) ) ;
#1310 = CARTESIAN_POINT ( 'NONE',  ( -29.25551623892739173, 25.21515200435774773, 14.06000518454717962 ) ) ;
#1311 = ORIENTED_EDGE ( 'NONE', *, *, #1185, .F. ) ;
#1312 = CARTESIAN_POINT ( 'NONE',  ( -39.62194711427768112, 42.56170764854592647, 8.789061807187710684 ) ) ;
#1313 = CARTESIAN_POINT ( 'NONE',  ( -1.266544612805956094, 20.75844433507402798, 8.574254037689037489 ) ) ;
#1314 = CARTESIAN_POINT ( 'NONE',  ( -39.76933481315734298, 31.21081021379081477, 9.692463466968010977 ) ) ;
#1315 = DIRECTION ( 'NONE',  ( 1.000000000000000000, 0.000000000000000000, 0.000000000000000000 ) ) ;
#1316 = CARTESIAN_POINT ( 'NONE',  ( 41.75667247764566525, 15.34908228529135066, 11.76744067944304284 ) ) ;
#1317 = CARTESIAN_POINT ( 'NONE',  ( -9.492569188425477478, 45.19690223284845842, 11.55888784433917493 ) ) ;
#1318 = CARTESIAN_POINT ( 'NONE',  ( 86.66418716293563307, 17.78263496600676064, 8.059863211172933362 ) ) ;
#1319 = CARTESIAN_POINT ( 'NONE',  ( -24.34956358905993312, 47.56629415435946129, 13.64336544467107792 ) ) ;
#1320 = CARTESIAN_POINT ( 'NONE',  ( 86.73677643279897609, 30.07552512577787240, 8.102311689819392981 ) ) ;
#1321 = CARTESIAN_POINT ( 'NONE',  ( 62.12945504736449465, 48.83855883069464454, 1.406564816847207133 ) ) ;
#1322 = CARTESIAN_POINT ( 'NONE',  ( 6.825613174387050286, 45.64137772639996626, 4.790687496734655326 ) ) ;
#1323 = EDGE_CURVE ( 'NONE', #229, #3076, #1603, .T. ) ;
#1324 = CARTESIAN_POINT ( 'NONE',  ( -29.25551623892739528, 25.37527207267273965, 14.74129929936615291 ) ) ;
#1325 = ORIENTED_EDGE ( 'NONE', *, *, #3020, .T. ) ;
#1326 = CARTESIAN_POINT ( 'NONE',  ( -38.62127675245405811, 42.62623444690506602, 8.593198150115455292 ) ) ;
#1327 = DIRECTION ( 'NONE',  ( 1.000000000000000000, 0.000000000000000000, 0.000000000000000000 ) ) ;
#1328 = CARTESIAN_POINT ( 'NONE',  ( 52.11925486527851348, 14.67325807784273017, 12.91917722570456206 ) ) ;
#1329 = CARTESIAN_POINT ( 'NONE',  ( -40.19111088065778858, 31.61703969564423033, 9.778066620594401570 ) ) ;
#1330 = EDGE_CURVE ( 'NONE', #15, #1281, #698, .T. ) ;
#1331 = CARTESIAN_POINT ( 'NONE',  ( -24.34767642578380631, 24.78939825341159775, 13.40680539132682902 ) ) ;
#1332 = CARTESIAN_POINT ( 'NONE',  ( 21.96106312254926962, 17.42950774173261408, 8.101974207049916998 ) ) ;
#1333 = CARTESIAN_POINT ( 'NONE',  ( 87.00020308035732342, 17.96439997795457089, 8.250812314356871013 ) ) ;
#1334 = CARTESIAN_POINT ( 'NONE',  ( 55.63030110107258963, 14.51691283636220930, 13.76073803046405786 ) ) ;
#1335 = DIRECTION ( 'NONE',  ( 0.8275144351195377057, 0.000000000000000000, -0.5614444404113307918 ) ) ;
#1336 = CARTESIAN_POINT ( 'NONE',  ( 84.39549331038628566, 45.20772898886362157, 6.842624841566848026 ) ) ;
#1337 = CARTESIAN_POINT ( 'NONE',  ( -1.437751927869557633, 46.14760711343691924, 10.90572780631307026 ) ) ;
#1338 = CARTESIAN_POINT ( 'NONE',  ( 18.22682267713037163, 24.57403813076156851, 15.00000000000000178 ) ) ;
#1339 = EDGE_LOOP ( 'NONE', ( #167, #3063, #987, #2608, #2704 ) ) ;
#1340 = CARTESIAN_POINT ( 'NONE',  ( 55.63030110107261805, 13.95121224109284164, 15.12102691748548544 ) ) ;
#1341 = CLOSED_SHELL ( 'NONE', ( #1128, #134, #2958, #130, #1462, #2912, #2389, #216, #1054, #1950, #709, #1712, #324, #989, #2330, #1148, #2093, #2421, #2854, #2803, #2234, #2505, #2132, #2889, #3175, #818, #2196, #236, #2997, #2661, #2569, #1048, #2334, #3092 ) ) ;
#1342 = CARTESIAN_POINT ( 'NONE',  ( -38.51970273199024319, 28.80814644946919145, 15.00000000000000000 ) ) ;
#1343 = CARTESIAN_POINT ( 'NONE',  ( -43.03637692234858747, 35.30734365086412652, 10.91952491108632017 ) ) ;
#1344 = LINE ( 'NONE', #2327, #2217 ) ;
#1345 = CARTESIAN_POINT ( 'NONE',  ( 54.22318692445166732, 15.57594841892766446, -1.301042606982605321E-15 ) ) ;
#1346 = CARTESIAN_POINT ( 'NONE',  ( 47.20097718466937664, 15.59747613761988738, 12.89063787657605964 ) ) ;
#1347 = VECTOR ( 'NONE', #2365, 1000.000000000000000 ) ;
#1348 = VECTOR ( 'NONE', #979, 1000.000000000000000 ) ;
#1349 = CARTESIAN_POINT ( 'NONE',  ( 87.69933330566976792, 17.52270207056262663, 9.495566738139562091 ) ) ;
#1350 = CARTESIAN_POINT ( 'NONE',  ( -29.06044398480535662, 48.75839719186176779, 14.99999999999999467 ) ) ;
#1351 = CARTESIAN_POINT ( 'NONE',  ( 60.08257691471781925, 48.54024693062544316, 0.2483184293938949239 ) ) ;
#1352 = CARTESIAN_POINT ( 'NONE',  ( -28.13919600937061816, 48.68153263560693489, 14.59685279468896724 ) ) ;
#1353 = ORIENTED_EDGE ( 'NONE', *, *, #1892, .F. ) ;
#1354 = CARTESIAN_POINT ( 'NONE',  ( 35.58189920806690765, 17.14853608538822272, 17.90110073379926092 ) ) ;
#1355 = CARTESIAN_POINT ( 'NONE',  ( -28.43211958236469172, 24.99881303135680355, 13.75527653135053363 ) ) ;
#1356 = CARTESIAN_POINT ( 'NONE',  ( -30.91743693647579505, 25.73468539795483778, 9.203117107714387402 ) ) ;
#1357 = CARTESIAN_POINT ( 'NONE',  ( -29.25551623892739883, 49.25555129212973071, 15.00000000000000000 ) ) ;
#1358 = CARTESIAN_POINT ( 'NONE',  ( 53.65002314736609890, 15.60164428839300932, 0.000000000000000000 ) ) ;
#1359 = CARTESIAN_POINT ( 'NONE',  ( -1.645653634652896269, 20.81697148908683559, 8.621015988993859125 ) ) ;
#1360 = CARTESIAN_POINT ( 'NONE',  ( -24.30046913830812372, 49.33290346325065912, 13.36460018303710484 ) ) ;
#1361 = CARTESIAN_POINT ( 'NONE',  ( 91.25695951693478492, 21.05888073260999249, 11.56063267683363449 ) ) ;
#1362 = CARTESIAN_POINT ( 'NONE',  ( -24.33026090806094999, 25.21701712302770915, 13.58573813553396903 ) ) ;
#1363 = CARTESIAN_POINT ( 'NONE',  ( -39.95489199640752531, 43.80574533848515273, 8.867749628692136454 ) ) ;
#1364 = EDGE_CURVE ( 'NONE', #3180, #3076, #663, .T. ) ;
#1365 = CARTESIAN_POINT ( 'NONE',  ( 66.35605761318844031, 47.72674746181341732, 0.9824553011350308784 ) ) ;
#1366 = CARTESIAN_POINT ( 'NONE',  ( 20.55856334323179624, 41.99195619741717422, 15.00000000000000000 ) ) ;
#1367 = VERTEX_POINT ( 'NONE', #2355 ) ;
#1368 = CARTESIAN_POINT ( 'NONE',  ( 12.40388599751696574, 9.526945198189515907, 13.49181255445292749 ) ) ;
#1369 = CARTESIAN_POINT ( 'NONE',  ( 54.79632900297714571, 48.75766715801761109, -1.301042606982605321E-15 ) ) ;
#1370 = CARTESIAN_POINT ( 'NONE',  ( -38.90521440356902616, 30.43339447326063052, 9.541741464487184743 ) ) ;
#1371 = CARTESIAN_POINT ( 'NONE',  ( -20.62558884228724310, 48.33127549521621802, 11.98583515020535017 ) ) ;
#1372 = CARTESIAN_POINT ( 'NONE',  ( -38.32140074925843010, 47.89005716309935679, 8.541810853108833257 ) ) ;
#1373 = CARTESIAN_POINT ( 'NONE',  ( -22.80537843545546650, 24.77195976583212200, 13.28164823854630150 ) ) ;
#1374 = CARTESIAN_POINT ( 'NONE',  ( 77.71662500719025957, 14.56484838669804915, 4.968144603766782019 ) ) ;
#1375 = CARTESIAN_POINT ( 'NONE',  ( 55.63030110107261805, 14.69958975075418017, 14.40263729647353053 ) ) ;
#1376 = EDGE_CURVE ( 'NONE', #1596, #3035, #2359, .T. ) ;
#1377 = DIRECTION ( 'NONE',  ( 1.000000000000000000, 0.000000000000000000, -0.000000000000000000 ) ) ;
#1378 = CARTESIAN_POINT ( 'NONE',  ( -29.31421675566925344, 48.94255085797633598, 14.90582552241227354 ) ) ;
#1379 = CARTESIAN_POINT ( 'NONE',  ( 85.63981393164603162, 43.85233660362111152, 7.495141966849234727 ) ) ;
#1380 = CARTESIAN_POINT ( 'NONE',  ( 31.26549006981763057, 43.16920176886421245, 15.00000000000009415 ) ) ;
#1381 = EDGE_LOOP ( 'NONE', ( #1325, #510, #762 ) ) ;
#1382 = CARTESIAN_POINT ( 'NONE',  ( -24.42685828349369714, 22.49119313550700738, 16.45038230421489445 ) ) ;
#1383 = CARTESIAN_POINT ( 'NONE',  ( 91.82957632475871890, 22.29470213354701613, 15.00000000000000000 ) ) ;
#1384 = CARTESIAN_POINT ( 'NONE',  ( -43.84030418330715406, 37.22817085529803904, 12.17743691384200133 ) ) ;
#1385 = CARTESIAN_POINT ( 'NONE',  ( 90.80741735782287094, 20.41928902365627252, 11.28387028874049314 ) ) ;
#1386 = CARTESIAN_POINT ( 'NONE',  ( -38.94294250417495107, 48.61401509068971194, 9.579145597625478459 ) ) ;
#1387 = CARTESIAN_POINT ( 'NONE',  ( -5.078129377851624326, 21.35257605222603416, 9.966701044639849627 ) ) ;
#1388 = CARTESIAN_POINT ( 'NONE',  ( 87.97941867397022975, 18.57246232665185204, 8.823304956836510726 ) ) ;
#1389 = CARTESIAN_POINT ( 'NONE',  ( -41.13974931397508783, 45.93717942647150210, 9.206305835463094667 ) ) ;
#1390 = VECTOR ( 'NONE', #2910, 1000.000000000000000 ) ;
#1391 = B_SPLINE_CURVE_WITH_KNOTS ( 'NONE', 3,
 ( #790, #340, #60, #1537 ),
 .UNSPECIFIED., .F., .F.,
 ( 4, 4 ),
 ( 0.0004700755800047349154, 0.0005044681442900808555 ),
 .UNSPECIFIED. ) ;
#1392 = AXIS2_PLACEMENT_3D ( 'NONE', #42, #1259, #809 ) ;
#1393 = CARTESIAN_POINT ( 'NONE',  ( 20.16667730754973320, 17.66327151073699042, 15.00000000000000000 ) ) ;
#1394 = CARTESIAN_POINT ( 'NONE',  ( -29.73759253676608338, 49.31132654539576521, 14.29648856298300430 ) ) ;
#1395 = CARTESIAN_POINT ( 'NONE',  ( 86.73677643279897609, 30.07552512577787240, 8.102311689819392981 ) ) ;
#1396 = CARTESIAN_POINT ( 'NONE',  ( -27.30195331618535093, 48.03089169323421714, 14.99999999999999822 ) ) ;
#1397 = ORIENTED_EDGE ( 'NONE', *, *, #382, .T. ) ;
#1398 = CARTESIAN_POINT ( 'NONE',  ( 55.63030110107261805, 14.42556108752595811, 15.40316757401337711 ) ) ;
#1399 = CARTESIAN_POINT ( 'NONE',  ( -44.18016026193215140, 39.39571452165286303, 15.00000000000000000 ) ) ;
#1400 = CARTESIAN_POINT ( 'NONE',  ( -44.16257391185259706, 39.02629937655591874, 14.52462028575424924 ) ) ;
#1401 = CARTESIAN_POINT ( 'NONE',  ( 56.46629405724198136, 14.48042722671890736, 1.030430255824825059 ) ) ;
#1402 = CARTESIAN_POINT ( 'NONE',  ( 51.87310011853970337, 15.68765241525972876, 0.000000000000000000 ) ) ;
#1403 = CARTESIAN_POINT ( 'NONE',  ( -26.96463785171131278, 25.31773335288489690, 14.30379174584372670 ) ) ;
#1404 = B_SPLINE_CURVE_WITH_KNOTS ( 'NONE', 3,
 ( #2311, #1055, #1505, #1328, #2039, #2298, #2071, #2484, #811, #2773, #1085, #277, #576, #2538, #844, #330, #1262, #2984, #776, #1313, #1146, #1115, #2325, #3111, #1854, #870, #1598, #617, #2142, #1586, #2097, #1884, #390, #2581, #374, #1355, #1129, #1644 ),
 .UNSPECIFIED., .F., .F.,
 ( 4, 2, 2, 2, 2, 2, 2, 2, 2, 2, 2, 2, 2, 2, 2, 2, 2, 2, 4 ),
 ( 0.000000000000000000, 0.002712216413285155163, 0.005424432826570310326, 0.01084886565314062065, 0.01627329847971093271, 0.02169773130628124130, 0.03254659695942186542, 0.03797102978599217055, 0.04339546261256248261, 0.05424432826570309979, 0.06509319391884373085, 0.07051762674541403597, 0.07594205957198434109, 0.08136649239855464621, 0.08272260060519723290, 0.08340065470851852625, 0.08407870881183981959, 0.08543481701848242016, 0.08679092522512502073 ),
 .UNSPECIFIED. ) ;
#1405 = CARTESIAN_POINT ( 'NONE',  ( 70.60130345980223865, 15.27911117326027757, 1.833867406099848774 ) ) ;
#1406 = CARTESIAN_POINT ( 'NONE',  ( 48.95095104636961736, 15.86773496692955554, 13.42071384835523240 ) ) ;
#1407 = CARTESIAN_POINT ( 'NONE',  ( 55.63030110107261095, 49.87495817585222824, 14.63789151951930734 ) ) ;
#1408 = CARTESIAN_POINT ( 'NONE',  ( -17.56077874909979286, 47.31160072043384446, 12.47899095175282369 ) ) ;
#1409 = DIRECTION ( 'NONE',  ( -0.8715666518050980693, 0.4902770354210476134, 0.000000000000000000 ) ) ;
#1410 = CARTESIAN_POINT ( 'NONE',  ( 52.31786273753236571, 49.43990153048593328, 0.9999999999999974465 ) ) ;
#1411 = CARTESIAN_POINT ( 'NONE',  ( 33.61698961631388727, 47.32971358618846835, 1.384846075960655343 ) ) ;
#1412 = ORIENTED_EDGE ( 'NONE', *, *, #1895, .F. ) ;
#1413 = CARTESIAN_POINT ( 'NONE',  ( -29.25551623892739528, 25.29700731682282822, 15.34546022901395190 ) ) ;
#1414 = EDGE_CURVE ( 'NONE', #2815, #1020, #1283, .T. ) ;
#1415 = CARTESIAN_POINT ( 'NONE',  ( -34.01698926671407008, 49.32304618850244537, 8.332899049885380549 ) ) ;
#1416 = LINE ( 'NONE', #2399, #1348 ) ;
#1417 = CARTESIAN_POINT ( 'NONE',  ( 90.55564672464736020, 20.09537873293317745, 11.13101352907732533 ) ) ;
#1418 = ORIENTED_EDGE ( 'NONE', *, *, #3102, .F. ) ;
#1419 = CARTESIAN_POINT ( 'NONE',  ( -43.31741308644623700, 43.87095155493145171, 11.18116960243195024 ) ) ;
#1420 = CARTESIAN_POINT ( 'NONE',  ( -28.45292276293298883, 25.00345227264952186, 13.76019729935780767 ) ) ;
#1421 = CARTESIAN_POINT ( 'NONE',  ( 43.18206488792412046, 16.21336903548365171, 0.3546476900282802824 ) ) ;
#1422 = LINE ( 'NONE', #2902, #2169 ) ;
#1423 = EDGE_CURVE ( 'NONE', #2068, #2815, #2165, .T. ) ;
#1424 = CARTESIAN_POINT ( 'NONE',  ( 19.07303719670083453, 47.44656737408738678, 8.832596821270213283 ) ) ;
#1425 = PLANE ( 'NONE',  #2473 ) ;
#1426 = CARTESIAN_POINT ( 'NONE',  ( 53.53891409424538494, 15.03489912051986188, 14.07652560798648267 ) ) ;
#1427 = CARTESIAN_POINT ( 'NONE',  ( 4.925430855261865304, 45.68619935316596781, 4.951278866363069575 ) ) ;
#1428 = ORIENTED_EDGE ( 'NONE', *, *, #1166, .T. ) ;
#1429 = CARTESIAN_POINT ( 'NONE',  ( 48.96116948209730424, 15.44164366500445951, 13.13841232956785099 ) ) ;
#1430 = CARTESIAN_POINT ( 'NONE',  ( -40.07042367523624193, 43.34895726523291160, 15.00000000000000000 ) ) ;
#1431 = CARTESIAN_POINT ( 'NONE',  ( -44.14844236207778749, 38.83896729263457104, 14.12359583600566637 ) ) ;
#1432 = CARTESIAN_POINT ( 'NONE',  ( -18.70073005829949153, 24.19466973480558636, 12.45227460860342816 ) ) ;
#1433 = ORIENTED_EDGE ( 'NONE', *, *, #1932, .F. ) ;
#1434 = CARTESIAN_POINT ( 'NONE',  ( -40.91750466447622614, 47.23767133092673021, 9.116725572131684885 ) ) ;
#1435 = CARTESIAN_POINT ( 'NONE',  ( 80.86254619652039821, 45.17694508671407050, 5.163786093268953437 ) ) ;
#1436 = CARTESIAN_POINT ( 'NONE',  ( 19.11823944456278213, 48.41820836626450841, 22.43346303503033212 ) ) ;
#1437 = CARTESIAN_POINT ( 'NONE',  ( -27.46570399671760043, 25.86140580527172972, 14.99999999999999822 ) ) ;
#1438 = CARTESIAN_POINT ( 'NONE',  ( 30.13313965282607754, 16.44368030641444989, 1.837944957702996263 ) ) ;
#1439 = CARTESIAN_POINT ( 'NONE',  ( 12.41020144073860898, 15.19033074893145674, 7.325164396124798749 ) ) ;
#1440 = VECTOR ( 'NONE', #2509, 1000.000000000000000 ) ;
#1441 = B_SPLINE_CURVE_WITH_KNOTS ( 'NONE', 3,
 ( #1211, #1919, #1504, #2706, #966, #2228, #2179 ),
 .UNSPECIFIED., .F., .F.,
 ( 4, 3, 4 ),
 ( 0.000000000000000000, 0.001804884812125832601, 0.003522514037991666264 ),
 .UNSPECIFIED. ) ;
#1442 = B_SPLINE_SURFACE_WITH_KNOTS ( 'NONE', 3, 1, ( 
 ( #659, #3095 ),
 ( #2567, #422 ),
 ( #1399, #2848 ),
 ( #358, #645 ) ),
 .UNSPECIFIED., .F., .F., .F.,
 ( 4, 4 ),
 ( 2, 2 ),
 ( 0.000000000000000000, 0.004614534082224695799 ),
 ( 0.000000000000000000, 1.000000000000000000 ),
 .UNSPECIFIED. ) ;
#1443 = CARTESIAN_POINT ( 'NONE',  ( 19.12937349326560010, 51.84051686685616289, 20.13195862413642701 ) ) ;
#1444 = CARTESIAN_POINT ( 'NONE',  ( 9.539185299495198223, 46.58252218850974913, 10.12961873519208211 ) ) ;
#1445 = VECTOR ( 'NONE', #1866, 1000.000000000000000 ) ;
#1446 = CARTESIAN_POINT ( 'NONE',  ( -39.17042367523624335, 43.34895726523291160, 15.00000000000000000 ) ) ;
#1447 = CARTESIAN_POINT ( 'NONE',  ( -44.18033854306678165, 39.62089638086316512, 15.00000000000000178 ) ) ;
#1448 = CARTESIAN_POINT ( 'NONE',  ( 55.63030110107261095, 14.35991545244815448, 14.29364998857422364 ) ) ;
#1449 = CARTESIAN_POINT ( 'NONE',  ( -33.98404101497479246, 49.69274920117536709, 8.702286416369449995 ) ) ;
#1450 = CARTESIAN_POINT ( 'NONE',  ( -44.00005049779324651, 37.85263332036663542, 12.81840023672408968 ) ) ;
#1451 = CARTESIAN_POINT ( 'NONE',  ( 53.89352091009023127, 49.66101854227872536, 13.50991990342477855 ) ) ;
#1452 = ORIENTED_EDGE ( 'NONE', *, *, #890, .F. ) ;
#1453 = CARTESIAN_POINT ( 'NONE',  ( -44.15830401904540992, 40.28218144276572588, 14.37502344877867877 ) ) ;
#1454 = CARTESIAN_POINT ( 'NONE',  ( -29.97002372132028114, 25.42436646214194340, 14.85227830383641390 ) ) ;
#1455 = DIRECTION ( 'NONE',  ( 0.000000000000000000, 0.000000000000000000, 1.000000000000000000 ) ) ;
#1456 = CARTESIAN_POINT ( 'NONE',  ( 73.07847294561697993, 15.31098928869802123, 2.461082002690576420 ) ) ;
#1457 = CARTESIAN_POINT ( 'NONE',  ( 12.42367462172482639, 25.98196634834541996, 11.12303861495543877 ) ) ;
#1458 = ORIENTED_EDGE ( 'NONE', *, *, #1307, .T. ) ;
#1459 = CARTESIAN_POINT ( 'NONE',  ( -29.25551623892739883, 48.82028546246777267, 15.03625710209440847 ) ) ;
#1460 = CARTESIAN_POINT ( 'NONE',  ( 49.03516780772442019, 48.97174958590309046, 13.26969429040897275 ) ) ;
#1461 = CARTESIAN_POINT ( 'NONE',  ( -19.79114770444392590, 48.25066039573525245, 8.229164555037831619 ) ) ;
#1462 = ADVANCED_FACE ( 'NONE', ( #255 ), #3172, .T. ) ;
#1463 = CARTESIAN_POINT ( 'NONE',  ( -23.98632665207961168, 15.51996108067987734, 8.009747706436376902 ) ) ;
#1464 = LINE ( 'NONE', #3185, #2679 ) ;
#1465 = CARTESIAN_POINT ( 'NONE',  ( 55.63030110107261805, 14.54173521257408375, 14.02707227539887391 ) ) ;
#1466 = CARTESIAN_POINT ( 'NONE',  ( -40.93153069004431188, 32.39121438808521702, 9.960329529578357821 ) ) ;
#1467 = CARTESIAN_POINT ( 'NONE',  ( 54.76286487498733635, 49.76219382875587627, 13.69597029344120109 ) ) ;
#1468 = ORIENTED_EDGE ( 'NONE', *, *, #2817, .T. ) ;
#1469 = CARTESIAN_POINT ( 'NONE',  ( -42.25256264873262779, 44.70687985814404897, 9.753141527855204274 ) ) ;
#1470 = CARTESIAN_POINT ( 'NONE',  ( 60.09831163501316809, 48.53557297458877429, 0.2495493923984831719 ) ) ;
#1471 = CARTESIAN_POINT ( 'NONE',  ( -28.13758980048407565, 25.80113310047457986, 15.00000000000000000 ) ) ;
#1472 = CARTESIAN_POINT ( 'NONE',  ( 2.377656481178183068, 20.20216065560500240, 6.128173473828687712 ) ) ;
#1473 = CARTESIAN_POINT ( 'NONE',  ( -9.656368290656825337, 25.03836038416512011, 12.05330956982806434 ) ) ;
#1474 = ORIENTED_EDGE ( 'NONE', *, *, #945, .T. ) ;
#1475 = CARTESIAN_POINT ( 'NONE',  ( 87.21105921637705194, 30.87644910904758433, 8.373242492844552132 ) ) ;
#1476 = B_SPLINE_CURVE_WITH_KNOTS ( 'NONE', 3,
 ( #716, #2442, #234, #321, #2780, #785, #2733, #3011, #337, #1025, #569, #3030, #2047, #1287, #1769, #1320 ),
 .UNSPECIFIED., .F., .F.,
 ( 4, 2, 2, 2, 2, 2, 2, 4 ),
 ( 0.003045298890834190371, 0.003425435107638979005, 0.003805571324443767639, 0.004565843758053315417, 0.004945979974858108821, 0.005326116191662901359, 0.005706252408467694763, 0.006086388625272488168 ),
 .UNSPECIFIED. ) ;
#1477 = CARTESIAN_POINT ( 'NONE',  ( -29.25551623892739883, 49.24676813325520897, 14.71065340501229635 ) ) ;
#1478 = CARTESIAN_POINT ( 'NONE',  ( 54.38709595821005394, 49.72162444995662156, 14.19568932303485198 ) ) ;
#1479 = CARTESIAN_POINT ( 'NONE',  ( 15.70409222086481549, 46.57582913241668621, 4.818544560247437047 ) ) ;
#1480 = CARTESIAN_POINT ( 'NONE',  ( 15.69366839838744987, 46.57518568176980978, 3.813021017760966025 ) ) ;
#1481 = CARTESIAN_POINT ( 'NONE',  ( -9.625490783249178506, 23.24323053428116026, 10.84125234571626883 ) ) ;
#1482 = B_SPLINE_CURVE_WITH_KNOTS ( 'NONE', 3,
 ( #1395, #1896, #729, #165, #1021, #2233, #1475, #2728, #1654, #32, #264, #1509, #1972, #2009, #2455, #2988, #1157, #988, #669, #2935 ),
 .UNSPECIFIED., .F., .F.,
 ( 4, 2, 2, 2, 2, 2, 2, 2, 2, 4 ),
 ( 0.000000000000000000, 0.0003806623613542717906, 0.0007613247227085435812, 0.001141987084062815209, 0.001522649445417087162, 0.001903311806771358899, 0.002283974168125630418, 0.002664636529479902372, 0.002854967710157046371, 0.003045298890834190371 ),
 .UNSPECIFIED. ) ;
#1483 = FACE_OUTER_BOUND ( 'NONE', #354, .T. ) ;
#1484 = DIRECTION ( 'NONE',  ( -0.000000000000000000, -0.000000000000000000, -1.000000000000000000 ) ) ;
#1485 = VERTEX_POINT ( 'NONE', #1178 ) ;
#1486 = CARTESIAN_POINT ( 'NONE',  ( -44.01769550877707360, 41.57676455999914111, 12.87682373993821727 ) ) ;
#1487 = CARTESIAN_POINT ( 'NONE',  ( 86.70122633280848845, 43.39545977959468104, 8.076281837572590661 ) ) ;
#1488 = CARTESIAN_POINT ( 'NONE',  ( -44.12841638886789752, 40.75681596847024935, 13.82433002831840518 ) ) ;
#1489 = CARTESIAN_POINT ( 'NONE',  ( -26.51654572286848577, 24.62709178250739939, 9.051537607437841970 ) ) ;
#1490 = CARTESIAN_POINT ( 'NONE',  ( -29.25551623892739528, 25.53520036748619404, 14.90513684741846490 ) ) ;
#1491 = ORIENTED_EDGE ( 'NONE', *, *, #1227, .T. ) ;
#1492 = FACE_OUTER_BOUND ( 'NONE', #2263, .T. ) ;
#1493 = FACE_OUTER_BOUND ( 'NONE', #2503, .T. ) ;
#1494 = CARTESIAN_POINT ( 'NONE',  ( 56.34178983145289266, 49.87984585150394423, 14.11119162865885102 ) ) ;
#1495 = CARTESIAN_POINT ( 'NONE',  ( -43.75633162356363925, 37.26697470520218758, 11.58877063986027167 ) ) ;
#1496 = CARTESIAN_POINT ( 'NONE',  ( -9.468346197211232607, 47.38020157943388710, 5.861882226787471950 ) ) ;
#1497 = CARTESIAN_POINT ( 'NONE',  ( 89.34746274937373300, 42.57468545464357135, 10.44382028433052412 ) ) ;
#1498 = CIRCLE ( 'NONE', #2883, 0.5000000000000004441 ) ;
#1499 = CARTESIAN_POINT ( 'NONE',  ( -30.48289706843664604, 48.39106129942425838, 8.203402196736725216 ) ) ;
#1500 = CARTESIAN_POINT ( 'NONE',  ( -18.54534793568926077, 23.43848800778413377, 7.998423889189061775 ) ) ;
#1501 = CARTESIAN_POINT ( 'NONE',  ( -0.3325979262056235619, 21.48684127531573651, 9.477166437572815738 ) ) ;
#1502 = ORIENTED_EDGE ( 'NONE', *, *, #2761, .F. ) ;
#1503 = CARTESIAN_POINT ( 'NONE',  ( -44.16714498557978175, 40.07760413364526642, 14.77350422853798406 ) ) ;
#1504 = CARTESIAN_POINT ( 'NONE',  ( 52.42856906961090147, 14.65849538048374257, 1.000000000000000888 ) ) ;
#1505 = CARTESIAN_POINT ( 'NONE',  ( 53.88060144999170831, 14.58949565224780542, 13.31354253888495620 ) ) ;
#1506 = CARTESIAN_POINT ( 'NONE',  ( -8.423931416787850068, 21.87561483018480502, 5.759386529382569009 ) ) ;
#1507 = CARTESIAN_POINT ( 'NONE',  ( 48.91668889025141453, 15.51690520206299517, 16.19031978237716274 ) ) ;
#1508 = ORIENTED_EDGE ( 'NONE', *, *, #1307, .F. ) ;
#1509 = CARTESIAN_POINT ( 'NONE',  ( 88.06806078057589104, 30.87336708639779914, 8.877393681584065277 ) ) ;
#1510 = CARTESIAN_POINT ( 'NONE',  ( -29.25551623892739883, 48.79024100689294130, 15.11284281352546799 ) ) ;
#1511 = LINE ( 'NONE', #1302, #2275 ) ;
#1512 = CARTESIAN_POINT ( 'NONE',  ( -9.503631209575688743, 46.15823821458727139, 11.11953041078182913 ) ) ;
#1513 = CARTESIAN_POINT ( 'NONE',  ( -41.13321959828366658, 33.75896746392633219, 9.212993286414427274 ) ) ;
#1514 = CARTESIAN_POINT ( 'NONE',  ( -13.86201428577116879, 47.72821200927916863, 7.364932727886142949 ) ) ;
#1515 = CARTESIAN_POINT ( 'NONE',  ( 58.27682637629963835, 50.36987049742173639, 0.9999999999999991118 ) ) ;
#1516 = DIRECTION ( 'NONE',  ( 0.000000000000000000, 0.000000000000000000, 1.000000000000000000 ) ) ;
#1517 = CARTESIAN_POINT ( 'NONE',  ( 8.234187721019095463, 19.32366683886717240, 5.652979704666031502 ) ) ;
#1518 = CARTESIAN_POINT ( 'NONE',  ( 51.24574787862916025, 15.21600783077897745, 0.1265241082437887632 ) ) ;
#1519 = ORIENTED_EDGE ( 'NONE', *, *, #1521, .T. ) ;
#1520 = CARTESIAN_POINT ( 'NONE',  ( -44.17042884878022591, 39.83453532672151454, 15.00040284114932376 ) ) ;
#1521 = EDGE_CURVE ( 'NONE', #738, #2645, #1556, .T. ) ;
#1522 = CARTESIAN_POINT ( 'NONE',  ( 42.34443558688698062, 48.56682900163700367, 12.05508490701952518 ) ) ;
#1523 = CARTESIAN_POINT ( 'NONE',  ( -8.283445891780306880, 22.85495629153486874, 5.750040543534074899 ) ) ;
#1524 = CARTESIAN_POINT ( 'NONE',  ( 55.63030110107261095, 14.62669178093818090, 14.36629634284085455 ) ) ;
#1525 = EDGE_LOOP ( 'NONE', ( #495, #3093, #604, #418, #1965, #893, #2669, #2480, #2801 ) ) ;
#1526 = CARTESIAN_POINT ( 'NONE',  ( 51.84243863328652679, 14.68723656554386992, 12.86116360878891385 ) ) ;
#1527 = B_SPLINE_CURVE_WITH_KNOTS ( 'NONE', 3,
 ( #1047, #3014, #270, #2512 ),
 .UNSPECIFIED., .F., .F.,
 ( 4, 4 ),
 ( -5.999999998819044953E-08, 0.002404287729306806530 ),
 .UNSPECIFIED. ) ;
#1528 = EDGE_CURVE ( 'NONE', #2694, #1891, #514, .T. ) ;
#1529 = CARTESIAN_POINT ( 'NONE',  ( -9.493626862235009511, 45.29020513480791266, 11.50382604349657001 ) ) ;
#1530 = CARTESIAN_POINT ( 'NONE',  ( 53.62823839463059983, 15.60095848673536700, 1.301042606982605321E-15 ) ) ;
#1531 = CARTESIAN_POINT ( 'NONE',  ( -9.496857009843518327, 45.57233785916368873, 11.34760830022651668 ) ) ;
#1532 = CARTESIAN_POINT ( 'NONE',  ( -32.63739897544881075, 27.52713262686883411, 8.195693349123818194 ) ) ;
#1533 = CARTESIAN_POINT ( 'NONE',  ( -34.47927008976147789, 49.88237372019924010, 9.220758923336878965 ) ) ;
#1534 = CARTESIAN_POINT ( 'NONE',  ( -44.16925824726576622, 39.15198797110221562, 14.99999999999999467 ) ) ;
#1535 = CARTESIAN_POINT ( 'NONE',  ( -6.135946775701778932, 46.40272888605680635, 11.26386628038317639 ) ) ;
#1536 = CARTESIAN_POINT ( 'NONE',  ( -44.16520771231665066, 39.07121722632773242, 14.72615664221980403 ) ) ;
#1537 = CARTESIAN_POINT ( 'NONE',  ( -44.17042367523624335, 39.82418828688678758, 15.00000000000000000 ) ) ;
#1538 = ORIENTED_EDGE ( 'NONE', *, *, #1093, .T. ) ;
#1539 = CARTESIAN_POINT ( 'NONE',  ( -44.17038173262135814, 39.76688655804816364, 14.99530131777319930 ) ) ;
#1540 = CARTESIAN_POINT ( 'NONE',  ( -24.35929151831742701, 47.24304583665533386, 13.92624271359430743 ) ) ;
#1541 = CARTESIAN_POINT ( 'NONE',  ( -17.97914712493904688, 24.34024470587492317, 6.921229850966288843 ) ) ;
#1542 = CARTESIAN_POINT ( 'NONE',  ( -29.25551623892739528, 25.42226490708538833, 14.86140389336528322 ) ) ;
#1543 = CARTESIAN_POINT ( 'NONE',  ( 55.29473838029472432, 14.52901808194879330, 14.11515234947050246 ) ) ;
#1544 = CARTESIAN_POINT ( 'NONE',  ( 42.36021822264447678, 46.14716098547329182, 18.00597649942193001 ) ) ;
#1545 = CARTESIAN_POINT ( 'NONE',  ( 68.28778041322313186, 15.26672764960258633, 1.324937677456385687 ) ) ;
#1546 = CARTESIAN_POINT ( 'NONE',  ( 19.10008056568313606, 51.70706666388490902, 10.76326312600672352 ) ) ;
#1547 = CARTESIAN_POINT ( 'NONE',  ( -14.14749671041099433, 23.75636852317278169, 6.380830303650409263 ) ) ;
#1548 = CARTESIAN_POINT ( 'NONE',  ( -33.96574429572994092, 49.81885843669754621, 9.208053791125156096 ) ) ;
#1549 = DIRECTION ( 'NONE',  ( -1.000000000000000000, 0.000000000000000000, 0.000000000000000000 ) ) ;
#1550 = CARTESIAN_POINT ( 'NONE',  ( -14.54910776943543560, 46.77104746285722570, 6.431424852898444122 ) ) ;
#1551 = CARTESIAN_POINT ( 'NONE',  ( 0.4941632438061013266, 46.83872894913635321, 10.59726391404824675 ) ) ;
#1552 = CARTESIAN_POINT ( 'NONE',  ( 60.86360109824878606, 49.30983522049358925, 1.287440707537320428 ) ) ;
#1553 = EDGE_LOOP ( 'NONE', ( #825, #151 ) ) ;
#1554 = CARTESIAN_POINT ( 'NONE',  ( -38.93934958864034002, 42.47119920576398755, 8.649864067935750356 ) ) ;
#1555 = PRESENTATION_STYLE_ASSIGNMENT (( #43 ) ) ;
#1556 = B_SPLINE_CURVE_WITH_KNOTS ( 'NONE', 3,
 ( #755, #1946, #454, #2719, #603, #1013, #2021, #1257, #807, #1583, #1082, #824, #1294, #1810, #2262, #293, #3034, #2515, #1031, #773, #573, #1774, #2244, #2535, #1275, #1552, #2548, #3000, #2279, #2980, #2754, #1791, #590, #273, #25, #2770 ),
 .UNSPECIFIED., .F., .F.,
 ( 4, 2, 2, 2, 2, 2, 2, 2, 2, 2, 2, 2, 2, 2, 2, 2, 2, 4 ),
 ( 0.000000000000000000, 0.001298409247077889550, 0.002596818494155779099, 0.005193636988311601567, 0.007790455482467424468, 0.01038727397662324824, 0.01558091096493492873, 0.02077454795324661097, 0.02596818494155829146, 0.03116182192986997543, 0.03375864042402581394, 0.03440784504756476403, 0.03505704967110370718, 0.03570625429464265727, 0.03635545891818159348, 0.03895227741233735913, 0.04025068665941523155, 0.04154909590649311091 ),
 .UNSPECIFIED. ) ;
#1557 = CIRCLE ( 'NONE', #977, 1.000000000000000888 ) ;
#1558 = CARTESIAN_POINT ( 'NONE',  ( 55.63030110107261095, 49.67360605275256802, 14.62639941411637956 ) ) ;
#1559 = CARTESIAN_POINT ( 'NONE',  ( -38.53702541599322728, 30.12235418617161287, 8.567300882460719080 ) ) ;
#1560 = CARTESIAN_POINT ( 'NONE',  ( 12.42122924842336396, 24.11697859833404323, 9.109384720784737155 ) ) ;
#1561 = CARTESIAN_POINT ( 'NONE',  ( 9.253022486822391812, 19.16828496369413060, 8.553009939971435216 ) ) ;
#1562 = CARTESIAN_POINT ( 'NONE',  ( -24.27690682277824052, 50.43928049589633389, 14.56026679676647895 ) ) ;
#1563 = CARTESIAN_POINT ( 'NONE',  ( 42.35113962697781886, 48.14469632570705215, 12.02823826899770943 ) ) ;
#1564 = CARTESIAN_POINT ( 'NONE',  ( 91.19330148695819105, 21.93983525249575095, 10.87717363515601399 ) ) ;
#1565 = CARTESIAN_POINT ( 'NONE',  ( -29.25551623892739883, 48.82028546246777267, 15.03625710209440847 ) ) ;
#1566 = CARTESIAN_POINT ( 'NONE',  ( -39.97229541683986298, 32.57722823691675273, 8.865499036524788323 ) ) ;
#1567 = CARTESIAN_POINT ( 'NONE',  ( 90.10386150706285946, 41.01926733036506789, 10.14995850743900263 ) ) ;
#1568 = EDGE_CURVE ( 'NONE', #1571, #1930, #2066, .T. ) ;
#1569 = DIRECTION ( 'NONE',  ( 0.000000000000000000, 0.000000000000000000, 1.000000000000000000 ) ) ;
#1570 = DIRECTION ( 'NONE',  ( 0.000000000000000000, 1.000000000000000000, -2.526034213586746950E-14 ) ) ;
#1571 = VERTEX_POINT ( 'NONE', #3049 ) ;
#1572 = CARTESIAN_POINT ( 'NONE',  ( -44.16747716671545021, 40.06446251292860694, 14.76483846762063656 ) ) ;
#1573 = CARTESIAN_POINT ( 'NONE',  ( -24.35616985790235134, 47.34506159397117386, 13.82406061998751134 ) ) ;
#1574 = CARTESIAN_POINT ( 'NONE',  ( -29.83383769858218315, 25.37613921733804645, 9.196116573118468196 ) ) ;
#1575 = CARTESIAN_POINT ( 'NONE',  ( 55.63030110107263226, 49.66768003728784464, 14.50303118674152714 ) ) ;
#1576 = CARTESIAN_POINT ( 'NONE',  ( 36.37831608469164024, 16.60750414367565853, 11.09904215603751609 ) ) ;
#1577 = CARTESIAN_POINT ( 'NONE',  ( 75.57751311715702514, 14.40868109481126602, 3.205427808151487312 ) ) ;
#1578 = CARTESIAN_POINT ( 'NONE',  ( 55.63030110107260384, 14.51691283662306198, 15.00000000000000000 ) ) ;
#1579 = CARTESIAN_POINT ( 'NONE',  ( 19.08200940901057407, 48.95620214006245874, 9.325281736340802041 ) ) ;
#1580 = CARTESIAN_POINT ( 'NONE',  ( 52.72229147855912146, 48.94906039223496208, 14.17149843445012181 ) ) ;
#1581 = CARTESIAN_POINT ( 'NONE',  ( 60.69209952557414312, 48.33892477736359439, 0.2983101983067970586 ) ) ;
#1582 = CARTESIAN_POINT ( 'NONE',  ( 16.97296550853521779, 41.83514600617852608, 15.00000000000000178 ) ) ;
#1583 = CARTESIAN_POINT ( 'NONE',  ( 85.48498701747462292, 44.81622919838924446, 8.342047712817796778 ) ) ;
#1584 = ORIENTED_EDGE ( 'NONE', *, *, #586, .F. ) ;
#1585 = CARTESIAN_POINT ( 'NONE',  ( 48.94838232275787959, 15.95773956472443977, 13.51092462885845435 ) ) ;
#1586 = CARTESIAN_POINT ( 'NONE',  ( -25.64573800974706330, 24.49975250623478118, 12.97713182305306567 ) ) ;
#1587 = CARTESIAN_POINT ( 'NONE',  ( -42.03900625531166924, 33.74447964379202602, 9.599052764885168898 ) ) ;
#1588 = CARTESIAN_POINT ( 'NONE',  ( 55.63030110107261805, 49.76889989359717248, 14.29195680294435356 ) ) ;
#1589 = PRODUCT_RELATED_PRODUCT_CATEGORY ( 'part', '', ( #1697 ) ) ;
#1590 = CARTESIAN_POINT ( 'NONE',  ( 41.79488186500611135, 16.07664807542386143, 11.97269181459153664 ) ) ;
#1591 = CARTESIAN_POINT ( 'NONE',  ( 91.37006589701645964, 21.23237937272977049, 10.99583957463171302 ) ) ;
#1592 = CARTESIAN_POINT ( 'NONE',  ( 51.18580647947879214, 48.88933407772037043, 0.2012690201872078255 ) ) ;
#1593 = DIRECTION ( 'NONE',  ( -0.000000000000000000, -0.000000000000000000, -1.000000000000000000 ) ) ;
#1594 = CARTESIAN_POINT ( 'NONE',  ( 80.92468016295505606, 46.11486943157652973, 5.189412130777010468 ) ) ;
#1595 = CARTESIAN_POINT ( 'NONE',  ( 22.34996721051597390, 42.11971448771227955, 15.00000000000000178 ) ) ;
#1596 = VERTEX_POINT ( 'NONE', #327 ) ;
#1597 = CARTESIAN_POINT ( 'NONE',  ( 12.42256802905080804, 25.14306010592580165, 10.05342581423539094 ) ) ;
#1598 = CARTESIAN_POINT ( 'NONE',  ( -22.38444751321023674, 24.01890696546884740, 12.19613195381496418 ) ) ;
#1599 = CARTESIAN_POINT ( 'NONE',  ( -42.21305908127921214, 33.98479794039816682, 9.695517834755856157 ) ) ;
#1600 = CARTESIAN_POINT ( 'NONE',  ( -25.85446771064012239, 48.87129747154546067, 13.06619200295028982 ) ) ;
#1601 = CARTESIAN_POINT ( 'NONE',  ( -36.93875933652578425, 49.43667608587087159, 8.362393106487473915 ) ) ;
#1602 = CARTESIAN_POINT ( 'NONE',  ( -25.59010564932195564, 24.49162943781109902, 13.67064895798077018 ) ) ;
#1603 = CIRCLE ( 'NONE', #202, 1.000000000000000888 ) ;
#1604 = AXIS2_PLACEMENT_3D ( 'NONE', #1993, #53, #319 ) ;
#1605 = CARTESIAN_POINT ( 'NONE',  ( 86.65851165197285866, 17.77958358617117085, 8.056642992353202359 ) ) ;
#1606 = CARTESIAN_POINT ( 'NONE',  ( 48.95357418759655843, 15.76767861929151415, 13.33777685540138336 ) ) ;
#1607 = CYLINDRICAL_SURFACE ( 'NONE', #2674, 0.8999999999999980238 ) ;
#1608 = CARTESIAN_POINT ( 'NONE',  ( -26.33603371517611080, 48.35911536500854169, 14.12752758678666609 ) ) ;
#1609 = CARTESIAN_POINT ( 'NONE',  ( 82.12988453899755825, 45.88581985037592403, 6.727267611315956408 ) ) ;
#1610 = CARTESIAN_POINT ( 'NONE',  ( 54.74659126305406431, 14.55298935784988856, 0.8684336009558776270 ) ) ;
#1611 = ORIENTED_EDGE ( 'NONE', *, *, #1288, .F. ) ;
#1612 = CARTESIAN_POINT ( 'NONE',  ( -29.25551623892739528, 25.49939405089644850, 14.88759309131403086 ) ) ;
#1613 = CARTESIAN_POINT ( 'NONE',  ( -29.55595339069049388, 26.33305039589044227, 8.196184773952966296 ) ) ;
#1614 = CARTESIAN_POINT ( 'NONE',  ( 88.26684704638364565, 17.91525017940618270, 9.807668797760841883 ) ) ;
#1615 = CARTESIAN_POINT ( 'NONE',  ( 52.43858709746068314, 48.44685135323863534, 1.301042606982605321E-15 ) ) ;
#1616 = CARTESIAN_POINT ( 'NONE',  ( -21.17375767825175359, 23.83715912211787114, 12.69245559252521538 ) ) ;
#1617 = EDGE_CURVE ( 'NONE', #2209, #1367, #1391, .T. ) ;
#1618 = CARTESIAN_POINT ( 'NONE',  ( 82.86427668705709948, 15.43208001166675558, 6.085397778698516724 ) ) ;
#1619 = CARTESIAN_POINT ( 'NONE',  ( -33.96574429572994092, 49.81885843669754621, 9.207422330046199477 ) ) ;
#1620 = ORIENTED_EDGE ( 'NONE', *, *, #379, .T. ) ;
#1621 = CARTESIAN_POINT ( 'NONE',  ( -29.25551623892739528, 25.29700731682282822, 15.34546022901395190 ) ) ;
#1622 = CARTESIAN_POINT ( 'NONE',  ( -4.927348882755297588, 47.10454539717102307, 10.98911882552212660 ) ) ;
#1623 = CARTESIAN_POINT ( 'NONE',  ( 67.97165137258195955, 47.49215745787759602, 1.265008846710155677 ) ) ;
#1624 = EDGE_CURVE ( 'NONE', #3001, #1083, #2888, .T. ) ;
#1625 = CARTESIAN_POINT ( 'NONE',  ( -9.832924833957372712, 43.99837126694224310, 15.00000000000000355 ) ) ;
#1626 = ORIENTED_EDGE ( 'NONE', *, *, #3097, .F. ) ;
#1627 = CARTESIAN_POINT ( 'NONE',  ( -24.31315100062040813, 25.44134707602902168, 17.06589330797361725 ) ) ;
#1628 = B_SPLINE_CURVE_WITH_KNOTS ( 'NONE', 3,
 ( #682, #448, #2664, #463 ),
 .UNSPECIFIED., .F., .F.,
 ( 4, 4 ),
 ( 0.000000000000000000, 0.003557560275734970422 ),
 .UNSPECIFIED. ) ;
#1629 = FACE_OUTER_BOUND ( 'NONE', #1381, .T. ) ;
#1630 = CARTESIAN_POINT ( 'NONE',  ( -43.69366954549366255, 36.77774126628712281, 11.79777324149212347 ) ) ;
#1631 = CARTESIAN_POINT ( 'NONE',  ( 54.79642867976509990, 15.55227283687279360, -5.422021876505327827E-17 ) ) ;
#1632 = CARTESIAN_POINT ( 'NONE',  ( -33.90418244793143288, 48.81660719502521317, 8.204676581134041413 ) ) ;
#1633 = CARTESIAN_POINT ( 'NONE',  ( -27.61316513084577196, 25.41088064478529418, 14.48400658803296182 ) ) ;
#1634 = CARTESIAN_POINT ( 'NONE',  ( 87.66004657720807813, 18.36059594911731807, 8.633818835125078195 ) ) ;
#1635 = CARTESIAN_POINT ( 'NONE',  ( -44.17042367523624335, 39.82418828688678758, 15.00000000000000000 ) ) ;
#1636 = ORIENTED_EDGE ( 'NONE', *, *, #3078, .F. ) ;
#1637 = B_SPLINE_CURVE_WITH_KNOTS ( 'NONE', 3,
 ( #1062, #535, #2271, #1023 ),
 .UNSPECIFIED., .F., .F.,
 ( 4, 4 ),
 ( 4.175407311568513597E-10, 0.0006674562069485732692 ),
 .UNSPECIFIED. ) ;
#1638 = CARTESIAN_POINT ( 'NONE',  ( -39.88730919760041616, 43.90550690225343544, 8.851032177957396385 ) ) ;
#1639 = CARTESIAN_POINT ( 'NONE',  ( -21.20266969307488480, 48.38783606553737116, 12.08452858616541548 ) ) ;
#1640 = CARTESIAN_POINT ( 'NONE',  ( 84.55289764704306776, 44.24976195141572077, 6.923665111026652497 ) ) ;
#1641 = CARTESIAN_POINT ( 'NONE',  ( 54.74887949660637787, 14.57951714190903658, 0.7364966181872796280 ) ) ;
#1642 = EDGE_LOOP ( 'NONE', ( #2755, #412, #9, #949 ) ) ;
#1643 = CARTESIAN_POINT ( 'NONE',  ( -24.36236355769974082, 24.18314853804817588, 17.39849067928863136 ) ) ;
#1644 = CARTESIAN_POINT ( 'NONE',  ( -29.25551623892739173, 25.21515200435774773, 14.06000518454717962 ) ) ;
#1645 = CARTESIAN_POINT ( 'NONE',  ( -44.16555490943141393, 39.11172428721288696, 14.65082089883255101 ) ) ;
#1646 = CARTESIAN_POINT ( 'NONE',  ( 76.63458690334098833, 14.47451401053894138, 4.588991654422983402 ) ) ;
#1647 = CARTESIAN_POINT ( 'NONE',  ( -38.03126763021243306, 49.05208139268147960, 8.494851447070846717 ) ) ;
#1648 = CARTESIAN_POINT ( 'NONE',  ( -27.10440228043476196, 24.72451644145997207, 13.35632715680300642 ) ) ;
#1649 = DIRECTION ( 'NONE',  ( -1.000000000000000000, 0.000000000000000000, 0.000000000000000000 ) ) ;
#1650 = CARTESIAN_POINT ( 'NONE',  ( -44.16922051011862038, 39.96255968802589820, 14.88762468938009853 ) ) ;
#1651 =( GEOMETRIC_REPRESENTATION_CONTEXT ( 3 ) GLOBAL_UNCERTAINTY_ASSIGNED_CONTEXT ( ( #1261 ) ) GLOBAL_UNIT_ASSIGNED_CONTEXT ( ( #702, #469, #2768 ) ) REPRESENTATION_CONTEXT ( 'NONE', 'WORKASPACE' ) );
#1652 = CARTESIAN_POINT ( 'NONE',  ( 55.63030110107261095, 49.83552382805079617, 14.62912891254440773 ) ) ;
#1653 = CARTESIAN_POINT ( 'NONE',  ( -10.33757748875013149, 47.45447493722140564, 11.46823277912377037 ) ) ;
#1654 = CARTESIAN_POINT ( 'NONE',  ( 87.53058064665805205, 30.97605126740693038, 8.559021470456830372 ) ) ;
#1655 = CARTESIAN_POINT ( 'NONE',  ( 6.719951458426725033, 45.64346632506214263, 4.800388868287926769 ) ) ;
#1656 = CARTESIAN_POINT ( 'NONE',  ( -24.38277197991394729, 23.90927114647818641, 13.20035895951234117 ) ) ;
#1657 = EDGE_CURVE ( 'NONE', #1217, #212, #82, .T. ) ;
#1658 = FILL_AREA_STYLE_COLOUR ( '', #1754 ) ;
#1659 = CARTESIAN_POINT ( 'NONE',  ( -44.17610630825007689, 39.36449433280424159, 15.62736358886446553 ) ) ;
#1660 = CARTESIAN_POINT ( 'NONE',  ( 89.76624921452398098, 19.17915004828756764, 10.65957934557030207 ) ) ;
#1661 = CARTESIAN_POINT ( 'NONE',  ( -36.67904642675339488, 48.49509344003655542, 8.339169172100602268 ) ) ;
#1662 = CARTESIAN_POINT ( 'NONE',  ( -28.04230803652994908, 25.47523774483675041, 14.60944055513900786 ) ) ;
#1663 = EDGE_CURVE ( 'NONE', #2149, #2209, #2430, .T. ) ;
#1664 = CARTESIAN_POINT ( 'NONE',  ( 43.18772726697717701, 15.21623300539112833, 1.351481292359216324 ) ) ;
#1665 = CARTESIAN_POINT ( 'NONE',  ( -44.17028431981170655, 39.86770088961417002, 14.98466968034397873 ) ) ;
#1666 = CARTESIAN_POINT ( 'NONE',  ( 10.54398905061905367, 45.78770271918129708, 10.28579059282852448 ) ) ;
#1667 = DIRECTION ( 'NONE',  ( 0.000000000000000000, 0.000000000000000000, -1.000000000000000000 ) ) ;
#1668 = CARTESIAN_POINT ( 'NONE',  ( 22.79981657724559341, 46.73361408803768313, 3.862196126817031949 ) ) ;
#1669 = CARTESIAN_POINT ( 'NONE',  ( -44.18016273489772061, 39.39838461170693051, 15.00000000000000355 ) ) ;
#1670 = B_SPLINE_CURVE_WITH_KNOTS ( 'NONE', 3,
 ( #1068, #540, #788, #1499, #291, #2034, #1808, #2495, #1255, #2513, #1273, #1291, #2307, #1550, #58, #88, #2242, #1011, #3015, #823, #1322, #2260, #339, #2783, #38, #2960, #1979, #571, #2019, #2291, #23, #589 ),
 .UNSPECIFIED., .F., .F.,
 ( 4, 2, 2, 2, 2, 2, 2, 2, 2, 2, 2, 2, 2, 2, 2, 4 ),
 ( 1.398578778534940505E-17, 0.002683067565033011616, 0.005366135130066009354, 0.008049202695099006225, 0.01073227026013200483, 0.01609840539019799857, 0.01878147295523099891, 0.02146454052026399925, 0.03219681078039601102, 0.03756294591046201170, 0.04292908104052801238, 0.05366135130066002068, 0.06439362156079203592, 0.07512589182092403728, 0.08049202695099004490, 0.08585816208105605252 ),
 .UNSPECIFIED. ) ;
#1671 = CARTESIAN_POINT ( 'NONE',  ( 12.42051213735643067, 23.56061666612647443, 8.710613998757443355 ) ) ;
#1672 = B_SPLINE_CURVE_WITH_KNOTS ( 'NONE', 3,
 ( #1709, #954, #1693, #2388 ),
 .UNSPECIFIED., .F., .F.,
 ( 4, 4 ),
 ( 0.000000000000000000, 2.400895014829006052E-06 ),
 .UNSPECIFIED. ) ;
#1673 =( BOUNDED_SURFACE ( )  B_SPLINE_SURFACE ( 3, 2, ( 
 ( #2222, #2531, #2241 ),
 ( #2782, #1977, #1010 ),
 ( #752, #71, #323 ),
 ( #1067, #1807, #588 ),
 ( #1567, #2959, #2716 ),
 ( #2494, #517, #1497 ),
 ( #2735, #290, #2259 ),
 ( #37, #1027, #2016 ),
 ( #2996, #787, #1849 ),
 ( #1379, #2106, #3089 ),
 ( #1080, #655, #2828 ),
 ( #1640, #627, #87 ),
 ( #881, #1336, #2092 ),
 ( #612, #852, #1609 ),
 ( #3073, #1594, #401 ),
 ( #1124, #2812, #148 ),
 ( #2575, #2591, #1096 ),
 ( #1865, #3047, #2620 ),
 ( #2844, #2348, #641 ),
 ( #385, #1623, #1836 ),
 ( #2063, #1365, #896 ),
 ( #2606, #2364, #866 ),
 ( #1141, #2306, #2319 ),
 ( #2122, #3107, #1321 ),
 ( #133, #838, #1823 ),
 ( #104, #1880, #2860 ),
 ( #351, #2798, #601 ),
 ( #1581, #1111, #2559 ),
 ( #2078, #3060, #368 ),
 ( #1351, #2333, #118 ),
 ( #1990, #16, #1766 ),
 ( #246, #533, #1233 ),
 ( #911, #2379, #281 ),
 ( #415, #2488, #2216 ),
 ( #1004, #496, #3123 ),
 ( #2971, #763, #1266 ),
 ( #1746, #2874, #2711 ),
 ( #2252, #2394, #2138 ) ),
 .UNSPECIFIED., .F., .F., .F. ) 
 B_SPLINE_SURFACE_WITH_KNOTS ( ( 4, 2, 2, 2, 2, 2, 2, 2, 2, 2, 2, 2, 2, 2, 2, 2, 2, 2, 4 ),
 ( 3, 3 ),
 ( 0.02886264269963450396, 0.03013063793035808055, 0.03139863316108165714, 0.03393462362252881725, 0.03647061408397597737, 0.03773860931469955743, 0.03900660454542313749, 0.04407858546831745772, 0.04915056639121177795, 0.05422254731410609818, 0.05929452823700041147, 0.06183051869844756465, 0.06246451631380935815, 0.06309851392917115165, 0.06373251154453293821, 0.06436650915989472477, 0.06690249962134188488, 0.06817049485206547188, 0.06943849008278904500 ),
 ( 0.000000000000000000, 1.000000000000000000 ),
 .UNSPECIFIED. ) 
 GEOMETRIC_REPRESENTATION_ITEM ( )  RATIONAL_B_SPLINE_SURFACE ( (
 ( 1.000000000000000000, 0.8524795830692257770, 1.000000000000000000),
 ( 1.000000000000000000, 0.8487250157217539615, 1.000000000000000000),
 ( 1.000000000000000000, 0.8446916955846581754, 1.000000000000000000),
 ( 1.000000000000000000, 0.8361357538330995709, 1.000000000000000000),
 ( 1.000000000000000000, 0.8315910491900870838, 1.000000000000000000),
 ( 1.000000000000000000, 0.8176807849653231486, 1.000000000000000000),
 ( 1.000000000000000000, 0.8079951437967509698, 1.000000000000000000),
 ( 1.000000000000000000, 0.7892664963175395343, 1.000000000000000000),
 ( 1.000000000000000000, 0.7802439901465844097, 1.000000000000000000),
 ( 1.000000000000000000, 0.7679832863913419461, 1.000000000000000000),
 ( 1.000000000000000000, 0.7640951197306788956, 1.000000000000000000),
 ( 1.000000000000000000, 0.7568268488099676450, 1.000000000000000000),
 ( 1.000000000000000000, 0.7534645808542719259, 1.000000000000000000),
 ( 1.000000000000000000, 0.7379756236540342407, 1.000000000000000000),
 ( 1.000000000000000000, 0.7298705388472580546, 1.000000000000000000),
 ( 1.000000000000000000, 0.7192843461577932418, 1.000000000000000000),
 ( 1.000000000000000000, 0.7167410219394784177, 1.000000000000000000),
 ( 1.000000000000000000, 0.7144752649792961430, 1.000000000000000000),
 ( 1.000000000000000000, 0.7147593985594241639, 1.000000000000000000),
 ( 1.000000000000000000, 0.7161480905888336634, 1.000000000000000000),
 ( 1.000000000000000000, 0.7172710327449598466, 1.000000000000000000),
 ( 1.000000000000000000, 0.7183693363152895417, 1.000000000000000000),
 ( 1.000000000000000000, 0.7186383888623119054, 1.000000000000000000),
 ( 1.000000000000000000, 0.7187297655741575753, 1.000000000000000000),
 ( 1.000000000000000000, 0.7187358194089703556, 1.000000000000000000),
 ( 1.000000000000000000, 0.7187205596798753593, 1.000000000000000000),
 ( 1.000000000000000000, 0.7185493690197609640, 1.000000000000000000),
 ( 1.000000000000000000, 0.7175460319346110838, 1.000000000000000000),
 ( 1.000000000000000000, 0.7167021711769920866, 1.000000000000000000),
 ( 1.000000000000000000, 0.7146490605848909716, 1.000000000000000000),
 ( 1.000000000000000000, 0.7137236024538261558, 1.000000000000000000),
 ( 1.000000000000000000, 0.7095918325786209069, 1.000000000000000000),
 ( 1.000000000000000000, 0.7079023065918682578, 1.000000000000000000),
 ( 1.000000000000000000, 0.7066667728376516688, 1.000000000000000000),
 ( 1.000000000000000000, 0.7064693106613594287, 1.000000000000000000),
 ( 1.000000000000000000, 0.7063283076890550793, 1.000000000000000000),
 ( 1.000000000000000000, 0.7063845947999854991, 1.000000000000000000),
 ( 1.000000000000000000, 0.7065021121723727981, 1.000000000000000000) ) ) 
 REPRESENTATION_ITEM ( '' )  SURFACE ( )  );
#1674 = CARTESIAN_POINT ( 'NONE',  ( -34.16413795900724182, 39.81449343194472590, 15.00000000000000000 ) ) ;
#1675 = CARTESIAN_POINT ( 'NONE',  ( -44.16985519381417191, 39.18901872014792076, 14.93723956055821311 ) ) ;
#1676 = CARTESIAN_POINT ( 'NONE',  ( 41.65570842247650774, 48.06227990060928335, 11.36673502930948843 ) ) ;
#1677 = CARTESIAN_POINT ( 'NONE',  ( -44.06898055617740795, 41.25547859240813153, 13.07638238719750134 ) ) ;
#1678 = DIRECTION ( 'NONE',  ( 1.572257415398991671E-14, 1.000000000000000000, -2.287296744471887469E-14 ) ) ;
#1679 = CARTESIAN_POINT ( 'NONE',  ( 20.16667730754973320, 17.66327151073699042, 15.00000000000000000 ) ) ;
#1680 = CARTESIAN_POINT ( 'NONE',  ( 43.11281092087608613, 15.22167883118928700, 0.3599983541435859413 ) ) ;
#1681 = CARTESIAN_POINT ( 'NONE',  ( -9.550504142775571026, 17.04002388496705223, 17.36887558329157244 ) ) ;
#1682 = CARTESIAN_POINT ( 'NONE',  ( -24.27690682277824052, 50.43928049589633389, 14.56026679676647895 ) ) ;
#1683 = CARTESIAN_POINT ( 'NONE',  ( 49.09193850786593316, 48.36311196746057561, 13.52771575191291831 ) ) ;
#1684 = CARTESIAN_POINT ( 'NONE',  ( 26.33929841705916530, 46.88028244605537509, 3.354691642113509786 ) ) ;
#1685 = CARTESIAN_POINT ( 'NONE',  ( 13.77631487127980670, 49.02925930429154278, 5.176312391440444749 ) ) ;
#1686 = CARTESIAN_POINT ( 'NONE',  ( -32.64480136604566241, 26.15408868172764301, 15.00000000000000000 ) ) ;
#1687 = CARTESIAN_POINT ( 'NONE',  ( -44.17180334681410159, 39.20915512804187131, 15.15231596218816534 ) ) ;
#1688 = CARTESIAN_POINT ( 'NONE',  ( 30.03703774605074628, 17.29980482407514231, 10.10089407076271151 ) ) ;
#1689 = EDGE_LOOP ( 'NONE', ( #1745, #3109 ) ) ;
#1690 = CARTESIAN_POINT ( 'NONE',  ( -40.79530157059175366, 47.34502125080484802, 9.937596678552610641 ) ) ;
#1691 = CARTESIAN_POINT ( 'NONE',  ( 56.51397848223016496, 48.88892677109554086, 0.04501868868146546854 ) ) ;
#1692 = CARTESIAN_POINT ( 'NONE',  ( -44.16979343453841977, 39.93493580233451468, 14.94718477221099207 ) ) ;
#1693 = CARTESIAN_POINT ( 'NONE',  ( 51.27131114143144686, 48.28048677086718499, 1.140197565751688314E-15 ) ) ;
#1694 = CARTESIAN_POINT ( 'NONE',  ( 12.41824049802302987, 21.98182112189971704, 24.96222461384088476 ) ) ;
#1695 = ORIENTED_EDGE ( 'NONE', *, *, #1851, .F. ) ;
#1696 = EDGE_CURVE ( 'NONE', #256, #728, #3013, .T. ) ;
#1697 = PRODUCT ( '手柄-开源3', '手柄-开源3', '', ( #1777 ) ) ;
#1698 = CIRCLE ( 'NONE', #878, 0.8999999999999980238 ) ;
#1699 = CARTESIAN_POINT ( 'NONE',  ( 36.86024884040557481, 46.84942890373044833, 11.63780963729747775 ) ) ;
#1700 = CARTESIAN_POINT ( 'NONE',  ( 27.63216829072005254, 46.17587537837876965, 10.69916773530797371 ) ) ;
#1701 = CARTESIAN_POINT ( 'NONE',  ( 54.76829613682746611, 49.01774655577347772, 0.02597041035363704953 ) ) ;
#1702 = CARTESIAN_POINT ( 'NONE',  ( 44.40843022959764852, 48.36902633941238605, 0.2736985044554289259 ) ) ;
#1703 = CARTESIAN_POINT ( 'NONE',  ( -9.641745480402779123, 24.21177053026052661, 11.34305185766264046 ) ) ;
#1704 = CARTESIAN_POINT ( 'NONE',  ( -21.74056072167475762, 23.92283241287479001, 8.496721015470326321 ) ) ;
#1705 = CARTESIAN_POINT ( 'NONE',  ( -25.32583347533982376, 25.10253140526094029, 13.88178693839116917 ) ) ;
#1706 = VERTEX_POINT ( 'NONE', #1000 ) ;
#1707 = CARTESIAN_POINT ( 'NONE',  ( -43.84129001635292155, 42.37758888190338524, 12.14709372196408488 ) ) ;
#1708 = CARTESIAN_POINT ( 'NONE',  ( -16.68906383409791516, 26.23236125874847957, 15.00000000000000178 ) ) ;
#1709 = CARTESIAN_POINT ( 'NONE',  ( 51.27114127999865900, 48.28208134950777719, 2.867433166587155713E-06 ) ) ;
#1710 = CARTESIAN_POINT ( 'NONE',  ( -29.25551623892739528, 24.74381943700145214, 15.48736059604426529 ) ) ;
#1711 = VERTEX_POINT ( 'NONE', #1920 ) ;
#1712 = ADVANCED_FACE ( 'NONE', ( #2436, #967, #2900 ), #692, .T. ) ;
#1713 = CARTESIAN_POINT ( 'NONE',  ( 90.82957632475871890, 22.29470213354701613, 11.84062010682904820 ) ) ;
#1714 = CARTESIAN_POINT ( 'NONE',  ( -24.34609920782442671, 47.68514193144880409, 13.56952872431314283 ) ) ;
#1715 = CARTESIAN_POINT ( 'NONE',  ( 54.06030085225539494, 49.68147203449114357, 13.54478575753514669 ) ) ;
#1716 = EDGE_CURVE ( 'NONE', #1485, #2454, #2017, .T. ) ;
#1717 = CARTESIAN_POINT ( 'NONE',  ( -5.643477213419688887, 47.13217378091461285, 6.631780827661915012 ) ) ;
#1718 = CARTESIAN_POINT ( 'NONE',  ( 33.74221494557716028, 47.33929922412710312, 2.367355815008001407 ) ) ;
#1719 = FACE_OUTER_BOUND ( 'NONE', #341, .T. ) ;
#1720 = CARTESIAN_POINT ( 'NONE',  ( -33.97243704165045841, 49.79295377365988884, 8.944360916049500787 ) ) ;
#1721 = CARTESIAN_POINT ( 'NONE',  ( 21.06886746401291077, 17.52843886016948360, 4.080282103106190661 ) ) ;
#1722 = CARTESIAN_POINT ( 'NONE',  ( 35.07642759044740188, 16.74495534967547883, 10.89106148996354229 ) ) ;
#1723 = ORIENTED_EDGE ( 'NONE', *, *, #850, .T. ) ;
#1724 = CARTESIAN_POINT ( 'NONE',  ( -42.94224542475011930, 44.62504207980491344, 10.25252757950339699 ) ) ;
#1725 = SPHERICAL_SURFACE ( 'NONE', #1040, 1.000000000000000000 ) ;
#1726 = CARTESIAN_POINT ( 'NONE',  ( -43.86600931653345725, 42.27991255320213071, 12.22709911001079952 ) ) ;
#1727 = CARTESIAN_POINT ( 'NONE',  ( 21.67236376837667677, 17.45084618414279021, 3.995926553959983973 ) ) ;
#1728 = CARTESIAN_POINT ( 'NONE',  ( -24.31315100062040813, 25.44134707602902168, 17.06589330797361725 ) ) ;
#1729 = ORIENTED_EDGE ( 'NONE', *, *, #2586, .F. ) ;
#1730 = CARTESIAN_POINT ( 'NONE',  ( 84.94696640159131107, 49.07745383688142482, 15.00000000000000000 ) ) ;
#1731 = CARTESIAN_POINT ( 'NONE',  ( -9.487677906402460337, 44.76570409226998493, 11.86811573925489682 ) ) ;
#1732 = CARTESIAN_POINT ( 'NONE',  ( 47.26793619995599727, 48.73909302826849199, 12.97688324693965534 ) ) ;
#1733 = CARTESIAN_POINT ( 'NONE',  ( -33.96574429572994092, 49.81885843669754621, 9.208053791125156096 ) ) ;
#1734 = CARTESIAN_POINT ( 'NONE',  ( -17.43504896508904523, 48.03456792567208566, 7.863020754787744870 ) ) ;
#1735 = CARTESIAN_POINT ( 'NONE',  ( 58.27682637629963835, 50.36987049742173639, 15.00000000000000000 ) ) ;
#1736 = DIRECTION ( 'NONE',  ( 0.000000000000000000, 1.000000000000000000, 0.000000000000000000 ) ) ;
#1737 = CARTESIAN_POINT ( 'NONE',  ( -43.71801993160047317, 36.84790496335669019, 11.85387781475042779 ) ) ;
#1738 = CARTESIAN_POINT ( 'NONE',  ( 21.61877307153535455, 18.35404617890700507, 9.056352954719258719 ) ) ;
#1739 = EDGE_LOOP ( 'NONE', ( #1311, #2744, #1811, #2280 ) ) ;
#1740 = CARTESIAN_POINT ( 'NONE',  ( 35.56576995683311537, 17.92599929370559764, 11.66695030979335002 ) ) ;
#1741 = CARTESIAN_POINT ( 'NONE',  ( 56.94602275606561648, 48.90137112458847213, 0.06164831188899202313 ) ) ;
#1742 = CARTESIAN_POINT ( 'NONE',  ( -28.80890402642853942, 25.72804538541970132, 15.00000000000001421 ) ) ;
#1743 = CARTESIAN_POINT ( 'NONE',  ( -8.368926005583910310, 21.86695682088228665, 6.748353059446331237 ) ) ;
#1744 = CARTESIAN_POINT ( 'NONE',  ( 55.63030110107261805, 13.95121224109284164, 15.12102691748548544 ) ) ;
#1745 = ORIENTED_EDGE ( 'NONE', *, *, #2508, .T. ) ;
#1746 = CARTESIAN_POINT ( 'NONE',  ( 54.97888549685448822, 48.77717945230897101, 0.002444099407171581965 ) ) ;
#1747 = CARTESIAN_POINT ( 'NONE',  ( 19.05863132125551118, 38.97548420262019420, 17.51987573624874983 ) ) ;
#1748 = CARTESIAN_POINT ( 'NONE',  ( 71.58297956906135084, 15.28492374306845925, 2.052726850538445724 ) ) ;
#1749 = CARTESIAN_POINT ( 'NONE',  ( -9.524591900039563797, 47.95660608591864360, 10.65970333118174018 ) ) ;
#1750 = VECTOR ( 'NONE', #1063, 1000.000000000000000 ) ;
#1751 = CARTESIAN_POINT ( 'NONE',  ( -34.13506572712508103, 28.28727944636623803, 8.206695359330973716 ) ) ;
#1752 = CARTESIAN_POINT ( 'NONE',  ( -30.98116118270734631, 48.45024944191097660, 8.201689996734103261 ) ) ;
#1753 = FACE_OUTER_BOUND ( 'NONE', #2498, .T. ) ;
#1754 = COLOUR_RGB ( '',1.000000000000000000, 1.000000000000000000, 1.000000000000000000 ) ;
#1755 = EDGE_CURVE ( 'NONE', #2645, #256, #741, .T. ) ;
#1756 = AXIS2_PLACEMENT_3D ( 'NONE', #2386, #2114, #1887 ) ;
#1757 = CARTESIAN_POINT ( 'NONE',  ( -33.31634420176860090, 26.74271774993475503, 9.195066610112194283 ) ) ;
#1758 = CARTESIAN_POINT ( 'NONE',  ( 51.27128756128788467, 15.71863280927838780, 3.980409523441139063E-07 ) ) ;
#1759 = EDGE_LOOP ( 'NONE', ( #1032, #1126, #1765, #1636 ) ) ;
#1760 = CARTESIAN_POINT ( 'NONE',  ( -44.17007631876995077, 39.72574246238976059, 14.97291255698321777 ) ) ;
#1761 = EDGE_CURVE ( 'NONE', #2068, #2815, #2852, .T. ) ;
#1762 = CARTESIAN_POINT ( 'NONE',  ( -24.37901148709426735, 46.76215652117289068, 15.78617728548106491 ) ) ;
#1763 = CARTESIAN_POINT ( 'NONE',  ( -25.92021298152440067, 25.53724572151861238, 8.010481029641013606 ) ) ;
#1764 = CARTESIAN_POINT ( 'NONE',  ( 48.95618839477802453, 15.66327589554694910, 13.26040966129722953 ) ) ;
#1765 = ORIENTED_EDGE ( 'NONE', *, *, #3020, .F. ) ;
#1766 = CARTESIAN_POINT ( 'NONE',  ( 60.05191710579746456, 49.56387633234833601, 1.229674084574706505 ) ) ;
#1767 = CARTESIAN_POINT ( 'NONE',  ( -29.25551623892739883, 48.79918138872991307, 15.08698568807342610 ) ) ;
#1768 = CARTESIAN_POINT ( 'NONE',  ( -38.27042367523624478, 43.34895726523291160, 15.00000000000000000 ) ) ;
#1769 = CARTESIAN_POINT ( 'NONE',  ( 86.73677643279897609, 29.94686756571844199, 8.102311689819389429 ) ) ;
#1770 = CARTESIAN_POINT ( 'NONE',  ( -34.63243401845978298, 48.88993601694056679, 8.221221553373171176 ) ) ;
#1771 = CYLINDRICAL_SURFACE ( 'NONE', #628, 1.000000000000000888 ) ;
#1772 = CARTESIAN_POINT ( 'NONE',  ( -29.25551623892739173, 49.25555129212975913, 15.00000000000000000 ) ) ;
#1773 = CARTESIAN_POINT ( 'NONE',  ( -43.95636368563437202, 37.66370104976240896, 12.60994866532099934 ) ) ;
#1774 = CARTESIAN_POINT ( 'NONE',  ( 62.07966064080083157, 48.85577785092120706, 1.401258569504722828 ) ) ;
#1775 = ORIENTED_EDGE ( 'NONE', *, *, #2605, .F. ) ;
#1776 = CARTESIAN_POINT ( 'NONE',  ( -24.32837003940167975, 25.26288726024889542, 13.61158251102459005 ) ) ;
#1777 = PRODUCT_CONTEXT ( 'NONE', #252, 'mechanical' ) ;
#1778 = EDGE_CURVE ( 'NONE', #1232, #2738, #1058, .T. ) ;
#1779 = CARTESIAN_POINT ( 'NONE',  ( -9.492569188425477478, 45.19690223284845842, 11.55888784433917493 ) ) ;
#1780 = CARTESIAN_POINT ( 'NONE',  ( -13.71321041933456542, 22.69582960837512076, 7.318250983467017079 ) ) ;
#1781 = CARTESIAN_POINT ( 'NONE',  ( 48.95444707899795844, 15.73352774260808395, 13.31101525903620697 ) ) ;
#1782 = CARTESIAN_POINT ( 'NONE',  ( 47.18294686246643010, 14.95431481487307401, 12.64478027203404054 ) ) ;
#1783 = CARTESIAN_POINT ( 'NONE',  ( 42.38670141714589334, 44.88129825059337463, 16.26770197932130202 ) ) ;
#1784 = CARTESIAN_POINT ( 'NONE',  ( 80.42767166650759236, 15.86323780535609629, 4.998188822820976540 ) ) ;
#1785 = CARTESIAN_POINT ( 'NONE',  ( -24.34609920782442671, 47.68514193144880409, 13.56952872431314283 ) ) ;
#1786 = CARTESIAN_POINT ( 'NONE',  ( -8.811390050207494440, 22.93696089271062277, 5.788933477381432269 ) ) ;
#1787 = CARTESIAN_POINT ( 'NONE',  ( -32.67293558694179723, 49.65965056990619786, 8.195002766860218557 ) ) ;
#1788 = CARTESIAN_POINT ( 'NONE',  ( -33.96574429572994092, 49.81885843669754621, 0.9999999999999991118 ) ) ;
#1789 = CARTESIAN_POINT ( 'NONE',  ( 87.63677643279896756, 30.07552512577783688, 15.00000000000000000 ) ) ;
#1790 = CARTESIAN_POINT ( 'NONE',  ( -15.77108027870593965, 47.14575553014711318, 12.25260010638287866 ) ) ;
#1791 = CARTESIAN_POINT ( 'NONE',  ( 56.85246188491309738, 49.90052937760646756, 1.059453303094550991 ) ) ;
#1792 = ORIENTED_EDGE ( 'NONE', *, *, #2189, .F. ) ;
#1793 = LINE ( 'NONE', #2772, #1191 ) ;
#1794 = B_SPLINE_CURVE_WITH_KNOTS ( 'NONE', 3,
 ( #2929, #457, #2435, #1691, #1741, #1933, #2671, #1470, #474, #241, #1260, #506, #2450, #2247, #2915, #225, #3191, #2965, #276, #2211, #2899, #1435, #2195, #690, #2482, #1487, #1949, #11, #3176, #2722, #740, #2465, #983, #1985 ),
 .UNSPECIFIED., .F., .F.,
 ( 4, 2, 2, 2, 2, 2, 2, 2, 2, 2, 2, 2, 2, 2, 2, 2, 4 ),
 ( 4.326709677976573835E-26, 0.001292399379019462365, 0.002584798758038924730, 0.005169597516077828643, 0.005815797205587557549, 0.006461996895097285587, 0.007754396274116724316, 0.01033919503215563820, 0.01550879254823351629, 0.02067839006431139090, 0.02584798758038926725, 0.03101758509646714360, 0.03360238385450608350, 0.03618718261254501994, 0.03877198137058394944, 0.04006438074960340379, 0.04135678012862285813 ),
 .UNSPECIFIED. ) ;
#1795 = CARTESIAN_POINT ( 'NONE',  ( 42.34717146789365216, 48.39652037950668273, 12.03597138054249704 ) ) ;
#1796 = CARTESIAN_POINT ( 'NONE',  ( -14.90147640568699394, 22.87954214964852540, 6.474204445031396915 ) ) ;
#1797 = CARTESIAN_POINT ( 'NONE',  ( -24.33026090806094999, 25.21701712302770915, 13.58573813553396903 ) ) ;
#1798 = CARTESIAN_POINT ( 'NONE',  ( 55.43065831055564274, 14.52364143242151684, 13.69115992945509497 ) ) ;
#1799 = B_SPLINE_CURVE_WITH_KNOTS ( 'NONE', 3,
 ( #2445, #253, #237, #961 ),
 .UNSPECIFIED., .F., .F.,
 ( 4, 4 ),
 ( 0.000000000000000000, 0.0008538569830906948474 ),
 .UNSPECIFIED. ) ;
#1800 = CARTESIAN_POINT ( 'NONE',  ( 19.08286835855775365, 41.27559463614853996, 20.94129261217814886 ) ) ;
#1801 = CARTESIAN_POINT ( 'NONE',  ( 55.63030110107261095, 49.75364055210940251, 14.62118098027915636 ) ) ;
#1802 = CARTESIAN_POINT ( 'NONE',  ( 51.27114127999865900, 48.28208134950777719, 2.867433166587155713E-06 ) ) ;
#1803 =( BOUNDED_SURFACE ( )  B_SPLINE_SURFACE ( 3, 2, ( 
 ( #1632, #173, #2100 ),
 ( #2821, #2837, #126 ),
 ( #2584, #873, #1873 ),
 ( #2851, #676, #2867 ),
 ( #1661, #1601, #635 ),
 ( #2145, #2881, #648 ),
 ( #2599, #1647, #393 ),
 ( #1372, #2356, #1133 ),
 ( #2613, #408, #1386 ),
 ( #2371, #3131, #1903 ),
 ( #361, #2328, #113 ),
 ( #1105, #1434, #1690 ),
 ( #689, #207, #2947 ),
 ( #2928, #2416, #224 ),
 ( #189, #3174, #2227 ),
 ( #1469, #739, #3190 ),
 ( #723, #2464, #440 ),
 ( #2434, #1724, #240 ),
 ( #473, #1197, #965 ),
 ( #2161, #1210, #2705 ),
 ( #2178, #3145, #1419 ),
 ( #1226, #2449, #1948 ),
 ( #1983, #982, #2670 ),
 ( #2194, #2210, #706 ),
 ( #456, #2655, #998 ),
 ( #3161, #950, #1707 ),
 ( #2689, #1931, #489 ),
 ( #505, #1966, #1486 ),
 ( #2898, #1677, #257 ),
 ( #2964, #1242, #2402 ),
 ( #10, #2914, #757 ),
 ( #1453, #2641, #1180 ),
 ( #935, #1918, #62 ),
 ( #2756, #1572, #1503 ),
 ( #524, #1033, #2038 ),
 ( #544, #792, #342 ),
 ( #2499, #2053, #2481 ),
 ( #1520, #2517, #592 ),
 ( #775, #91, #275 ),
 ( #2550, #1539, #575 ),
 ( #295, #1053, #3019 ),
 ( #3036, #2721, #1760 ) ),
 .UNSPECIFIED., .F., .F., .F. ) 
 B_SPLINE_SURFACE_WITH_KNOTS ( ( 4, 2, 2, 2, 2, 2, 2, 2, 2, 2, 2, 2, 2, 2, 2, 2, 2, 2, 2, 2, 4 ),
 ( 3, 3 ),
 ( 0.01573749113485536574, 0.01777667329076707686, 0.01879626436872293069, 0.01981585544667878451, 0.02083544652463464181, 0.02185503760259049563, 0.02389421975850220675, 0.02491381083645806405, 0.02542360637543598922, 0.02593340191441391787, 0.02695299299236977170, 0.02746278853134770034, 0.02797258407032562899, 0.02899217514828148629, 0.03001176622623734011, 0.03103135730419319394, 0.03154115284317111911, 0.03179605061266008170, 0.03192349949740456994, 0.03198722393977680711, 0.03205094838214905123 ),
 ( 0.000000000000000000, 1.000000000000000000 ),
 .UNSPECIFIED. ) 
 GEOMETRIC_REPRESENTATION_ITEM ( )  RATIONAL_B_SPLINE_SURFACE ( (
 ( 1.000000000000000000, 0.7069373433485603986, 1.000000000000000000),
 ( 1.000000000000000000, 0.7072081204279616617, 1.000000000000000000),
 ( 1.000000000000000000, 0.7084718462604420175, 1.000000000000000000),
 ( 1.000000000000000000, 0.7133887341946472116, 1.000000000000000000),
 ( 1.000000000000000000, 0.7155369325850274853, 1.000000000000000000),
 ( 1.000000000000000000, 0.7207884944177952447, 1.000000000000000000),
 ( 1.000000000000000000, 0.7239000241120632229, 1.000000000000000000),
 ( 1.000000000000000000, 0.7310003428951936666, 1.000000000000000000),
 ( 1.000000000000000000, 0.7349360688134574104, 1.000000000000000000),
 ( 1.000000000000000000, 0.7437306162032493173, 1.000000000000000000),
 ( 1.000000000000000000, 0.7489022788097402517, 1.000000000000000000),
 ( 1.000000000000000000, 0.7669877558330426837, 1.000000000000000000),
 ( 1.000000000000000000, 0.7823572854898366291, 1.000000000000000000),
 ( 1.000000000000000000, 0.8148316857961613868, 1.000000000000000000),
 ( 1.000000000000000000, 0.8271786801998416427, 1.000000000000000000),
 ( 1.000000000000000000, 0.8487619026586015192, 1.000000000000000000),
 ( 1.000000000000000000, 0.8564851921446166028, 1.000000000000000000),
 ( 1.000000000000000000, 0.8732760700724218061, 1.000000000000000000),
 ( 1.000000000000000000, 0.8825059690050027772, 1.000000000000000000),
 ( 1.000000000000000000, 0.9099749002768651174, 1.000000000000000000),
 ( 1.000000000000000000, 0.9282620581091982626, 1.000000000000000000),
 ( 1.000000000000000000, 0.9500446203689227875, 1.000000000000000000),
 ( 1.000000000000000000, 0.9563693479492023641, 1.000000000000000000),
 ( 1.000000000000000000, 0.9670272314788421752, 1.000000000000000000),
 ( 1.000000000000000000, 0.9714102660096114450, 1.000000000000000000),
 ( 1.000000000000000000, 0.9824041343583098662, 1.000000000000000000),
 ( 1.000000000000000000, 0.9869573225357237689, 1.000000000000000000),
 ( 1.000000000000000000, 0.9934432554509239344, 1.000000000000000000),
 ( 1.000000000000000000, 0.9953688192339824603, 1.000000000000000000),
 ( 1.000000000000000000, 0.9980824568526767138, 1.000000000000000000),
 ( 1.000000000000000000, 0.9988375387741075251, 1.000000000000000000),
 ( 1.000000000000000000, 0.9995506048860568482, 1.000000000000000000),
 ( 1.000000000000000000, 0.9997141936569520215, 1.000000000000000000),
 ( 1.000000000000000000, 0.9998804768369763396, 1.000000000000000000),
 ( 1.000000000000000000, 0.9999227887135921922, 1.000000000000000000),
 ( 1.000000000000000000, 0.9999678218576800726, 1.000000000000000000),
 ( 1.000000000000000000, 0.9999802112701775547, 1.000000000000000000),
 ( 1.000000000000000000, 0.9999897819784521191, 1.000000000000000000),
 ( 1.000000000000000000, 0.9999906620646183963, 1.000000000000000000),
 ( 1.000000000000000000, 0.9999866139639197460, 1.000000000000000000),
 ( 1.000000000000000000, 0.9999822221947549661, 1.000000000000000000),
 ( 1.000000000000000000, 0.9999770095190033681, 1.000000000000000000) ) ) 
 REPRESENTATION_ITEM ( '' )  SURFACE ( )  );
#1804 = CARTESIAN_POINT ( 'NONE',  ( -29.25551623892739883, 17.66327151073699042, 15.00000000000000000 ) ) ;
#1805 = CARTESIAN_POINT ( 'NONE',  ( -39.56453013517357675, 32.19585558314895479, 8.771809754177184004 ) ) ;
#1806 = CARTESIAN_POINT ( 'NONE',  ( -13.98189933402002261, 47.73793662256110792, 6.362407132952339062 ) ) ;
#1807 = CARTESIAN_POINT ( 'NONE',  ( 90.74050947425672575, 41.23818195809523957, 10.56907739038818406 ) ) ;
#1808 = CARTESIAN_POINT ( 'NONE',  ( -26.91982947338089360, 47.97680856354253365, 8.096772090769494667 ) ) ;
#1809 = VECTOR ( 'NONE', #2978, 1000.000000000000000 ) ;
#1810 = CARTESIAN_POINT ( 'NONE',  ( 77.85234997513452981, 46.56132775552615755, 4.993581111960413210 ) ) ;
#1811 = ORIENTED_EDGE ( 'NONE', *, *, #78, .T. ) ;
#1812 = CARTESIAN_POINT ( 'NONE',  ( -40.07042367523626325, 43.10866697573533202, 8.896930080823580056 ) ) ;
#1813 =( NAMED_UNIT ( * ) PLANE_ANGLE_UNIT ( ) SI_UNIT ( $, .RADIAN. ) );
#1814 =( GEOMETRIC_REPRESENTATION_CONTEXT ( 3 ) GLOBAL_UNCERTAINTY_ASSIGNED_CONTEXT ( ( #3037 ) ) GLOBAL_UNIT_ASSIGNED_CONTEXT ( ( #2740, #1813, #2297 ) ) REPRESENTATION_CONTEXT ( 'NONE', 'WORKASPACE' ) );
#1815 = CARTESIAN_POINT ( 'NONE',  ( -29.25551623892739883, 48.79918138872991307, 15.08698568807342610 ) ) ;
#1816 = CARTESIAN_POINT ( 'NONE',  ( -43.13084969734745044, 35.48173433378249797, 10.45580107143050164 ) ) ;
#1817 = CARTESIAN_POINT ( 'NONE',  ( 55.63030110107261805, 14.91509162214887674, 14.99999999578605703 ) ) ;
#1818 = CARTESIAN_POINT ( 'NONE',  ( 48.99934036928592462, 15.44663406755587509, 13.21203895753188640 ) ) ;
#1819 = CARTESIAN_POINT ( 'NONE',  ( 83.27938070310302976, 15.54822262563237878, 7.262371838145698533 ) ) ;
#1820 = CARTESIAN_POINT ( 'NONE',  ( 83.47219408633819171, 16.51932462982051675, 6.378624957364623427 ) ) ;
#1821 = CARTESIAN_POINT ( 'NONE',  ( 19.07600313465161790, 47.97231628930651226, 8.953706598623726975 ) ) ;
#1822 = CARTESIAN_POINT ( 'NONE',  ( -43.12774819543086124, 36.15949128273690150, 10.45854647744549482 ) ) ;
#1823 = CARTESIAN_POINT ( 'NONE',  ( 61.93873646298327884, 48.90571421735211999, 1.386564394527905808 ) ) ;
#1824 = CARTESIAN_POINT ( 'NONE',  ( -25.59888848077593693, 47.45237543508630296, 15.00000000000025757 ) ) ;
#1825 = CARTESIAN_POINT ( 'NONE',  ( 31.19086606738696688, 20.88553121435340643, 15.00000000000000178 ) ) ;
#1826 = EDGE_LOOP ( 'NONE', ( #1839, #908 ) ) ;
#1827 = CARTESIAN_POINT ( 'NONE',  ( -24.28728871374583065, 26.22805993322212004, 14.50878977006802195 ) ) ;
#1828 = CARTESIAN_POINT ( 'NONE',  ( 55.63030110107261095, 49.44093938107531727, 14.67005159148667204 ) ) ;
#1829 = CARTESIAN_POINT ( 'NONE',  ( -40.54191762754273753, 33.13742551651997559, 9.019787580932733917 ) ) ;
#1830 = CARTESIAN_POINT ( 'NONE',  ( 55.63030110107261805, 49.44197218808296412, 14.72505280598328881 ) ) ;
#1831 = CARTESIAN_POINT ( 'NONE',  ( 17.47955966666639682, 18.91087220299811733, 8.757762637596682609 ) ) ;
#1832 = B_SPLINE_CURVE_WITH_KNOTS ( 'NONE', 3,
 ( #1094, #652, #3119, #1108, #162, #1592, #863, #1007, #287, #85 ),
 .UNSPECIFIED., .F., .F.,
 ( 4, 2, 2, 2, 4 ),
 ( -4.874193181111412867E-05, 0.0003453164501371524045, 0.0007393748320854190122, 0.001133433214033685620, 0.001527491595981952119 ),
 .UNSPECIFIED. ) ;
#1833 = CARTESIAN_POINT ( 'NONE',  ( 77.96895129616001441, 15.56060049537637013, 4.029705404862816032 ) ) ;
#1834 = DIRECTION ( 'NONE',  ( 1.000000000000000000, 0.000000000000000000, 0.000000000000000000 ) ) ;
#1835 = CARTESIAN_POINT ( 'NONE',  ( 55.63030110107261805, 49.44197218808296412, 14.72505280598328881 ) ) ;
#1836 = CARTESIAN_POINT ( 'NONE',  ( 67.79453382569219855, 47.51720199478217666, 2.223346360284695233 ) ) ;
#1837 = CARTESIAN_POINT ( 'NONE',  ( 15.17654904201792121, 41.80722965469894348, 14.99999999999999467 ) ) ;
#1838 = CARTESIAN_POINT ( 'NONE',  ( -9.499194209214277151, 26.37601303473142522, 15.00000000000006573 ) ) ;
#1839 = ORIENTED_EDGE ( 'NONE', *, *, #619, .F. ) ;
#1840 = CARTESIAN_POINT ( 'NONE',  ( 55.63030110107261095, 14.79579365182872586, 14.47620222632599862 ) ) ;
#1841 = CARTESIAN_POINT ( 'NONE',  ( 54.79642867976509990, 14.81270082222652107, 9.757819552369539906E-16 ) ) ;
#1842 = CARTESIAN_POINT ( 'NONE',  ( -37.96681027913806616, 30.83296526732585363, 8.486553909460166523 ) ) ;
#1843 = DIRECTION ( 'NONE',  ( 0.000000000000000000, 0.000000000000000000, -1.000000000000000000 ) ) ;
#1844 = CARTESIAN_POINT ( 'NONE',  ( 52.47497818141091841, 15.65741840187436651, 0.000000000000000000 ) ) ;
#1845 = CARTESIAN_POINT ( 'NONE',  ( -28.89119318850525175, 25.58995316830825217, 14.86470156332904224 ) ) ;
#1846 = CARTESIAN_POINT ( 'NONE',  ( 91.39604175756845450, 22.29470213354700547, 11.01653460554192066 ) ) ;
#1847 = FACE_OUTER_BOUND ( 'NONE', #1739, .T. ) ;
#1848 = FACE_OUTER_BOUND ( 'NONE', #1265, .T. ) ;
#1849 = CARTESIAN_POINT ( 'NONE',  ( 86.64309192669611548, 44.29810942164788656, 8.941575643414694241 ) ) ;
#1850 = CARTESIAN_POINT ( 'NONE',  ( -44.17042367523624335, 162.0000000000000000, 15.00000000000000000 ) ) ;
#1851 = EDGE_CURVE ( 'NONE', #2645, #1232, #1167, .T. ) ;
#1852 = ORIENTED_EDGE ( 'NONE', *, *, #346, .F. ) ;
#1853 = CARTESIAN_POINT ( 'NONE',  ( 12.41824049802302987, 21.98182112189971704, 24.96222461384088476 ) ) ;
#1854 = CARTESIAN_POINT ( 'NONE',  ( -17.12620643864632086, 23.22229741814484782, 11.15482560282341673 ) ) ;
#1855 = CARTESIAN_POINT ( 'NONE',  ( -34.14310382889845386, 28.29144179213698607, 8.206220640912873066 ) ) ;
#1856 = EDGE_CURVE ( 'NONE', #2003, #256, #1628, .T. ) ;
#1857 = CARTESIAN_POINT ( 'NONE',  ( 81.43536990762434868, 15.09915180442656890, 6.437861235497594592 ) ) ;
#1858 = CARTESIAN_POINT ( 'NONE',  ( -25.65718054659848590, 25.14455623746664514, 13.96422467708534931 ) ) ;
#1859 = AXIS2_PLACEMENT_3D ( 'NONE', #1446, #942, #1204 ) ;
#1860 = CIRCLE ( 'NONE', #2170, 1.000000000000000888 ) ;
#1861 = CARTESIAN_POINT ( 'NONE',  ( 86.63748158989726278, 16.89652306672820359, 8.927793060202525055 ) ) ;
#1862 = CARTESIAN_POINT ( 'NONE',  ( -44.04868854895226349, 41.25384648566120660, 12.91532513723257480 ) ) ;
#1863 = CARTESIAN_POINT ( 'NONE',  ( -39.40620917136800472, 44.24819159327818596, 8.741048677777984111 ) ) ;
#1864 = CARTESIAN_POINT ( 'NONE',  ( -15.72727129227247467, 47.88115828107379457, 12.05228286348442346 ) ) ;
#1865 = CARTESIAN_POINT ( 'NONE',  ( 72.78695811821938833, 46.02622573214051727, 2.363235404513211790 ) ) ;
#1866 = DIRECTION ( 'NONE',  ( 0.000000000000000000, -1.000000000000000000, 0.000000000000000000 ) ) ;
#1867 = ORIENTED_EDGE ( 'NONE', *, *, #1856, .F. ) ;
#1868 = CARTESIAN_POINT ( 'NONE',  ( 48.91668889025141453, 15.51690520206299517, 16.19031978237716274 ) ) ;
#1869 = CARTESIAN_POINT ( 'NONE',  ( 91.70114297656385816, 21.80442509812601060, 15.00000000000000000 ) ) ;
#1870 = CARTESIAN_POINT ( 'NONE',  ( -36.59696150497978095, 29.79469732189245335, 8.317645696822832946 ) ) ;
#1871 = CARTESIAN_POINT ( 'NONE',  ( -1.111804040852358177, 46.89347024346744774, 9.886344048191801903 ) ) ;
#1872 = CARTESIAN_POINT ( 'NONE',  ( 19.12937349326560010, 51.84051686685616289, 20.13195862413642701 ) ) ;
#1873 = CARTESIAN_POINT ( 'NONE',  ( -35.36815467120344891, 49.77716295107553890, 9.238551657900915259 ) ) ;
#1874 = CARTESIAN_POINT ( 'NONE',  ( -26.74785913578747554, 25.28697838136288212, 14.24491991143578318 ) ) ;
#1875 = EDGE_CURVE ( 'NONE', #2454, #1485, #1292, .T. ) ;
#1876 = CARTESIAN_POINT ( 'NONE',  ( 90.26314013760071475, 20.64531476258260057, 10.25437331708558197 ) ) ;
#1877 = CARTESIAN_POINT ( 'NONE',  ( -44.17000001381789076, 39.90273282145564337, 14.95625729450388519 ) ) ;
#1878 = CARTESIAN_POINT ( 'NONE',  ( -44.17042367523624335, 162.0000000000000000, 15.00000000000000000 ) ) ;
#1879 = CARTESIAN_POINT ( 'NONE',  ( -29.52502354196611378, 49.28666048408891243, 14.21779019109815323 ) ) ;
#1880 = CARTESIAN_POINT ( 'NONE',  ( 61.63736441715543890, 49.01591378740862837, 0.3844761191237762721 ) ) ;
#1881 = DIRECTION ( 'NONE',  ( 0.000000000000000000, -1.000000000000000000, 0.000000000000000000 ) ) ;
#1882 = ORIENTED_EDGE ( 'NONE', *, *, #810, .F. ) ;
#1883 = CARTESIAN_POINT ( 'NONE',  ( -29.25551623892739528, 25.71193210829879305, 15.73787577656938730 ) ) ;
#1884 = CARTESIAN_POINT ( 'NONE',  ( -26.29545213034497664, 24.59455063083549575, 13.14415417051175794 ) ) ;
#1885 = CARTESIAN_POINT ( 'NONE',  ( -44.02218578319603637, 37.95618087330565515, 12.73538310824221753 ) ) ;
#1886 = CARTESIAN_POINT ( 'NONE',  ( 14.97630309775860269, 46.58668047622187203, 9.252869943491498717 ) ) ;
#1887 = DIRECTION ( 'NONE',  ( 1.000000000000000000, 6.591949208711860648E-14, 0.000000000000000000 ) ) ;
#1888 = CARTESIAN_POINT ( 'NONE',  ( -25.43826123285180785, 25.11667966067190250, 13.91006603736579272 ) ) ;
#1889 = CARTESIAN_POINT ( 'NONE',  ( 57.86596287361423663, 14.43197942543406675, 1.090852720259396280 ) ) ;
#1890 = CARTESIAN_POINT ( 'NONE',  ( -9.641745480402779123, 24.21177053026052661, 11.34305185766264046 ) ) ;
#1891 = VERTEX_POINT ( 'NONE', #2186 ) ;
#1892 = EDGE_CURVE ( 'NONE', #2439, #523, #1476, .T. ) ;
#1893 = CARTESIAN_POINT ( 'NONE',  ( -9.503631209575688743, 46.15823821458727139, 11.11953041078182913 ) ) ;
#1894 = CARTESIAN_POINT ( 'NONE',  ( -1.313691419992154330, 46.91768558694290192, 10.71836728933123517 ) ) ;
#1895 = EDGE_CURVE ( 'NONE', #1891, #2251, #159, .T. ) ;
#1896 = CARTESIAN_POINT ( 'NONE',  ( 86.73677643279899030, 30.20436076009327664, 8.102311689819396534 ) ) ;
#1897 = CARTESIAN_POINT ( 'NONE',  ( 36.19968265842608446, 15.51996108067987734, 0.2544126583599987668 ) ) ;
#1898 = CARTESIAN_POINT ( 'NONE',  ( -29.25551623892739528, 25.30229178398094092, 14.84486789570184406 ) ) ;
#1899 =( BOUNDED_SURFACE ( )  B_SPLINE_SURFACE ( 3, 2, ( 
 ( #1249, #265, #1846 ),
 ( #1076, #2840, #650 ),
 ( #1361, #1591, #2058 ),
 ( #364, #1092, #98 ),
 ( #3042, #610, #1876 ),
 ( #3085, #1135, #2075 ),
 ( #2117, #143, #875 ),
 ( #410, #2343, #1388 ),
 ( #1349, #834, #1634 ),
 ( #115, #2601, #1333 ),
 ( #1861, #637, #1605 ),
 ( #2573, #3101, #380 ),
 ( #2587, #3056, #848 ),
 ( #1819, #83, #891 ),
 ( #1120, #1618, #348 ),
 ( #2855, #2316, #2331 ),
 ( #623, #2615, #128 ),
 ( #3070, #2102, #395 ),
 ( #1374, #2360, #1833 ),
 ( #2793, #597, #2808 ),
 ( #1107, #1577, #2556 ),
 ( #2088, #862, #2823 ),
 ( #1152, #2198, #1456 ),
 ( #1215, #937, #2917 ),
 ( #2437, #2643, #1405 ),
 ( #3178, #2884, #2419 ),
 ( #2166, #427, #2869 ),
 ( #442, #2692, #2676 ),
 ( #3164, #2932, #160 ),
 ( #1889, #905, #227 ),
 ( #2631, #968, #1921 ),
 ( #1935, #726, #711 ) ),
 .UNSPECIFIED., .F., .F., .T. ) 
 B_SPLINE_SURFACE_WITH_KNOTS ( ( 4, 2, 2, 2, 2, 2, 2, 2, 2, 2, 2, 2, 2, 2, 2, 4 ),
 ( 3, 3 ),
 ( 0.01948065410946462142, 0.02075258721200195361, 0.02202452031453928233, 0.02456838651961394671, 0.02584031962215127542, 0.02711225272468860761, 0.02965611892976326852, 0.03219998513483793290, 0.03474385133991259034, 0.03728771754498724778, 0.03983158375006191215, 0.04237544995513657653, 0.04491931616021123397, 0.05000704857036055578, 0.05509478098050987760, 0.06018251339065919941 ),
 ( 0.000000000000000000, 1.000000000000000000 ),
 .UNSPECIFIED. ) 
 GEOMETRIC_REPRESENTATION_ITEM ( )  RATIONAL_B_SPLINE_SURFACE ( (
 ( 1.000000000000000000, 0.8642084183335897452, 1.000000000000000000),
 ( 1.000000000000000000, 0.8607728480685008510, 1.000000000000000000),
 ( 1.000000000000000000, 0.8569565407030792503, 1.000000000000000000),
 ( 1.000000000000000000, 0.8485980511276431937, 1.000000000000000000),
 ( 1.000000000000000000, 0.8440330815699338407, 1.000000000000000000),
 ( 1.000000000000000000, 0.8297902244362341806, 1.000000000000000000),
 ( 1.000000000000000000, 0.8194880336074070737, 1.000000000000000000),
 ( 1.000000000000000000, 0.8042101733132773766, 1.000000000000000000),
 ( 1.000000000000000000, 0.7991473968718626475, 1.000000000000000000),
 ( 1.000000000000000000, 0.7892732217133630046, 1.000000000000000000),
 ( 1.000000000000000000, 0.7844480547837344719, 1.000000000000000000),
 ( 1.000000000000000000, 0.7707695652492611016, 1.000000000000000000),
 ( 1.000000000000000000, 0.7626577313105362688, 1.000000000000000000),
 ( 1.000000000000000000, 0.7485430809029278709, 1.000000000000000000),
 ( 1.000000000000000000, 0.7425256615003555938, 1.000000000000000000),
 ( 1.000000000000000000, 0.7322945561532158143, 1.000000000000000000),
 ( 1.000000000000000000, 0.7280709696684664056, 1.000000000000000000),
 ( 1.000000000000000000, 0.7211147766334782272, 1.000000000000000000),
 ( 1.000000000000000000, 0.7183643324193589308, 1.000000000000000000),
 ( 1.000000000000000000, 0.7139857008184671283, 1.000000000000000000),
 ( 1.000000000000000000, 0.7123529501174195033, 1.000000000000000000),
 ( 1.000000000000000000, 0.7098837429486375417, 1.000000000000000000),
 ( 1.000000000000000000, 0.7090482307799729211, 1.000000000000000000),
 ( 1.000000000000000000, 0.7079369480198210995, 1.000000000000000000),
 ( 1.000000000000000000, 0.7077135670910115195, 1.000000000000000000),
 ( 1.000000000000000000, 0.7070404727500696485, 1.000000000000000000),
 ( 1.000000000000000000, 0.7067368231330841688, 1.000000000000000000),
 ( 1.000000000000000000, 0.7063899956835069105, 1.000000000000000000),
 ( 1.000000000000000000, 0.7063465547551204260, 1.000000000000000000),
 ( 1.000000000000000000, 0.7064713637974888716, 1.000000000000000000),
 ( 1.000000000000000000, 0.7066386289735794302, 1.000000000000000000),
 ( 1.000000000000000000, 0.7068772885277667672, 1.000000000000000000) ) ) 
 REPRESENTATION_ITEM ( '' )  SURFACE ( )  );
#1900 = FACE_OUTER_BOUND ( 'NONE', #2124, .T. ) ;
#1901 = CARTESIAN_POINT ( 'NONE',  ( -44.17452049823659621, 39.28063403115884711, 15.50450775036343032 ) ) ;
#1902 = DIRECTION ( 'NONE',  ( 1.000000000000000000, 0.000000000000000000, 0.000000000000000000 ) ) ;
#1903 = CARTESIAN_POINT ( 'NONE',  ( -39.59095318005901731, 48.22985027881690456, 9.687599823964667678 ) ) ;
#1904 = CARTESIAN_POINT ( 'NONE',  ( -26.47558618827603638, 24.61988615549844894, 13.88603942140397685 ) ) ;
#1905 = CARTESIAN_POINT ( 'NONE',  ( 51.84184624511258477, 14.68849291224111298, -0.008143019245389088862 ) ) ;
#1906 = CARTESIAN_POINT ( 'NONE',  ( -44.16698707422789028, 40.06432894756967755, 14.73706631524452426 ) ) ;
#1907 = AXIS2_PLACEMENT_3D ( 'NONE', #2497, #1570, #40 ) ;
#1908 = AXIS2_PLACEMENT_3D ( 'NONE', #1713, #2695, #1409 ) ;
#1909 = CARTESIAN_POINT ( 'NONE',  ( 55.63030110107261805, 49.80842374689239449, 14.62537298852475054 ) ) ;
#1910 = DIRECTION ( 'NONE',  ( 1.000000000000000000, 0.000000000000000000, 0.000000000000000000 ) ) ;
#1911 = CARTESIAN_POINT ( 'NONE',  ( -14.50557871187059078, 47.78109642456920625, 7.444197813060607238 ) ) ;
#1912 = CARTESIAN_POINT ( 'NONE',  ( -43.57609417574293076, 15.51996108067987734, 9.807387696669103150 ) ) ;
#1913 = CARTESIAN_POINT ( 'NONE',  ( 12.42169121420565148, 24.47084574384428990, 9.409144328526576118 ) ) ;
#1914 = FILL_AREA_STYLE_COLOUR ( '', #771 ) ;
#1915 = CARTESIAN_POINT ( 'NONE',  ( -44.16394730145704983, 39.05114589812668413, 14.67195840510632898 ) ) ;
#1916 = CARTESIAN_POINT ( 'NONE',  ( -15.36991134183326935, 23.71601002172739214, 11.84345530165920657 ) ) ;
#1917 = ORIENTED_EDGE ( 'NONE', *, *, #1755, .T. ) ;
#1918 = CARTESIAN_POINT ( 'NONE',  ( -44.16306160329457242, 40.21243531992801223, 14.54201955526253087 ) ) ;
#1919 = CARTESIAN_POINT ( 'NONE',  ( 51.82769355205765294, 14.68867120589846031, 1.000000000000001332 ) ) ;
#1920 = CARTESIAN_POINT ( 'NONE',  ( -38.27042367523624478, 43.34895726523274817, 8.536058040146954795 ) ) ;
#1921 = CARTESIAN_POINT ( 'NONE',  ( 56.24783332119677226, 15.49071707622960581, 0.02164081870111464467 ) ) ;
#1922 = CARTESIAN_POINT ( 'NONE',  ( -40.62248231867241799, 46.40952478372557266, 9.037953856213738035 ) ) ;
#1923 = CARTESIAN_POINT ( 'NONE',  ( 42.29019905459914952, 51.48455508421105975, 14.36802120257378057 ) ) ;
#1924 = CARTESIAN_POINT ( 'NONE',  ( 14.97338695042567558, 45.78998313881825055, 10.23172244319781754 ) ) ;
#1925 = CARTESIAN_POINT ( 'NONE',  ( -26.84748174715229396, 48.98257882331758850, 9.101490503675266908 ) ) ;
#1926 = CARTESIAN_POINT ( 'NONE',  ( -43.57609417574293076, 49.02925930429154278, 9.807387696669103150 ) ) ;
#1927 = CARTESIAN_POINT ( 'NONE',  ( 35.56397102259587228, 17.47706118614685522, 11.34553308927464599 ) ) ;
#1928 = CARTESIAN_POINT ( 'NONE',  ( -44.14404373771542822, 38.79199952889837988, 14.14672122347968397 ) ) ;
#1929 = CARTESIAN_POINT ( 'NONE',  ( 16.76505778967249682, 46.60478526058230386, 9.261500262149649387 ) ) ;
#1930 = VERTEX_POINT ( 'NONE', #2120 ) ;
#1931 = CARTESIAN_POINT ( 'NONE',  ( -43.93508945145548239, 41.99009675073255465, 12.26089416943685606 ) ) ;
#1932 = EDGE_CURVE ( 'NONE', #630, #2617, #119, .T. ) ;
#1933 = CARTESIAN_POINT ( 'NONE',  ( 58.23070719169828635, 48.88347148933282682, 0.1205275296438391153 ) ) ;
#1934 = CARTESIAN_POINT ( 'NONE',  ( -44.16827862838214713, 40.02575294595449407, 14.84169725374170490 ) ) ;
#1935 = CARTESIAN_POINT ( 'NONE',  ( 54.49575673293216482, 14.56366942337517578, 0.9959112125046427622 ) ) ;
#1936 = CARTESIAN_POINT ( 'NONE',  ( 12.42646687338569400, 28.06149539798838077, 14.55421416700641579 ) ) ;
#1937 = CARTESIAN_POINT ( 'NONE',  ( 42.33094293522686513, 49.38057122233642104, 12.26905003161343366 ) ) ;
#1938 = CARTESIAN_POINT ( 'NONE',  ( 53.94458893958618262, 49.15416849939954602, 14.39746876714901802 ) ) ;
#1939 = B_SPLINE_CURVE_WITH_KNOTS ( 'NONE', 3,
 ( #918, #1345, #1358, #3068, #1844, #1402, #3099 ),
 .UNSPECIFIED., .F., .F.,
 ( 4, 3, 4 ),
 ( 1.569073996896066742E-08, 0.001721222105312219348, 0.003529119908055502151 ),
 .UNSPECIFIED. ) ;
#1940 = CARTESIAN_POINT ( 'NONE',  ( -29.51210067569733297, 49.28445876471167963, 9.202585824043531204 ) ) ;
#1941 = CARTESIAN_POINT ( 'NONE',  ( -12.43818152249473208, 15.51996108067987734, 5.693752097400674117 ) ) ;
#1942 = CARTESIAN_POINT ( 'NONE',  ( -29.25551623892739528, 25.40890700922074430, 14.85794731615664688 ) ) ;
#1943 = EDGE_CURVE ( 'NONE', #1083, #212, #50, .T. ) ;
#1944 = SURFACE_STYLE_USAGE ( .BOTH. , #220 ) ;
#1945 = CARTESIAN_POINT ( 'NONE',  ( -43.14492337392254484, 35.49495053603874339, 10.99229778510002120 ) ) ;
#1946 = CARTESIAN_POINT ( 'NONE',  ( 91.38729889889071956, 40.47608142020093425, 11.68531598858359466 ) ) ;
#1947 = ORIENTED_EDGE ( 'NONE', *, *, #850, .F. ) ;
#1948 = CARTESIAN_POINT ( 'NONE',  ( -43.50428305120159678, 43.40838040397871112, 11.44024374626427054 ) ) ;
#1949 = CARTESIAN_POINT ( 'NONE',  ( 87.36831223659626744, 43.05104228845100778, 8.459368651861405297 ) ) ;
#1950 = ADVANCED_FACE ( 'NONE', ( #1847 ), #1607, .F. ) ;
#1951 = CARTESIAN_POINT ( 'NONE',  ( 54.79639554791226175, 48.75704469018553766, -1.301042606982605321E-15 ) ) ;
#1952 = CARTESIAN_POINT ( 'NONE',  ( -33.96576170302369491, 49.81885878188140282, 9.206159487898345262 ) ) ;
#1953 = CARTESIAN_POINT ( 'NONE',  ( 12.40339254721996731, 9.751034093202438413, 18.88777600846625049 ) ) ;
#1954 = EDGE_LOOP ( 'NONE', ( #2963, #2934, #2987, #713, #1113, #1170 ) ) ;
#1955 = DIRECTION ( 'NONE',  ( -0.000000000000000000, -0.000000000000000000, -1.000000000000000000 ) ) ;
#1956 = CARTESIAN_POINT ( 'NONE',  ( -9.496857009843518327, 45.57233785916368873, 11.34760830022651668 ) ) ;
#1957 = CARTESIAN_POINT ( 'NONE',  ( 53.93863789215340887, 49.66638094725787056, 14.11619589845944134 ) ) ;
#1958 =( GEOMETRIC_REPRESENTATION_CONTEXT ( 3 ) GLOBAL_UNCERTAINTY_ASSIGNED_CONTEXT ( ( #421 ) ) GLOBAL_UNIT_ASSIGNED_CONTEXT ( ( #2656, #92, #1016 ) ) REPRESENTATION_CONTEXT ( 'NONE', 'WORKASPACE' ) );
#1959 = CARTESIAN_POINT ( 'NONE',  ( -8.845887420720652372, 24.22732064523680506, 11.27900318422225823 ) ) ;
#1960 = CARTESIAN_POINT ( 'NONE',  ( 51.27131114144090418, 49.02925930429154278, -1.575752332436120007E-13 ) ) ;
#1961 = CARTESIAN_POINT ( 'NONE',  ( 48.95444707899795844, 15.73352774260808395, 13.31101525903620697 ) ) ;
#1962 = LINE ( 'NONE', #1308, #1809 ) ;
#1963 = CARTESIAN_POINT ( 'NONE',  ( 3.946595615930871936, 19.96356398660660503, 6.023819107259251737 ) ) ;
#1964 = CARTESIAN_POINT ( 'NONE',  ( -26.96822700757455848, 25.31849133463504131, 14.30528156381867966 ) ) ;
#1965 = ORIENTED_EDGE ( 'NONE', *, *, #3102, .T. ) ;
#1966 = CARTESIAN_POINT ( 'NONE',  ( -44.03274061191466160, 41.49059792834846405, 12.79838589238835489 ) ) ;
#1967 = DIRECTION ( 'NONE',  ( 0.000000000000000000, -1.000000000000000000, 0.000000000000000000 ) ) ;
#1968 = CARTESIAN_POINT ( 'NONE',  ( -22.08124077692553300, 26.13335595625447283, 15.00000000000000000 ) ) ;
#1969 = CARTESIAN_POINT ( 'NONE',  ( -25.65705081471384474, 25.49832579036907276, 7.986297072309358036 ) ) ;
#1970 = CARTESIAN_POINT ( 'NONE',  ( -24.28108244619416922, 26.33863104381968867, 15.52447559026863111 ) ) ;
#1971 = ORIENTED_EDGE ( 'NONE', *, *, #1851, .T. ) ;
#1972 = CARTESIAN_POINT ( 'NONE',  ( 88.16417842924791159, 30.81411869775114454, 8.935146101838650878 ) ) ;
#1973 = CARTESIAN_POINT ( 'NONE',  ( 19.07205866042924569, 47.26916641165567512, 8.796715404184086040 ) ) ;
#1974 = CARTESIAN_POINT ( 'NONE',  ( 55.69282227278673503, 49.45094774823603956, 14.73775437100697694 ) ) ;
#1975 = CARTESIAN_POINT ( 'NONE',  ( -0.3033779243933573677, 46.87256066122527898, 6.307929336108641039 ) ) ;
#1976 = CARTESIAN_POINT ( 'NONE',  ( -20.11022552699234467, 48.28120492237996331, 8.280028462113781629 ) ) ;
#1977 = CARTESIAN_POINT ( 'NONE',  ( 91.52857519670160968, 40.29878821165124947, 11.10517986815907321 ) ) ;
#1978 = CARTESIAN_POINT ( 'NONE',  ( -9.493970084377817642, 45.03289335629489898, 18.78816262349439370 ) ) ;
#1979 = CARTESIAN_POINT ( 'NONE',  ( 37.03659364492552442, 46.61719185379457286, 0.9647327628460744542 ) ) ;
#1980 = CARTESIAN_POINT ( 'NONE',  ( -28.15238557464545011, 24.93151489951447175, 9.149879522441258572 ) ) ;
#1981 = CARTESIAN_POINT ( 'NONE',  ( 53.53891409424538494, 15.03489912051986188, 14.07652560798648267 ) ) ;
#1982 = VERTEX_POINT ( 'NONE', #131 ) ;
#1983 = CARTESIAN_POINT ( 'NONE',  ( -43.50554943332338098, 42.91131894220680465, 11.06153694256465947 ) ) ;
#1984 = B_SPLINE_CURVE_WITH_KNOTS ( 'NONE', 3,
 ( #1578, #2076, #2809, #3057, #849 ),
 .UNSPECIFIED., .F., .F.,
 ( 4, 1, 4 ),
 ( 0.7435722934515307525, 0.8395923591494283134, 0.9982597522374583310 ),
 .UNSPECIFIED. ) ;
#1985 = CARTESIAN_POINT ( 'NONE',  ( 91.39604175756841187, 39.55250778555877389, 11.01653460554189579 ) ) ;
#1986 = CARTESIAN_POINT ( 'NONE',  ( -43.22902895740622142, 44.06473943682254202, 11.08612128795821761 ) ) ;
#1987 = CARTESIAN_POINT ( 'NONE',  ( 17.38931091275791374, 18.01800474157879606, 4.600736601658401703 ) ) ;
#1988 = CARTESIAN_POINT ( 'NONE',  ( 35.57400391510882542, 19.38719547631221829, 13.59329916211776457 ) ) ;
#1989 = VERTEX_POINT ( 'NONE', #2603 ) ;
#1990 = CARTESIAN_POINT ( 'NONE',  ( 59.87719919983879180, 48.59533766106326880, 0.2325185267870488737 ) ) ;
#1991 = CARTESIAN_POINT ( 'NONE',  ( 42.34717146789365216, 48.39652037950668273, 12.03597138054249704 ) ) ;
#1992 = ADVANCED_FACE ( 'NONE', ( #653 ), #116, .T. ) ;
#1993 = CARTESIAN_POINT ( 'NONE',  ( 90.82957632475871890, 22.29470213354701613, 15.00000000000000000 ) ) ;
#1994 = CARTESIAN_POINT ( 'NONE',  ( -29.25551623892739883, 49.00563169922316575, 14.77970860467824821 ) ) ;
#1995 = CARTESIAN_POINT ( 'NONE',  ( -44.12472518638112007, 38.68095512923891732, 13.68189235998578290 ) ) ;
#1996 = ADVANCED_FACE ( 'NONE', ( #3058 ), #2574, .T. ) ;
#1997 = CARTESIAN_POINT ( 'NONE',  ( -27.43151183092271950, 48.03492315081776098, 8.129082772674212976 ) ) ;
#1998 = FACE_OUTER_BOUND ( 'NONE', #2226, .T. ) ;
#1999 = EDGE_CURVE ( 'NONE', #2617, #898, #2967, .T. ) ;
#2000 = CYLINDRICAL_SURFACE ( 'NONE', #832, 0.8999999999999980238 ) ;
#2001 = CARTESIAN_POINT ( 'NONE',  ( -37.18383324009293034, 29.04863823975652082, 9.323213152902257050 ) ) ;
#2002 = CARTESIAN_POINT ( 'NONE',  ( 51.22579480873115187, 14.72053424819656264, 0.8684956723625630870 ) ) ;
#2003 = VERTEX_POINT ( 'NONE', #3071 ) ;
#2004 = CARTESIAN_POINT ( 'NONE',  ( 55.63030110107261805, 14.69958975075418017, 14.40263729647353053 ) ) ;
#2005 = CARTESIAN_POINT ( 'NONE',  ( 19.07013191702202803, 46.91501148869624416, 8.740279385896062792 ) ) ;
#2006 = CARTESIAN_POINT ( 'NONE',  ( 17.25831773947387404, 18.03583977248063874, 3.627255172671623562 ) ) ;
#2007 = CARTESIAN_POINT ( 'NONE',  ( 55.63030110107261805, 13.87318790462989426, 14.81394015110564766 ) ) ;
#2008 = VERTEX_POINT ( 'NONE', #2858 ) ;
#2009 = CARTESIAN_POINT ( 'NONE',  ( 88.33540659153160846, 30.65482576597067066, 9.038534751504274212 ) ) ;
#2010 = CARTESIAN_POINT ( 'NONE',  ( 55.63030110107261805, 49.42341362166042273, 15.59270198314307265 ) ) ;
#2011 = CARTESIAN_POINT ( 'NONE',  ( -9.471001515458572939, 43.26145391537462359, 13.42981261657220848 ) ) ;
#2012 = CARTESIAN_POINT ( 'NONE',  ( 81.20620137425886753, 15.99512674732828188, 5.331727359442004932 ) ) ;
#2013 = FACE_OUTER_BOUND ( 'NONE', #2927, .T. ) ;
#2014 = CARTESIAN_POINT ( 'NONE',  ( -26.13058121397019917, 25.56876498042095491, 8.028802580454131643 ) ) ;
#2015 = CARTESIAN_POINT ( 'NONE',  ( -33.58778882466064886, 49.77211112785472835, 8.192036926875337244 ) ) ;
#2016 = CARTESIAN_POINT ( 'NONE',  ( 87.35010984763117392, 43.92792674589816926, 9.320737873823226494 ) ) ;
#2017 = CIRCLE ( 'NONE', #2321, 0.8999999999999980238 ) ;
#2018 = AXIS2_PLACEMENT_3D ( 'NONE', #254, #1240, #3016 ) ;
#2019 = CARTESIAN_POINT ( 'NONE',  ( 44.14527988474764442, 47.35916553552154795, 0.3196987928106224675 ) ) ;
#2020 = CARTESIAN_POINT ( 'NONE',  ( -39.75242846973799971, 31.19561035251357595, 9.689519223979683460 ) ) ;
#2021 = CARTESIAN_POINT ( 'NONE',  ( 88.84559724701766470, 42.95949177965123056, 10.15401768149016881 ) ) ;
#2022 = ORIENTED_EDGE ( 'NONE', *, *, #3059, .T. ) ;
#2023 = CARTESIAN_POINT ( 'NONE',  ( -39.72114196943197584, 42.62757625481183510, 8.811742863160461070 ) ) ;
#2024 = CARTESIAN_POINT ( 'NONE',  ( -9.490510966986279939, 45.01697846643968148, 11.67516726346143230 ) ) ;
#2025 = CARTESIAN_POINT ( 'NONE',  ( -14.75503657438519767, 23.84915622827388404, 6.455441575104894802 ) ) ;
#2026 = CARTESIAN_POINT ( 'NONE',  ( 12.41523402127503140, 19.39037735967191267, 6.575897169478370330 ) ) ;
#2027 = CARTESIAN_POINT ( 'NONE',  ( 5.793426086938461061, 20.57652720231808630, 8.873515224552521730 ) ) ;
#2028 = CARTESIAN_POINT ( 'NONE',  ( 19.07303719670083453, 47.44656737408738678, 8.832596821270213283 ) ) ;
#2029 = CARTESIAN_POINT ( 'NONE',  ( 85.63326177080644186, 17.27662887285154625, 7.487332573958829229 ) ) ;
#2030 = CARTESIAN_POINT ( 'NONE',  ( 19.07303719670083453, 47.44656737408738678, 8.832596821270213283 ) ) ;
#2031 = CARTESIAN_POINT ( 'NONE',  ( -26.93216042681014244, 25.69696533802354210, 8.090237137988927074 ) ) ;
#2032 = CARTESIAN_POINT ( 'NONE',  ( -29.96557311773621279, 49.33715597215861948, 9.206628139082441820 ) ) ;
#2033 = CARTESIAN_POINT ( 'NONE',  ( -44.17042367523627178, 39.18474531827957463, 15.00000000000000000 ) ) ;
#2034 = CARTESIAN_POINT ( 'NONE',  ( -27.80851770808087409, 48.07822379294123039, 8.148213920674095334 ) ) ;
#2035 = CARTESIAN_POINT ( 'NONE',  ( -4.959910626032677072, 46.33366368111365574, 11.16987503337478849 ) ) ;
#2036 = CARTESIAN_POINT ( 'NONE',  ( 55.63030110107261805, 14.91509162214887674, 14.99999999578605703 ) ) ;
#2037 = EDGE_LOOP ( 'NONE', ( #472, #26, #2846, #1882, #791, #883, #808 ) ) ;
#2038 = CARTESIAN_POINT ( 'NONE',  ( -44.16842128494419484, 40.02588498395979855, 14.84674589068118955 ) ) ;
#2039 = CARTESIAN_POINT ( 'NONE',  ( 51.23575411565077786, 14.71883205489441160, 12.73456027939951340 ) ) ;
#2040 = CARTESIAN_POINT ( 'NONE',  ( -27.49142824686678921, 25.80042387625481481, 8.126962913932787913 ) ) ;
#2041 = EDGE_CURVE ( 'NONE', #964, #1711, #357, .T. ) ;
#2042 = CARTESIAN_POINT ( 'NONE',  ( 48.96116948209730424, 15.44164366500445951, 13.13841232956785099 ) ) ;
#2043 = CARTESIAN_POINT ( 'NONE',  ( 30.96592124852815786, 17.19007941528375483, 10.24188222639612000 ) ) ;
#2044 = CARTESIAN_POINT ( 'NONE',  ( -24.37864467840576310, 46.65351127828553501, 14.86502336722048234 ) ) ;
#2045 = CARTESIAN_POINT ( 'NONE',  ( 55.63030110107261095, 14.44398820753178825, 14.83236727111147957 ) ) ;
#2046 = CARTESIAN_POINT ( 'NONE',  ( 91.70114297656384394, 21.80442509812598573, 15.00000000000000000 ) ) ;
#2047 = CARTESIAN_POINT ( 'NONE',  ( 86.86629318759356977, 29.59433538245372475, 8.175747278424562836 ) ) ;
#2048 = CARTESIAN_POINT ( 'NONE',  ( -14.06214034053309447, 46.73149653660329506, 6.372017583966813170 ) ) ;
#2049 = DIRECTION ( 'NONE',  ( 0.000000000000000000, 0.000000000000000000, -1.000000000000000000 ) ) ;
#2050 = DIRECTION ( 'NONE',  ( 1.000000000000000000, 0.000000000000000000, 0.000000000000000000 ) ) ;
#2051 = CARTESIAN_POINT ( 'NONE',  ( 51.22933196371393194, 14.84686493945254249, 0.4963721517214305656 ) ) ;
#2052 = ORIENTED_EDGE ( 'NONE', *, *, #420, .F. ) ;
#2053 = CARTESIAN_POINT ( 'NONE',  ( -44.17020402180641980, 39.89880926008567030, 14.97606308572649070 ) ) ;
#2054 = CARTESIAN_POINT ( 'NONE',  ( 19.05050849512049993, 42.77027826756518891, 8.958405957440859879 ) ) ;
#2055 = CARTESIAN_POINT ( 'NONE',  ( -42.89784824022268594, 35.05833374091545096, 10.81212250591998192 ) ) ;
#2056 = CARTESIAN_POINT ( 'NONE',  ( 35.56546106982454347, 17.85413547090882602, 11.60696916915424026 ) ) ;
#2057 = CARTESIAN_POINT ( 'NONE',  ( 36.32108379192877834, 15.82578511513171904, 10.92574463019030517 ) ) ;
#2058 = CARTESIAN_POINT ( 'NONE',  ( 90.97996002551546724, 21.60714050433429989, 10.73216146396257109 ) ) ;
#2059 = DIRECTION ( 'NONE',  ( 0.000000000000000000, 0.000000000000000000, 1.000000000000000000 ) ) ;
#2060 = EDGE_CURVE ( 'NONE', #2008, #898, #2811, .T. ) ;
#2061 = DIRECTION ( 'NONE',  ( 0.000000000000000000, 0.000000000000000000, 1.000000000000000000 ) ) ;
#2062 = CARTESIAN_POINT ( 'NONE',  ( -41.85246772328042653, 34.57218394014069673, 9.519949306995739491 ) ) ;
#2063 = CARTESIAN_POINT ( 'NONE',  ( 66.18967031313444238, 46.76865464357096869, 0.9544413972544170122 ) ) ;
#2064 = PRESENTATION_LAYER_ASSIGNMENT (  '', '', ( #201 ) ) ;
#2065 = CARTESIAN_POINT ( 'NONE',  ( 54.79641300290118977, 15.55177706666204074, -1.301042606982605321E-15 ) ) ;
#2066 = CIRCLE ( 'NONE', #1907, 1.000000000000000888 ) ;
#2067 = CARTESIAN_POINT ( 'NONE',  ( 51.25768874088193172, 15.45757699767336035, 0.02617265518142109990 ) ) ;
#2068 = VERTEX_POINT ( 'NONE', #231 ) ;
#2069 = CARTESIAN_POINT ( 'NONE',  ( -38.29450034692163030, 43.11077300746543983, 8.539768596784599097 ) ) ;
#2070 = APPLICATION_PROTOCOL_DEFINITION ( 'draft international standard', 'automotive_design', 1998, #252 ) ;
#2071 = CARTESIAN_POINT ( 'NONE',  ( 46.80740320233055485, 14.97901738638857871, 11.87643705822447870 ) ) ;
#2072 = CARTESIAN_POINT ( 'NONE',  ( -41.49028896608655970, 33.02905986001698579, 9.329687428492496437 ) ) ;
#2073 = CARTESIAN_POINT ( 'NONE',  ( -24.38277197991394729, 23.90927114647818641, 13.20035895951234117 ) ) ;
#2074 = CARTESIAN_POINT ( 'NONE',  ( 16.50065098396618168, 18.15112367321354725, 7.722282254143083335 ) ) ;
#2075 = CARTESIAN_POINT ( 'NONE',  ( 89.47714288512688086, 19.76697335094508290, 9.743775280848449682 ) ) ;
#2076 = CARTESIAN_POINT ( 'NONE',  ( 60.49231908324313878, 14.32508415839558502, 15.00000000000000000 ) ) ;
#2077 = CARTESIAN_POINT ( 'NONE',  ( 46.29131140211168827, 47.96058055690417632, 13.05272827916605927 ) ) ;
#2078 = CARTESIAN_POINT ( 'NONE',  ( 60.49007489649289226, 48.41230638193619740, 0.2812201015517813429 ) ) ;
#2079 = CARTESIAN_POINT ( 'NONE',  ( 38.31865268272998293, 44.51208339283727611, 15.00000000000009770 ) ) ;
#2080 = CARTESIAN_POINT ( 'NONE',  ( 10.26563444849444551, 25.98492171719765764, 15.00000000000000711 ) ) ;
#2081 = ORIENTED_EDGE ( 'NONE', *, *, #1414, .F. ) ;
#2082 = CARTESIAN_POINT ( 'NONE',  ( -9.646967886575227524, 24.51294294953736852, 11.55855664640066216 ) ) ;
#2083 = LINE ( 'NONE', #3127, #2163 ) ;
#2084 = CARTESIAN_POINT ( 'NONE',  ( -33.04841439341898024, 26.61423475057713972, 9.195033978973809141 ) ) ;
#2085 = DIRECTION ( 'NONE',  ( 0.000000000000000000, 2.830601232606407140E-14, -1.000000000000000000 ) ) ;
#2086 = CARTESIAN_POINT ( 'NONE',  ( -28.96265296642375375, 48.71794005162296060, 14.99999999999999645 ) ) ;
#2087 = CARTESIAN_POINT ( 'NONE',  ( 16.46323106093439392, 18.15623711024843701, 8.613452654639019102 ) ) ;
#2088 = CARTESIAN_POINT ( 'NONE',  ( 73.64994949056367091, 14.33052210899046486, 3.653447903201247904 ) ) ;
#2089 = EDGE_CURVE ( 'NONE', #1276, #2622, #1698, .T. ) ;
#2090 = CARTESIAN_POINT ( 'NONE',  ( -28.96265296642375375, 48.71794005162296060, 14.99999999999999645 ) ) ;
#2091 = CARTESIAN_POINT ( 'NONE',  ( -27.61506826918555646, 48.58298972456297804, 14.45814670765651400 ) ) ;
#2092 = CARTESIAN_POINT ( 'NONE',  ( 84.03634506488739930, 45.32107299123545374, 7.629813449954519378 ) ) ;
#2093 = ADVANCED_FACE ( 'NONE', ( #3152 ), #230, .F. ) ;
#2094 = CARTESIAN_POINT ( 'NONE',  ( -6.283780955691698367, 43.46820377190388029, 15.00000000000000178 ) ) ;
#2095 = ORIENTED_EDGE ( 'NONE', *, *, #1892, .T. ) ;
#2096 = CARTESIAN_POINT ( 'NONE',  ( -9.610576643176605316, 21.30323497234286378, 20.23795046560394439 ) ) ;
#2097 = CARTESIAN_POINT ( 'NONE',  ( -25.86244422892536576, 24.53142184857261654, 13.03224721616393822 ) ) ;
#2098 = CARTESIAN_POINT ( 'NONE',  ( -42.54596046868991266, 34.47734977271217360, 9.912329926544632741 ) ) ;
#2099 = CARTESIAN_POINT ( 'NONE',  ( 75.81989216808896970, 14.42292048016550154, 4.317688708430241995 ) ) ;
#2100 = CARTESIAN_POINT ( 'NONE',  ( -33.85792170444027249, 49.81613883654635799, 9.204553979381849160 ) ) ;
#2101 = CARTESIAN_POINT ( 'NONE',  ( -25.09493527704629656, 24.41903928419227299, 12.83958765570753435 ) ) ;
#2102 = CARTESIAN_POINT ( 'NONE',  ( 78.86581559207796488, 14.68515629001093181, 4.367917464466331445 ) ) ;
#2103 = CARTESIAN_POINT ( 'NONE',  ( -44.13353197207021594, 40.63235330889232699, 13.80696730054191335 ) ) ;
#2104 = DIRECTION ( 'NONE',  ( 0.000000000000000000, 0.000000000000000000, 1.000000000000000000 ) ) ;
#2105 = CARTESIAN_POINT ( 'NONE',  ( -22.80833734820393843, 48.54956470694550319, 13.10724428949958664 ) ) ;
#2106 = CARTESIAN_POINT ( 'NONE',  ( 85.88702819243518150, 44.63788333602742853, 7.628213663559635371 ) ) ;
#2107 = CARTESIAN_POINT ( 'NONE',  ( -20.41167278842400634, 46.00650782905712788, 14.99999999999997158 ) ) ;
#2108 = ORIENTED_EDGE ( 'NONE', *, *, #1227, .F. ) ;
#2109 = CARTESIAN_POINT ( 'NONE',  ( 55.63030110107261095, 14.73437016380289322, 14.42462792790370329 ) ) ;
#2110 = AXIS2_PLACEMENT_3D ( 'NONE', #306, #2273, #803 ) ;
#2111 = CARTESIAN_POINT ( 'NONE',  ( -30.81823390719426214, 25.25269311973528730, 15.00000000000000000 ) ) ;
#2112 = CARTESIAN_POINT ( 'NONE',  ( -40.94462101865129711, 33.55521578370657210, 9.145226823614800438 ) ) ;
#2113 = CARTESIAN_POINT ( 'NONE',  ( -4.677057777966858509, 47.07737907995236526, 10.15810135321456720 ) ) ;
#2114 = DIRECTION ( 'NONE',  ( -6.591949208711721808E-14, 1.000000000000000000, -4.531218369623180665E-14 ) ) ;
#2115 = CARTESIAN_POINT ( 'NONE',  ( -25.97453832435205001, 24.54768219252434136, 13.06134744438770312 ) ) ;
#2116 = AXIS2_PLACEMENT_3D ( 'NONE', #338, #822, #1549 ) ;
#2117 = CARTESIAN_POINT ( 'NONE',  ( 89.02819362765569622, 18.49142464479154668, 10.23243687888231079 ) ) ;
#2118 = CARTESIAN_POINT ( 'NONE',  ( 12.42213747441479121, 24.81489038500037836, 9.725702662510126828 ) ) ;
#2119 = ORIENTED_EDGE ( 'NONE', *, *, #525, .T. ) ;
#2120 = CARTESIAN_POINT ( 'NONE',  ( 91.39604175756841187, 39.55250778555877389, 11.01653460554189579 ) ) ;
#2121 = CARTESIAN_POINT ( 'NONE',  ( 5.928476679005136418, 46.64763406647688981, 10.27933034891891850 ) ) ;
#2122 = CARTESIAN_POINT ( 'NONE',  ( 61.90262332705298576, 47.89378746047006530, 0.4116774430708247667 ) ) ;
#2123 = CARTESIAN_POINT ( 'NONE',  ( -15.13893119483718586, 44.90884335418814999, 14.99999999999998934 ) ) ;
#2124 = EDGE_LOOP ( 'NONE', ( #1428, #774, #328, #1248 ) ) ;
#2125 = CARTESIAN_POINT ( 'NONE',  ( -29.25551623892739528, 25.73879606437818168, 15.02591799207938195 ) ) ;
#2126 =( BOUNDED_SURFACE ( )  B_SPLINE_SURFACE ( 3, 2, ( 
 ( #3041, #3024, #1075 ),
 ( #2555, #1543, #1798 ),
 ( #798, #316, #3055 ),
 ( #831, #2522, #333 ),
 ( #2541, #2301, #1526 ),
 ( #1818, #347, #1300 ),
 ( #1346, #1782, #2285 ),
 ( #2504, #2790, #66 ),
 ( #1590, #1316, #2760 ),
 ( #301, #564, #2571 ),
 ( #1576, #2057, #1060 ),
 ( #2043, #80, #847 ),
 ( #2745, #579, #596 ),
 ( #1282, #2269, #1332 ),
 ( #2314, #815, #49 ),
 ( #1831, #96, #1088 ),
 ( #2776, #2087, #2074 ),
 ( #1041, #2807, #609 ),
 ( #362, #549, #2329 ),
 ( #114, #1561, #1106 ),
 ( #2027, #3069, #861 ),
 ( #3007, #2838, #1359 ),
 ( #2882, #1387, #2372 ),
 ( #158, #2387, #2822 ),
 ( #2403, #174, #3115 ),
 ( #622, #904, #636 ),
 ( #919, #394, #649 ),
 ( #142, #1616, #2642 ),
 ( #1373, #1151, #2600 ),
 ( #2630, #426, #2101 ),
 ( #1181, #2131, #2357 ),
 ( #1888, #1602, #1134 ),
 ( #1858, #2614, #2115 ),
 ( #3100, #2868, #664 ),
 ( #889, #1904, #409 ),
 ( #1874, #677, #1648 ),
 ( #1403, #2853, #1165 ),
 ( #1633, #2146, #3132 ),
 ( #1662, #441, #1420 ),
 ( #190, #2162, #3146 ),
 ( #1845, #2585, #378 ),
 ( #2342, #127, #1119 ),
 ( #3083, #874, #1198 ),
 ( #258, #1454, #1243 ) ),
 .UNSPECIFIED., .F., .F., .F. ) 
 B_SPLINE_SURFACE_WITH_KNOTS ( ( 4, 2, 2, 2, 2, 2, 2, 2, 2, 2, 2, 2, 2, 2, 2, 2, 2, 2, 2, 2, 2, 4 ),
 ( 3, 3 ),
 ( 0.06566442359797891593, 0.06843206428667571173, 0.07119970497537250753, 0.07673498635276611302, 0.08227026773015971850, 0.08780554910755331011, 0.09887611186234052107, 0.1044113932397341127, 0.1071790339284309224, 0.1099466746171277182, 0.1210172373719149153, 0.1320878001267021262, 0.1376230815040957178, 0.1431583628814893094, 0.1486936442588829288, 0.1493855544310571104, 0.1500774646032313198, 0.1507693747754055291, 0.1514612849475797107, 0.1528451052919281294, 0.1535370154641023110, 0.1542289256362765204 ),
 ( 0.000000000000000000, 1.000000000000000000 ),
 .UNSPECIFIED. ) 
 GEOMETRIC_REPRESENTATION_ITEM ( )  RATIONAL_B_SPLINE_SURFACE ( (
 ( 1.000000000000000000, 0.9372053693195953050, 1.000000000000000000),
 ( 1.000000000000000000, 0.9151825456401725400, 1.000000000000000000),
 ( 1.000000000000000000, 0.8986404353644772414, 1.000000000000000000),
 ( 1.000000000000000000, 0.8723510297999628182, 1.000000000000000000),
 ( 1.000000000000000000, 0.8619131885146631422, 1.000000000000000000),
 ( 1.000000000000000000, 0.8354714848716020548, 1.000000000000000000),
 ( 1.000000000000000000, 0.8237445501440920914, 1.000000000000000000),
 ( 1.000000000000000000, 0.8045345810784514384, 1.000000000000000000),
 ( 1.000000000000000000, 0.7974108230159012711, 1.000000000000000000),
 ( 1.000000000000000000, 0.7850512854536814134, 1.000000000000000000),
 ( 1.000000000000000000, 0.7798629022120341370, 1.000000000000000000),
 ( 1.000000000000000000, 0.7654981295008655984, 1.000000000000000000),
 ( 1.000000000000000000, 0.7582909581088926876, 1.000000000000000000),
 ( 1.000000000000000000, 0.7509026801918550209, 1.000000000000000000),
 ( 1.000000000000000000, 0.7489705337108326644, 1.000000000000000000),
 ( 1.000000000000000000, 0.7468597080467501703, 1.000000000000000000),
 ( 1.000000000000000000, 0.7462888014464659214, 1.000000000000000000),
 ( 1.000000000000000000, 0.7454437396898476731, 1.000000000000000000),
 ( 1.000000000000000000, 0.7452116150079662882, 1.000000000000000000),
 ( 1.000000000000000000, 0.7448872961037399376, 1.000000000000000000),
 ( 1.000000000000000000, 0.7471783861881343691, 1.000000000000000000),
 ( 1.000000000000000000, 0.7558893182090519192, 1.000000000000000000),
 ( 1.000000000000000000, 0.7623961622612930311, 1.000000000000000000),
 ( 1.000000000000000000, 0.7751019918102182160, 1.000000000000000000),
 ( 1.000000000000000000, 0.7798276346545357507, 1.000000000000000000),
 ( 1.000000000000000000, 0.7899811337567613778, 1.000000000000000000),
 ( 1.000000000000000000, 0.7951659468332495928, 1.000000000000000000),
 ( 1.000000000000000000, 0.8060847158106086985, 1.000000000000000000),
 ( 1.000000000000000000, 0.8116355474284553395, 1.000000000000000000),
 ( 1.000000000000000000, 0.8210709723810025729, 1.000000000000000000),
 ( 1.000000000000000000, 0.8221690264505069345, 1.000000000000000000),
 ( 1.000000000000000000, 0.8244891796691640184, 1.000000000000000000),
 ( 1.000000000000000000, 0.8258151266936499812, 1.000000000000000000),
 ( 1.000000000000000000, 0.8281316698579297420, 1.000000000000000000),
 ( 1.000000000000000000, 0.8288705105289654318, 1.000000000000000000),
 ( 1.000000000000000000, 0.8317339609754347274, 1.000000000000000000),
 ( 1.000000000000000000, 0.8337074719617045826, 1.000000000000000000),
 ( 1.000000000000000000, 0.8419898438969920518, 1.000000000000000000),
 ( 1.000000000000000000, 0.8503483307935533198, 1.000000000000000000),
 ( 1.000000000000000000, 0.8696432466769120628, 1.000000000000000000),
 ( 1.000000000000000000, 0.8774774350421560287, 1.000000000000000000),
 ( 1.000000000000000000, 0.8954938252857136405, 1.000000000000000000),
 ( 1.000000000000000000, 0.9059522353949832629, 1.000000000000000000),
 ( 1.000000000000000000, 0.9181419333487598200, 1.000000000000000000) ) ) 
 REPRESENTATION_ITEM ( '' )  SURFACE ( )  );
#2127 = CARTESIAN_POINT ( 'NONE',  ( 42.03828598880777889, 12.58485761356741861, 0.9999999999999974465 ) ) ;
#2128 = CARTESIAN_POINT ( 'NONE',  ( -44.17491001495547920, 39.31105797387839118, 15.49529261880415199 ) ) ;
#2129 = CARTESIAN_POINT ( 'NONE',  ( 54.79641300290118977, 15.55177706666204074, -1.301042606982605321E-15 ) ) ;
#2130 = CARTESIAN_POINT ( 'NONE',  ( 54.71207198216412593, 49.75434520783598913, 1.000000000000000888 ) ) ;
#2131 = CARTESIAN_POINT ( 'NONE',  ( -25.15138470134655790, 24.42733966778638788, 13.56643234195170855 ) ) ;
#2132 = ADVANCED_FACE ( 'NONE', ( #1493 ), #1899, .T. ) ;
#2133 = CARTESIAN_POINT ( 'NONE',  ( 51.27131114143148949, 15.71922752925364009, -1.032215284459595848E-18 ) ) ;
#2134 = CARTESIAN_POINT ( 'NONE',  ( -24.32465936384950922, 25.35228588018791740, 13.66699418596928162 ) ) ;
#2135 = ORIENTED_EDGE ( 'NONE', *, *, #1568, .F. ) ;
#2136 = CARTESIAN_POINT ( 'NONE',  ( 55.05041876373936560, 49.33849067006187283, 14.60962095174588526 ) ) ;
#2137 = CARTESIAN_POINT ( 'NONE',  ( -6.767705437262009127, 46.44633828165689238, 11.32190144821900013 ) ) ;
#2138 = CARTESIAN_POINT ( 'NONE',  ( 54.42341777020170923, 49.72257421388346899, 0.9958804679576944707 ) ) ;
#2139 = CARTESIAN_POINT ( 'NONE',  ( 37.29565978763697132, 46.63942636205108272, 0.9342898961524547241 ) ) ;
#2140 = ORIENTED_EDGE ( 'NONE', *, *, #3059, .F. ) ;
#2141 = CARTESIAN_POINT ( 'NONE',  ( 35.56667381923287508, 12.12345087407070920, 15.65712325743024635 ) ) ;
#2142 = CARTESIAN_POINT ( 'NONE',  ( -24.99503984224473996, 24.40443972567241460, 12.81418929425728059 ) ) ;
#2143 = CARTESIAN_POINT ( 'NONE',  ( -43.74830732522089960, 36.93255376460029282, 11.59636612727397775 ) ) ;
#2144 = CARTESIAN_POINT ( 'NONE',  ( 85.18848146542369193, 16.20674562889350412, 8.182207215670423750 ) ) ;
#2145 = CARTESIAN_POINT ( 'NONE',  ( -37.35118416569011401, 48.28781895847849626, 8.408975159715371461 ) ) ;
#2146 = CARTESIAN_POINT ( 'NONE',  ( -27.81463159390894546, 24.85891621237987081, 14.22778711123723916 ) ) ;
#2147 = CARTESIAN_POINT ( 'NONE',  ( -44.17037146219150401, 39.85888119719830769, 15.00000000000000000 ) ) ;
#2148 = DIRECTION ( 'NONE',  ( -0.000000000000000000, -0.000000000000000000, 1.000000000000000000 ) ) ;
#2149 = VERTEX_POINT ( 'NONE', #1952 ) ;
#2150 = CARTESIAN_POINT ( 'NONE',  ( 42.30772348059992538, 50.72076249607924581, 12.88888106353721241 ) ) ;
#2151 = CARTESIAN_POINT ( 'NONE',  ( 53.04199661056109250, 49.54670399287030591, 13.95847500037564082 ) ) ;
#2152 = LINE ( 'NONE', #925, #2422 ) ;
#2153 = EDGE_CURVE ( 'NONE', #2433, #2003, #1672, .T. ) ;
#2154 = CARTESIAN_POINT ( 'NONE',  ( 5.038046996093549446, 46.68577069517759526, 5.947463729950799305 ) ) ;
#2155 = CARTESIAN_POINT ( 'NONE',  ( 6.830555423949548732, 46.64327106114612320, 5.796374575551442199 ) ) ;
#2156 = CARTESIAN_POINT ( 'NONE',  ( -24.33600457580517684, 25.07756765265016696, 13.51205798800640601 ) ) ;
#2157 = CARTESIAN_POINT ( 'NONE',  ( -34.05422710139506393, 48.81991163956332969, 8.207228382881950779 ) ) ;
#2158 = CARTESIAN_POINT ( 'NONE',  ( -44.15390758140372185, 38.90516700696539232, 14.25564025524157685 ) ) ;
#2159 = CARTESIAN_POINT ( 'NONE',  ( 53.53891409424538494, 15.03489912051986188, 14.07652560798648267 ) ) ;
#2160 = ORIENTED_EDGE ( 'NONE', *, *, #2893, .T. ) ;
#2161 = CARTESIAN_POINT ( 'NONE',  ( -43.00283234345858574, 43.74452297857574479, 10.34334663565247858 ) ) ;
#2162 = CARTESIAN_POINT ( 'NONE',  ( -28.90673626625099502, 25.11939866711371394, 14.52871235929508664 ) ) ;
#2163 = VECTOR ( 'NONE', #914, 1000.000000000000000 ) ;
#2164 = CARTESIAN_POINT ( 'NONE',  ( -44.17037146219150401, 39.85888119719830769, 15.00000000000000000 ) ) ;
#2165 = B_SPLINE_CURVE_WITH_KNOTS ( 'NONE', 3,
 ( #1964, #2225, #2177, #1705, #8, #1241, #2945, #737, #1432, #1916, #522, #2687, #2913, #2447, #1501, #3188, #2479, #687, #2432, #2896, #1738, #222, #1688, #1722, #2703, #503, #2653, #2668, #2414, #2462, #1209, #1981 ),
 .UNSPECIFIED., .F., .F.,
 ( 4, 2, 2, 2, 2, 2, 2, 2, 2, 2, 2, 2, 2, 2, 2, 4 ),
 ( 0.002404287729306806530, 0.003687284347313830781, 0.004970280965320855032, 0.007536274201334902667, 0.01266826067336299794, 0.01780024714539109321, 0.02293223361741918501, 0.03319620656147537208, 0.04346017950553156262, 0.04859216597755965095, 0.05372415244958774622, 0.06398812539364390206, 0.06912011186567200427, 0.07425209833770010648, 0.07938408480972820869, 0.08451607128175629702 ),
 .UNSPECIFIED. ) ;
#2166 = CARTESIAN_POINT ( 'NONE',  ( 66.26447249060304046, 14.27141937531718874, 1.979936881190657250 ) ) ;
#2167 = CARTESIAN_POINT ( 'NONE',  ( -37.58000932372712555, 48.20509849810282077, 8.436682793216744969 ) ) ;
#2168 = ORIENTED_EDGE ( 'NONE', *, *, #1143, .F. ) ;
#2169 = VECTOR ( 'NONE', #2148, 1000.000000000000000 ) ;
#2170 = AXIS2_PLACEMENT_3D ( 'NONE', #2953, #3138, #746 ) ;
#2171 = CARTESIAN_POINT ( 'NONE',  ( 17.74496969181593897, 45.82084672429844119, 10.24580916944233877 ) ) ;
#2172 = CARTESIAN_POINT ( 'NONE',  ( 52.62443712520231287, 48.93289360289068668, 14.15401543006835361 ) ) ;
#2173 = CARTESIAN_POINT ( 'NONE',  ( -17.15034645594658258, 48.00903863439170749, 7.819348398220805407 ) ) ;
#2174 = CARTESIAN_POINT ( 'NONE',  ( 4.951683856422923746, 46.68798025175330224, 4.949184106237870751 ) ) ;
#2175 = CARTESIAN_POINT ( 'NONE',  ( 55.63030110107261805, 14.69958975075418017, 14.40263729647353053 ) ) ;
#2176 = CARTESIAN_POINT ( 'NONE',  ( -43.37333765180866862, 35.98021382420867553, 10.79686242940880447 ) ) ;
#2177 = CARTESIAN_POINT ( 'NONE',  ( -26.14911400327371283, 25.20686651600230022, 14.08723245856681849 ) ) ;
#2178 = CARTESIAN_POINT ( 'NONE',  ( -43.19360833444521575, 43.46556243294084254, 10.56301557114100298 ) ) ;
#2179 = CARTESIAN_POINT ( 'NONE',  ( 54.74542672906344620, 14.55303849486862866, 0.9999999999999988898 ) ) ;
#2180 = CARTESIAN_POINT ( 'NONE',  ( -35.43690081382503365, 49.76682232066690403, 9.241904715674097659 ) ) ;
#2181 = CARTESIAN_POINT ( 'NONE',  ( 51.89278980019841470, 15.68662657775693425, -0.008709793532553876394 ) ) ;
#2182 = CARTESIAN_POINT ( 'NONE',  ( -29.25551623892739528, 24.86825621651232154, 15.00647627291708908 ) ) ;
#2183 = CARTESIAN_POINT ( 'NONE',  ( 22.53982866914636674, 45.95239232322160206, 10.40083578254593810 ) ) ;
#2184 = CARTESIAN_POINT ( 'NONE',  ( 14.96734678551629294, 46.58649891755075600, 10.06618535882545906 ) ) ;
#2185 = EDGE_CURVE ( 'NONE', #2970, #2008, #1498, .T. ) ;
#2186 = CARTESIAN_POINT ( 'NONE',  ( 51.27128756128788467, 15.71863280927838780, 3.980409523441139063E-07 ) ) ;
#2187 = CARTESIAN_POINT ( 'NONE',  ( 55.63030110107261805, 14.80488490260411716, 14.48623327063259225 ) ) ;
#2188 = CARTESIAN_POINT ( 'NONE',  ( 55.63030110107261805, 13.87318790462989426, 14.81394015110564766 ) ) ;
#2189 = EDGE_CURVE ( 'NONE', #615, #1891, #793, .T. ) ;
#2190 = DIRECTION ( 'NONE',  ( 0.000000000000000000, 0.000000000000000000, 1.000000000000000000 ) ) ;
#2191 = CARTESIAN_POINT ( 'NONE',  ( -44.16905976257483957, 39.14628589328312813, 14.87025582381536815 ) ) ;
#2192 = CARTESIAN_POINT ( 'NONE',  ( 50.84665550913743459, 49.22883732646246813, 12.92889625970630618 ) ) ;
#2193 = ORIENTED_EDGE ( 'NONE', *, *, #525, .F. ) ;
#2194 = CARTESIAN_POINT ( 'NONE',  ( -43.63286408760514234, 42.64190940546298947, 11.32407848783716986 ) ) ;
#2195 = CARTESIAN_POINT ( 'NONE',  ( 82.37921702549034819, 44.89589787440128532, 5.840737105336441637 ) ) ;
#2196 = ADVANCED_FACE ( 'NONE', ( #665 ), #1168, .T. ) ;
#2197 = CARTESIAN_POINT ( 'NONE',  ( -43.79037058342255762, 42.56346298292858421, 12.00116038483069048 ) ) ;
#2198 = CARTESIAN_POINT ( 'NONE',  ( 73.09728972974582462, 14.31665346974970632, 2.466193109879100565 ) ) ;
#2199 = CARTESIAN_POINT ( 'NONE',  ( 48.93109733826396024, 16.47647787252880391, 14.21252679680350361 ) ) ;
#2200 = ORIENTED_EDGE ( 'NONE', *, *, #2657, .F. ) ;
#2201 = DIRECTION ( 'NONE',  ( 0.000000000000000000, 0.000000000000000000, 1.000000000000000000 ) ) ;
#2202 = CARTESIAN_POINT ( 'NONE',  ( 52.59660876352357661, 49.48248292737989829, 13.88093406192359147 ) ) ;
#2203 = CARTESIAN_POINT ( 'NONE',  ( -30.40304415031768315, 49.38841207341483397, 9.203346729650284885 ) ) ;
#2204 = CARTESIAN_POINT ( 'NONE',  ( 44.52211761001676393, 47.38422152966213474, 0.2651874839898544223 ) ) ;
#2205 = CARTESIAN_POINT ( 'NONE',  ( -9.630959823397876818, 23.57514472651504533, 10.97855636365830101 ) ) ;
#2206 =( NAMED_UNIT ( * ) PLANE_ANGLE_UNIT ( ) SI_UNIT ( $, .RADIAN. ) );
#2207 = CARTESIAN_POINT ( 'NONE',  ( 33.92734592107965597, 16.04007117734229126, 2.318240986448096841 ) ) ;
#2208 = CARTESIAN_POINT ( 'NONE',  ( 46.91766434547621856, 48.69449541609360210, 12.22748309563244895 ) ) ;
#2209 = VERTEX_POINT ( 'NONE', #2147 ) ;
#2210 = CARTESIAN_POINT ( 'NONE',  ( -43.71387743884184118, 42.81045703019387361, 11.51062364326487497 ) ) ;
#2211 = CARTESIAN_POINT ( 'NONE',  ( 76.16138323682618250, 45.74497669693644752, 3.378090074231643758 ) ) ;
#2212 = CARTESIAN_POINT ( 'NONE',  ( -39.83222892925886072, 48.06858743608816553, 9.732644634789265226 ) ) ;
#2213 = CARTESIAN_POINT ( 'NONE',  ( -17.05294614929881547, 23.21040185820075408, 6.776507668684806696 ) ) ;
#2214 = CARTESIAN_POINT ( 'NONE',  ( 55.63030110107261095, 14.73437016380289322, 14.42462792790370329 ) ) ;
#2215 = ORIENTED_EDGE ( 'NONE', *, *, #1999, .T. ) ;
#2216 = CARTESIAN_POINT ( 'NONE',  ( 56.63227689258319941, 49.89601393041983357, 1.051168618157503509 ) ) ;
#2217 = VECTOR ( 'NONE', #2521, 1000.000000000000000 ) ;
#2218 = CARTESIAN_POINT ( 'NONE',  ( -1.437751927869557633, 46.14760711343691924, 10.90572780631307026 ) ) ;
#2219 = CARTESIAN_POINT ( 'NONE',  ( 52.71177673631059690, 49.49903123885655276, 13.27771847329193733 ) ) ;
#2220 = CARTESIAN_POINT ( 'NONE',  ( -22.79825231802823282, 25.11581770533983970, 13.35482018674139582 ) ) ;
#2221 = CARTESIAN_POINT ( 'NONE',  ( -27.31945013558824797, 49.03505745955471440, 8.122596964110899265 ) ) ;
#2222 = CARTESIAN_POINT ( 'NONE',  ( 91.39604175756846871, 39.55250778555878810, 11.01653460554194375 ) ) ;
#2223 = FILL_AREA_STYLE ('',( #1914 ) ) ;
#2224 = CARTESIAN_POINT ( 'NONE',  ( -38.92262801298735297, 30.44905070834110106, 9.544774188869004306 ) ) ;
#2225 = CARTESIAN_POINT ( 'NONE',  ( -26.55973040743339197, 25.26020471467820272, 14.19337694397025196 ) ) ;
#2226 = EDGE_LOOP ( 'NONE', ( #206, #1070, #2140, #61, #1519, #1971, #429, #2268, #2108, #2193 ) ) ;
#2227 = CARTESIAN_POINT ( 'NONE',  ( -42.26620897441308244, 45.69773009980944778, 10.44736889915540168 ) ) ;
#2228 = CARTESIAN_POINT ( 'NONE',  ( 54.17339247796078183, 14.57717523792850933, 1.000000000000002665 ) ) ;
#2229 = CARTESIAN_POINT ( 'NONE',  ( -41.93726331522064044, 46.12589358050503563, 10.30786383796808892 ) ) ;
#2230 = CARTESIAN_POINT ( 'NONE',  ( 30.23580347549561864, 17.42376340287002634, 1.824083270002155199 ) ) ;
#2231 = CARTESIAN_POINT ( 'NONE',  ( 35.57822460211659177, 15.04811306584155695, 18.09498367203713798 ) ) ;
#2232 = EDGE_LOOP ( 'NONE', ( #1196, #3160, #2448, #478, #1397 ) ) ;
#2233 = CARTESIAN_POINT ( 'NONE',  ( 87.11215024505898441, 30.81619290513961928, 8.316295224971771205 ) ) ;
#2234 = ADVANCED_FACE ( 'NONE', ( #210 ), #482, .T. ) ;
#2235 = CARTESIAN_POINT ( 'NONE',  ( 19.04533185557955122, 40.31810819259916201, 11.11243480883407564 ) ) ;
#2236 = CARTESIAN_POINT ( 'NONE',  ( 51.19721723800078195, 14.72204840375525237, 1.000000000000000888 ) ) ;
#2237 = EDGE_CURVE ( 'NONE', #183, #3001, #1416, .T. ) ;
#2238 = CARTESIAN_POINT ( 'NONE',  ( 19.07899559959724911, 48.47495655674084958, 9.120943561433104918 ) ) ;
#2239 = CARTESIAN_POINT ( 'NONE',  ( -42.19722056282616052, 34.98926431496766298, 9.699522977294250836 ) ) ;
#2240 = CARTESIAN_POINT ( 'NONE',  ( -9.383650273908285655, 47.37453773310009808, 6.863794348114405253 ) ) ;
#2241 = CARTESIAN_POINT ( 'NONE',  ( 91.63005390527169425, 40.15187048301010009, 11.84062010682909083 ) ) ;
#2242 = CARTESIAN_POINT ( 'NONE',  ( -5.664609685079916801, 46.12805456502901080, 5.627601886750666971 ) ) ;
#2243 = CARTESIAN_POINT ( 'NONE',  ( -32.81235217882662880, 26.50557403918859123, 9.196259586186659618 ) ) ;
#2244 = CARTESIAN_POINT ( 'NONE',  ( 61.87667195578080026, 48.92787424671779917, 1.380104342659827843 ) ) ;
#2245 = ORIENTED_EDGE ( 'NONE', *, *, #379, .F. ) ;
#2246 = CARTESIAN_POINT ( 'NONE',  ( -38.38571605310490042, 42.89265981235489278, 8.554233388732765064 ) ) ;
#2247 = CARTESIAN_POINT ( 'NONE',  ( 63.12204190725731223, 47.49776850860811805, 0.5413245727832662890 ) ) ;
#2248 = CARTESIAN_POINT ( 'NONE',  ( 19.06485157748423021, 45.86411587150014668, 8.700937911801419844 ) ) ;
#2249 = CARTESIAN_POINT ( 'NONE',  ( 8.817732662486211126, 19.23790707289353819, 5.594542765913726790 ) ) ;
#2250 = CARTESIAN_POINT ( 'NONE',  ( 12.40388599751696574, 9.526945198189515907, 13.49181255445292749 ) ) ;
#2251 = VERTEX_POINT ( 'NONE', #2702 ) ;
#2252 = CARTESIAN_POINT ( 'NONE',  ( 54.55174541539889788, 48.72900538187931119, -0.004005552312578118668 ) ) ;
#2253 = CARTESIAN_POINT ( 'NONE',  ( 42.36021822264447678, 46.14716098547329182, 18.00597649942193001 ) ) ;
#2254 = CARTESIAN_POINT ( 'NONE',  ( -29.25551623892739883, 49.63436862317865206, 15.69623929279430996 ) ) ;
#2255 = CARTESIAN_POINT ( 'NONE',  ( 61.59375095889739526, 15.33515767091432380, 0.3630305743508071559 ) ) ;
#2256 = CARTESIAN_POINT ( 'NONE',  ( 87.63677643279896756, 30.07552512577783688, 15.00000000000000000 ) ) ;
#2257 = CARTESIAN_POINT ( 'NONE',  ( -34.62933935291979282, 28.56557088945338307, 8.218213789663602498 ) ) ;
#2258 = CARTESIAN_POINT ( 'NONE',  ( -33.70941209099283498, 48.77838738195472956, 8.193135245116513588 ) ) ;
#2259 = CARTESIAN_POINT ( 'NONE',  ( 88.70234802370733007, 43.06625348704414336, 10.07186344596672001 ) ) ;
#2260 = CARTESIAN_POINT ( 'NONE',  ( 12.17129286301190660, 45.56429639636206019, 4.257535925125652376 ) ) ;
#2261 = CARTESIAN_POINT ( 'NONE',  ( -34.81145035447563885, 27.53188670731602627, 9.210396180453132686 ) ) ;
#2262 = CARTESIAN_POINT ( 'NONE',  ( 76.24791246613708040, 46.71294203919141097, 4.430534365401627817 ) ) ;
#2263 = EDGE_LOOP ( 'NONE', ( #2245, #2081, #3050, #3018, #2376, #2946 ) ) ;
#2264 = CARTESIAN_POINT ( 'NONE',  ( -39.29059751263891798, 42.44929790298753858, 8.718186159640803012 ) ) ;
#2265 = CARTESIAN_POINT ( 'NONE',  ( 55.63030110107261095, 49.71325713330508478, 14.62219614193933381 ) ) ;
#2266 = CARTESIAN_POINT ( 'NONE',  ( -26.86924867957395335, 24.68299314355628482, 8.086267539979964170 ) ) ;
#2267 = CARTESIAN_POINT ( 'NONE',  ( -44.17042367523624335, 39.84491314829713104, 15.00000000000000000 ) ) ;
#2268 = ORIENTED_EDGE ( 'NONE', *, *, #286, .F. ) ;
#2269 = CARTESIAN_POINT ( 'NONE',  ( 21.87021095493467371, 17.44105870431183192, 8.976719860759356351 ) ) ;
#2270 = CARTESIAN_POINT ( 'NONE',  ( -24.36469835956530972, 47.07300207551283222, 14.15013282883050927 ) ) ;
#2271 = CARTESIAN_POINT ( 'NONE',  ( -44.18027075947995286, 39.62242788488963896, 14.98548635667397377 ) ) ;
#2272 = CARTESIAN_POINT ( 'NONE',  ( 8.338519376093891822, 20.30454012875689429, 4.652245026357785918 ) ) ;
#2273 = DIRECTION ( 'NONE',  ( 0.000000000000000000, 0.000000000000000000, 1.000000000000000000 ) ) ;
#2274 = CARTESIAN_POINT ( 'NONE',  ( 90.82957632475871890, 22.29470213354701613, 13.15856605931003465 ) ) ;
#2275 = VECTOR ( 'NONE', #349, 1000.000000000000000 ) ;
#2276 = MECHANICAL_DESIGN_GEOMETRIC_PRESENTATION_REPRESENTATION (  '', ( #532 ), #1814 ) ;
#2277 = DIRECTION ( 'NONE',  ( 0.000000000000000000, 0.000000000000000000, 1.000000000000000000 ) ) ;
#2278 = CARTESIAN_POINT ( 'NONE',  ( -4.643387425673336288, 21.28147845509815284, 6.562668897365232290 ) ) ;
#2279 = CARTESIAN_POINT ( 'NONE',  ( 60.04321439165781271, 49.56558968254927322, 1.229128810452370102 ) ) ;
#2280 = ORIENTED_EDGE ( 'NONE', *, *, #3003, .T. ) ;
#2281 = CARTESIAN_POINT ( 'NONE',  ( -38.72139025631311426, 42.56014585992176791, 8.610452608183212675 ) ) ;
#2282 = CARTESIAN_POINT ( 'NONE',  ( 42.34306433149593119, 48.65158190859661147, 12.06811420553710690 ) ) ;
#2283 = CARTESIAN_POINT ( 'NONE',  ( 8.861606605605800269, 20.22732758172843504, 4.599608532381506798 ) ) ;
#2284 = CARTESIAN_POINT ( 'NONE',  ( -29.25551623892739528, 25.38216188115568883, 14.85218368112156995 ) ) ;
#2285 = CARTESIAN_POINT ( 'NONE',  ( 47.32831043752590006, 14.94481360323772101, 11.97129847117181178 ) ) ;
#2286 = CARTESIAN_POINT ( 'NONE',  ( 55.63030110107261095, 49.71325713330508478, 14.62219614193933381 ) ) ;
#2287 = CARTESIAN_POINT ( 'NONE',  ( 90.50664412085342292, 20.94823628498908619, 10.41523561676244825 ) ) ;
#2288 = CARTESIAN_POINT ( 'NONE',  ( -23.72277902626614576, 25.21055355672587339, 7.811507977482257559 ) ) ;
#2289 = CARTESIAN_POINT ( 'NONE',  ( 1.425929302416134581, 46.80204865627447219, 6.204254189098398875 ) ) ;
#2290 = FACE_OUTER_BOUND ( 'NONE', #1339, .T. ) ;
#2291 = CARTESIAN_POINT ( 'NONE',  ( 47.70758715196018329, 47.79371059992222115, 0.1036962891504100148 ) ) ;
#2292 = CARTESIAN_POINT ( 'NONE',  ( -29.53553881847432550, 48.99715114098820834, 14.95982388798666385 ) ) ;
#2293 = CARTESIAN_POINT ( 'NONE',  ( 43.33278242185165396, 17.58626459876788672, 14.99999999999999112 ) ) ;
#2294 = ORIENTED_EDGE ( 'NONE', *, *, #78, .F. ) ;
#2295 = CARTESIAN_POINT ( 'NONE',  ( -33.96574429572994092, 49.81885843669754621, 9.208053791125156096 ) ) ;
#2296 = EDGE_CURVE ( 'NONE', #3151, #2694, #370, .T. ) ;
#2297 =( NAMED_UNIT ( * ) SI_UNIT ( $, .STERADIAN. ) SOLID_ANGLE_UNIT ( ) );
#2298 = CARTESIAN_POINT ( 'NONE',  ( 48.58163329498907501, 14.86632237131235534, 12.20238627655747798 ) ) ;
#2299 = CARTESIAN_POINT ( 'NONE',  ( -37.09676964812306466, 28.98325226051463943, 9.314592626801887931 ) ) ;
#2300 = CARTESIAN_POINT ( 'NONE',  ( 35.55832509411804665, 15.76865166442963151, 10.57348332694561321 ) ) ;
#2301 = CARTESIAN_POINT ( 'NONE',  ( 51.71132457338311639, 14.69396107160819120, 13.43511434922347902 ) ) ;
#2302 = CARTESIAN_POINT ( 'NONE',  ( 55.63030110107261805, 49.79469041395697815, 14.62403997395380273 ) ) ;
#2303 = CARTESIAN_POINT ( 'NONE',  ( 87.97733632245299873, 18.57109796112226974, 8.822072157809683901 ) ) ;
#2304 = DIRECTION ( 'NONE',  ( -1.000000000000000000, 0.000000000000000000, 0.000000000000000000 ) ) ;
#2305 = CARTESIAN_POINT ( 'NONE',  ( -26.39850770420743942, 25.60767030097155939, 8.050882993904217244 ) ) ;
#2306 = CARTESIAN_POINT ( 'NONE',  ( 63.18757971029273079, 48.48582795171940063, 0.5489038374328805148 ) ) ;
#2307 = CARTESIAN_POINT ( 'NONE',  ( -16.31783981627158298, 46.91917858481695447, 6.669773026316842213 ) ) ;
#2308 = CARTESIAN_POINT ( 'NONE',  ( 52.10925998562044725, 15.64372123250611146, 14.99999999032785780 ) ) ;
#2309 = ORIENTED_EDGE ( 'NONE', *, *, #1657, .T. ) ;
#2310 = CARTESIAN_POINT ( 'NONE',  ( -9.641745480402779123, 24.21177053026052661, 11.34305185766264046 ) ) ;
#2311 = CARTESIAN_POINT ( 'NONE',  ( 55.63030110107258963, 14.51691283636220930, 13.76073803046405786 ) ) ;
#2312 = CARTESIAN_POINT ( 'NONE',  ( -38.46262655395339181, 30.06122166770109416, 9.476805887576125187 ) ) ;
#2313 = CARTESIAN_POINT ( 'NONE',  ( -29.25551623892739528, 25.30229178398094092, 14.84486789570184406 ) ) ;
#2314 = CARTESIAN_POINT ( 'NONE',  ( 20.17775323934668918, 18.54456579731880694, 8.925277616637771416 ) ) ;
#2315 = CARTESIAN_POINT ( 'NONE',  ( -29.25551623892739883, 49.24676813325520897, 14.71065340501229635 ) ) ;
#2316 = CARTESIAN_POINT ( 'NONE',  ( 81.29036726583785821, 15.06676242313215219, 5.367776431738856324 ) ) ;
#2317 = DIRECTION ( 'NONE',  ( 0.000000000000000000, 0.000000000000000000, 1.000000000000000000 ) ) ;
#2318 = CARTESIAN_POINT ( 'NONE',  ( -44.17042367523624335, 39.20113090044864634, 15.00000000000000000 ) ) ;
#2319 = CARTESIAN_POINT ( 'NONE',  ( 63.08593182293626001, 48.51639786843772129, 1.510774471194125335 ) ) ;
#2320 = LINE ( 'NONE', #928, #416 ) ;
#2321 = AXIS2_PLACEMENT_3D ( 'NONE', #1214, #3177, #101 ) ;
#2322 = CARTESIAN_POINT ( 'NONE',  ( 17.34987185227048201, 24.76794137210973901, 15.00000000000000533 ) ) ;
#2323 = ORIENTED_EDGE ( 'NONE', *, *, #586, .T. ) ;
#2324 = CARTESIAN_POINT ( 'NONE',  ( -29.25551623892739528, 24.74381943700145214, 15.48736059604426529 ) ) ;
#2325 = CARTESIAN_POINT ( 'NONE',  ( -11.85000700958070219, 22.40725532772756523, 10.21952721320212021 ) ) ;
#2326 = CARTESIAN_POINT ( 'NONE',  ( -34.61277399044069369, 27.41875624868547234, 9.206102678214238111 ) ) ;
#2327 = CARTESIAN_POINT ( 'NONE',  ( 88.53677643279895904, 30.07552512577783688, 15.00000000000000000 ) ) ;
#2328 = CARTESIAN_POINT ( 'NONE',  ( -40.03033238104629277, 47.93140457967846402, 8.874938784326493746 ) ) ;
#2329 = CARTESIAN_POINT ( 'NONE',  ( 13.76695010954719756, 18.52930591104844993, 7.652782398938951403 ) ) ;
#2330 = ADVANCED_FACE ( 'NONE', ( #1483 ), #2461, .F. ) ;
#2331 = CARTESIAN_POINT ( 'NONE',  ( 81.15228404696922837, 15.98501197340938873, 5.308092771764918005 ) ) ;
#2332 = CARTESIAN_POINT ( 'NONE',  ( -28.96265296642375375, 48.71794005162296060, 14.99999999999999645 ) ) ;
#2333 = CARTESIAN_POINT ( 'NONE',  ( 60.35089558262760079, 49.48171022047215217, 0.2692298392019213393 ) ) ;
#2334 = ADVANCED_FACE ( 'NONE', ( #1848 ), #1244, .T. ) ;
#2335 = CYLINDRICAL_SURFACE ( 'NONE', #3192, 1.000000000000000888 ) ;
#2336 = ORIENTED_EDGE ( 'NONE', *, *, #97, .F. ) ;
#2337 = CARTESIAN_POINT ( 'NONE',  ( -9.550504142775571026, 17.04002388496705223, 17.36887558329157244 ) ) ;
#2338 = CARTESIAN_POINT ( 'NONE',  ( -29.25551623892739883, 25.21515200245764632, 15.00000000000000000 ) ) ;
#2339 = CARTESIAN_POINT ( 'NONE',  ( -32.11250404311172701, 27.28918616566470945, 8.197304077965805291 ) ) ;
#2340 = CARTESIAN_POINT ( 'NONE',  ( -30.82175525646072245, 49.43619418804212273, 15.00000000000000000 ) ) ;
#2341 = FACE_OUTER_BOUND ( 'NONE', #559, .T. ) ;
#2342 = CARTESIAN_POINT ( 'NONE',  ( -29.31402589794854308, 25.63985076989747469, 14.99248590309040807 ) ) ;
#2343 = CARTESIAN_POINT ( 'NONE',  ( 88.30414560420037162, 17.93694717808338623, 9.017026311464997335 ) ) ;
#2344 = CARTESIAN_POINT ( 'NONE',  ( -43.81891093147406480, 42.17095497248936908, 11.81318861806876086 ) ) ;
#2345 = CARTESIAN_POINT ( 'NONE',  ( -38.29422705485947631, 43.58656775116061510, 8.539725075739088567 ) ) ;
#2346 = EDGE_CURVE ( 'NONE', #1020, #1217, #208, .T. ) ;
#2347 = CARTESIAN_POINT ( 'NONE',  ( -22.86738353138063218, 47.87519205435254577, 13.34328722307540005 ) ) ;
#2348 = CARTESIAN_POINT ( 'NONE',  ( 71.22481793437290776, 47.12934562432669594, 1.965421188473600367 ) ) ;
#2349 = CARTESIAN_POINT ( 'NONE',  ( 41.81853361831892357, 45.32516673453440603, 15.00000000000000000 ) ) ;
#2350 = ORIENTED_EDGE ( 'NONE', *, *, #2060, .T. ) ;
#2351 = CARTESIAN_POINT ( 'NONE',  ( -9.656368290656825337, 25.03836038416512011, 12.05330956982806434 ) ) ;
#2352 =( BOUNDED_SURFACE ( )  B_SPLINE_SURFACE ( 3, 2, ( 
 ( #2778, #68, #835 ),
 ( #2491, #817, #1530 ),
 ( #765, #566, #2507 ),
 ( #2236, #303, #1285 ) ),
 .UNSPECIFIED., .F., .F., .F. ) 
 B_SPLINE_SURFACE_WITH_KNOTS ( ( 4, 4 ),
 ( 3, 3 ),
 ( 0.05152950089653342974, 0.05494856512664775261 ),
 ( 0.000000000000000000, 1.000000000000000000 ),
 .UNSPECIFIED. ) 
 GEOMETRIC_REPRESENTATION_ITEM ( )  RATIONAL_B_SPLINE_SURFACE ( (
 ( 1.000000000000000000, 0.7071067811865476838, 1.000000000000000000),
 ( 1.000000000000000000, 0.7071067811865476838, 1.000000000000000000),
 ( 1.000000000000000000, 0.7071067811865476838, 1.000000000000000000),
 ( 1.000000000000000000, 0.7071067811865476838, 1.000000000000000000) ) ) 
 REPRESENTATION_ITEM ( '' )  SURFACE ( )  );
#2353 = CARTESIAN_POINT ( 'NONE',  ( 42.03828598880777889, 12.58485761356741861, 15.00000000000000000 ) ) ;
#2354 = CARTESIAN_POINT ( 'NONE',  ( -35.64049106785413557, 29.15646027945927443, 8.252121186260430008 ) ) ;
#2355 = CARTESIAN_POINT ( 'NONE',  ( -44.17042367523624335, 39.82418828688678758, 15.00000000000000000 ) ) ;
#2356 = CARTESIAN_POINT ( 'NONE',  ( -38.72584454137432175, 48.72963409422442993, 8.605153095870061719 ) ) ;
#2357 = CARTESIAN_POINT ( 'NONE',  ( -25.31543952791612639, 24.45138971774635550, 12.89420548905582464 ) ) ;
#2358 = CARTESIAN_POINT ( 'NONE',  ( -29.25551623892739883, 49.70918215124755335, 14.89205770564679554 ) ) ;
#2359 = B_SPLINE_CURVE_WITH_KNOTS ( 'NONE', 3,
 ( #620, #407, #1600, #392, #1371, #902, #2583, #376, #2370, #2113, #1871, #647, #156, #1886, #1929, #471, #704, #487, #239, #2926, #1676, #2208, #1224, #2192, #997, #933, #721, #3144, #1451, #1467, #980, #3159 ),
 .UNSPECIFIED., .F., .F.,
 ( 4, 2, 2, 2, 2, 2, 2, 2, 2, 2, 2, 2, 2, 2, 2, 4 ),
 ( 3.469446951953614189E-18, 0.005368009530396377835, 0.01073601906079275220, 0.01610402859118912483, 0.02147203812158550093, 0.03220805718237824966, 0.04294407624317099492, 0.04831208577356736755, 0.05368009530396374018, 0.06441611436475648544, 0.07515213342554921683, 0.08052014295594557558, 0.08186214533854467568, 0.08320414772114376190, 0.08454615010374286199, 0.08588815248634194821 ),
 .UNSPECIFIED. ) ;
#2360 = CARTESIAN_POINT ( 'NONE',  ( 78.04636502160252576, 14.59563634989435421, 4.058055164532664350 ) ) ;
#2361 = CARTESIAN_POINT ( 'NONE',  ( -24.32837003940167975, 25.26288726024889542, 13.61158251102459005 ) ) ;
#2362 = CARTESIAN_POINT ( 'NONE',  ( -39.05694230276216672, 44.24933289369679557, 8.671987036509300140 ) ) ;
#2363 = CARTESIAN_POINT ( 'NONE',  ( 0.4709702505904448944, 46.05446681406186116, 10.77014764320968609 ) ) ;
#2364 = CARTESIAN_POINT ( 'NONE',  ( 63.97423043148113919, 48.27184680377219905, 0.6463526190397694826 ) ) ;
#2365 = DIRECTION ( 'NONE',  ( 0.000000000000000000, -1.000000000000000000, 0.000000000000000000 ) ) ;
#2366 = ORIENTED_EDGE ( 'NONE', *, *, #941, .F. ) ;
#2367 = CARTESIAN_POINT ( 'NONE',  ( 55.63030110107261805, 14.73264785390579590, 15.32514323755042973 ) ) ;
#2368 = CARTESIAN_POINT ( 'NONE',  ( 90.82957632475874732, 39.55250778555882363, 11.84062010682907307 ) ) ;
#2369 = CARTESIAN_POINT ( 'NONE',  ( -44.17176235972097942, 39.23050566490340429, 15.14779098011586811 ) ) ;
#2370 = CARTESIAN_POINT ( 'NONE',  ( -10.01204457751461874, 47.43124867528803890, 10.65245206752515195 ) ) ;
#2371 = CARTESIAN_POINT ( 'NONE',  ( -39.24532193079858189, 47.38884711336608291, 8.707035655188333223 ) ) ;
#2372 = CARTESIAN_POINT ( 'NONE',  ( -5.240439770383799711, 21.37787796796601469, 9.133239631941842518 ) ) ;
#2373 = PRESENTATION_LAYER_ASSIGNMENT (  '', '', ( #532 ) ) ;
#2374 = DIRECTION ( 'NONE',  ( 0.000000000000000000, 0.000000000000000000, -1.000000000000000000 ) ) ;
#2375 = CARTESIAN_POINT ( 'NONE',  ( -42.50181809670555566, 44.40277649159073547, 9.912435812427382587 ) ) ;
#2376 = ORIENTED_EDGE ( 'NONE', *, *, #1624, .F. ) ;
#2377 = CARTESIAN_POINT ( 'NONE',  ( -40.04640196474245784, 43.58709152799356445, 8.890712323844182308 ) ) ;
#2378 = CARTESIAN_POINT ( 'NONE',  ( -27.80865471321831350, 49.09048005984418239, 13.63880102833791241 ) ) ;
#2379 = CARTESIAN_POINT ( 'NONE',  ( 58.04491110284982369, 49.89628433839246213, 0.1097999682841525187 ) ) ;
#2380 = LINE ( 'NONE', #1850, #1347 ) ;
#2381 = EDGE_LOOP ( 'NONE', ( #1014, #1538, #1584, #705 ) ) ;
#2382 = CARTESIAN_POINT ( 'NONE',  ( 35.56762836940789896, 18.32247393044768202, 12.05112965508921441 ) ) ;
#2383 = CARTESIAN_POINT ( 'NONE',  ( -44.17042367523624335, 39.84491314829713104, 0.9999999999999974465 ) ) ;
#2384 = CARTESIAN_POINT ( 'NONE',  ( -44.17016481794434668, 39.17127911290914710, 15.08681594297241091 ) ) ;
#2385 = CARTESIAN_POINT ( 'NONE',  ( 73.36493374421999647, 14.30958837244656223, 3.554452149081450685 ) ) ;
#2386 = CARTESIAN_POINT ( 'NONE',  ( 90.82957632475870469, 22.29470213354695218, 11.84062010682905175 ) ) ;
#2387 = CARTESIAN_POINT ( 'NONE',  ( -10.47406393025943849, 22.19300126331774337, 10.80949757400190414 ) ) ;
#2388 = CARTESIAN_POINT ( 'NONE',  ( 51.27131114143148949, 48.27968647252895096, 1.897353801849632760E-16 ) ) ;
#2389 = ADVANCED_FACE ( 'NONE', ( #2647 ), #1425, .F. ) ;
#2390 = CARTESIAN_POINT ( 'NONE',  ( -44.00650244018034130, 41.47433517281849902, 12.63026195755575110 ) ) ;
#2391 = ORIENTED_EDGE ( 'NONE', *, *, #1932, .T. ) ;
#2392 = CARTESIAN_POINT ( 'NONE',  ( 19.08200940901057407, 48.95620214006245874, 9.325281736340802041 ) ) ;
#2393 = CARTESIAN_POINT ( 'NONE',  ( -6.732067725258474411, 47.21228988009935534, 11.13827621516686506 ) ) ;
#2394 = CARTESIAN_POINT ( 'NONE',  ( 54.43834761962414603, 49.72427565926803084, -0.005717815619839379700 ) ) ;
#2395 = CARTESIAN_POINT ( 'NONE',  ( 51.13789534448082463, 49.27078332650491177, 1.000000000000001332 ) ) ;
#2396 = CARTESIAN_POINT ( 'NONE',  ( 12.22811508114745394, 46.56417529640857111, 5.258714141257092578 ) ) ;
#2397 = CARTESIAN_POINT ( 'NONE',  ( 48.98064834926130118, 13.06150158331374200, 14.25210646263452219 ) ) ;
#2398 = SURFACE_STYLE_FILL_AREA ( #2638 ) ;
#2399 = CARTESIAN_POINT ( 'NONE',  ( -29.25551623892739173, 25.21515200435775128, 15.00000000000000000 ) ) ;
#2400 = CARTESIAN_POINT ( 'NONE',  ( 54.79642345647332036, 15.55202481392578306, 0.000000000000000000 ) ) ;
#2401 = ORIENTED_EDGE ( 'NONE', *, *, #286, .T. ) ;
#2402 = CARTESIAN_POINT ( 'NONE',  ( -44.11805942265939962, 40.86396395427935602, 13.68663364036769892 ) ) ;
#2403 = CARTESIAN_POINT ( 'NONE',  ( -12.12226865457033398, 23.24276492542291805, 11.27827652387706436 ) ) ;
#2404 = CARTESIAN_POINT ( 'NONE',  ( -37.91131057778309810, 49.09979680339723984, 9.439622371171360271 ) ) ;
#2405 = CARTESIAN_POINT ( 'NONE',  ( 34.44839677465434136, 15.98749282030179231, 1.257418567874044601 ) ) ;
#2406 = CARTESIAN_POINT ( 'NONE',  ( -43.89157445911913413, 41.93334200666524936, 12.07873210865394853 ) ) ;
#2407 = CARTESIAN_POINT ( 'NONE',  ( 19.07899559959724911, 48.47495655674084958, 9.120943561433104918 ) ) ;
#2408 = CARTESIAN_POINT ( 'NONE',  ( 16.78340170891841510, 46.60485163130282871, 9.261383808301252074 ) ) ;
#2409 = CARTESIAN_POINT ( 'NONE',  ( 47.57885769044179369, 48.76068613275138119, 1.060580886052168159 ) ) ;
#2410 = CARTESIAN_POINT ( 'NONE',  ( -12.43818152249473208, 49.02925930429154278, 5.693752097400674117 ) ) ;
#2411 = CARTESIAN_POINT ( 'NONE',  ( 55.63030110107261095, 14.62669178093818090, 14.36629634284085455 ) ) ;
#2412 = SURFACE_STYLE_USAGE ( .BOTH. , #2651 ) ;
#2413 = CARTESIAN_POINT ( 'NONE',  ( -44.17112800716115828, 39.21613001786410280, 15.07775835657652941 ) ) ;
#2414 = CARTESIAN_POINT ( 'NONE',  ( 46.83892244998394716, 15.62960063232656616, 12.82668461740003885 ) ) ;
#2415 = ORIENTED_EDGE ( 'NONE', *, *, #1716, .F. ) ;
#2416 = CARTESIAN_POINT ( 'NONE',  ( -42.16254044449525651, 45.84152800881815892, 9.665327042854604755 ) ) ;
#2417 = B_SPLINE_SURFACE_WITH_KNOTS ( 'NONE', 3, 1, ( 
 ( #307, #539 ),
 ( #1290, #22 ),
 ( #1306, #769 ),
 ( #1735, #1515 ),
 ( #3032, #1254 ),
 ( #555, #2977 ),
 ( #2546, #1788 ) ),
 .UNSPECIFIED., .F., .F., .F.,
 ( 4, 1, 1, 1, 4 ),
 ( 2, 2 ),
 ( 0.002562221799933218566, 0.2574513467827290736, 0.2669903835719162344, 0.3361232851228891372, 1.000000000000000000 ),
 ( 0.000000000000000000, 1.000000000000000000 ),
 .UNSPECIFIED. ) ;
#2418 = CARTESIAN_POINT ( 'NONE',  ( -42.15873989068687422, 45.84253077424536826, 10.39937209083677416 ) ) ;
#2419 = CARTESIAN_POINT ( 'NONE',  ( 68.10790003179377550, 15.26664755748833002, 1.289971681132788150 ) ) ;
#2420 = CARTESIAN_POINT ( 'NONE',  ( 48.91961426092611731, 16.44726582340414112, 15.04538032670149583 ) ) ;
#2421 = ADVANCED_FACE ( 'NONE', ( #84 ), #2794, .F. ) ;
#2422 = VECTOR ( 'NONE', #1955, 1000.000000000000000 ) ;
#2423 = CARTESIAN_POINT ( 'NONE',  ( 55.63030110107261805, 49.79469041395697815, 14.62403997395380273 ) ) ;
#2424 = CARTESIAN_POINT ( 'NONE',  ( 31.27977208562428402, 47.16295976072910889, 10.05715437370250598 ) ) ;
#2425 = EDGE_CURVE ( 'NONE', #2771, #15, #2523, .T. ) ;
#2426 = CARTESIAN_POINT ( 'NONE',  ( 54.68243711612888092, 49.75119077998921568, 0.8684285142415931746 ) ) ;
#2427 = CARTESIAN_POINT ( 'NONE',  ( 48.06200355913752276, 48.82339541486770429, 1.036019045021616680 ) ) ;
#2428 = ORIENTED_EDGE ( 'NONE', *, *, #2532, .T. ) ;
#2429 = CARTESIAN_POINT ( 'NONE',  ( 12.42122924842336396, 24.11697859833404323, 9.109384720784737155 ) ) ;
#2430 = B_SPLINE_CURVE_WITH_KNOTS ( 'NONE', 3,
 ( #2675, #492, #2180, #1199, #2949, #936, #2404, #12, #3193, #242, #2212, #458, #2451, #2229, #2418, #2916, #2931, #1229, #1986, #984, #742, #2197, #1726, #2707, #953, #507, #1488, #209, #2466, #259, #191, #1934, #710, #1692, #2966, #2164 ),
 .UNSPECIFIED., .F., .F.,
 ( 4, 2, 2, 2, 2, 2, 2, 2, 2, 2, 2, 2, 2, 2, 2, 2, 2, 4 ),
 ( 1.726775089391460546E-08, 0.002202805489577340427, 0.003304199600490563375, 0.004405593711403786757, 0.005506987822317009271, 0.006608381933230232652, 0.008811170155056677680, 0.009912564265969902796, 0.01101395837688312444, 0.01211535248779634782, 0.01321674659870957121, 0.01431814070962279459, 0.01541953482053601797, 0.01652092893144923788, 0.01707162598690585564, 0.01734697451463416279, 0.01748464877849831983, 0.01762232304236247341 ),
 .UNSPECIFIED. ) ;
#2431 = CARTESIAN_POINT ( 'NONE',  ( -44.05604091468634920, 38.13649505888630387, 12.97789699492796700 ) ) ;
#2432 = CARTESIAN_POINT ( 'NONE',  ( 16.54817504351746393, 19.03764349202622697, 8.702594090510928027 ) ) ;
#2433 = VERTEX_POINT ( 'NONE', #1802 ) ;
#2434 = CARTESIAN_POINT ( 'NONE',  ( -42.58265455673189592, 44.29750151468397235, 9.978623265205190052 ) ) ;
#2435 = CARTESIAN_POINT ( 'NONE',  ( 55.65421940446509552, 48.83885248239896981, 0.01801367598497819258 ) ) ;
#2436 = FACE_OUTER_BOUND ( 'NONE', #2862, .T. ) ;
#2437 = CARTESIAN_POINT ( 'NONE',  ( 70.38315341834722005, 14.27913763874467890, 2.808105357971196980 ) ) ;
#2438 = CARTESIAN_POINT ( 'NONE',  ( -9.681733749020596136, 26.40147816640638467, 13.68957009055638885 ) ) ;
#2439 = VERTEX_POINT ( 'NONE', #285 ) ;
#2440 = CARTESIAN_POINT ( 'NONE',  ( 3.349192971010239717, 45.94044883239345012, 10.59003749293151309 ) ) ;
#2441 = CARTESIAN_POINT ( 'NONE',  ( 51.30095545600510576, 48.71427953215403761, 13.91731437632577695 ) ) ;
#2442 = CARTESIAN_POINT ( 'NONE',  ( 88.53677643279895904, 29.94866170733001098, 9.161181879992781774 ) ) ;
#2443 = FACE_OUTER_BOUND ( 'NONE', #2232, .T. ) ;
#2444 = CARTESIAN_POINT ( 'NONE',  ( -44.00530352834945802, 35.69544002702163965, 15.00000000000000000 ) ) ;
#2445 = CARTESIAN_POINT ( 'NONE',  ( -29.25551623892739528, 48.92935625849188597, 14.89040823050785001 ) ) ;
#2446 = CARTESIAN_POINT ( 'NONE',  ( -27.35546862059375073, 24.77045956298440288, 9.107485225608298762 ) ) ;
#2447 = CARTESIAN_POINT ( 'NONE',  ( -3.684114485384788029, 21.99062838327287395, 9.927177657301015756 ) ) ;
#2448 = ORIENTED_EDGE ( 'NONE', *, *, #35, .T. ) ;
#2449 = CARTESIAN_POINT ( 'NONE',  ( -43.56545980670700402, 43.24916435852467345, 11.15850477805175522 ) ) ;
#2450 = CARTESIAN_POINT ( 'NONE',  ( 61.91058426724049468, 47.88808463294167694, 0.4116731296123198880 ) ) ;
#2451 = CARTESIAN_POINT ( 'NONE',  ( -41.22973921002138553, 46.93616738786500520, 10.05507100960479150 ) ) ;
#2452 = CARTESIAN_POINT ( 'NONE',  ( -18.12320955732457861, 23.37412746920669449, 6.943644038796657370 ) ) ;
#2453 = CARTESIAN_POINT ( 'NONE',  ( -29.25551623892739528, 25.73879606437818168, 15.02591799207938195 ) ) ;
#2454 = VERTEX_POINT ( 'NONE', #1768 ) ;
#2455 = CARTESIAN_POINT ( 'NONE',  ( 88.40785070698242976, 30.55598146130214943, 9.082564805100675542 ) ) ;
#2456 = CARTESIAN_POINT ( 'NONE',  ( -24.35292757390790896, 47.45250301765573653, 13.72758375621554627 ) ) ;
#2457 = CARTESIAN_POINT ( 'NONE',  ( 54.51369809700016589, 49.73591684221938891, 13.63981612859398496 ) ) ;
#2458 = CARTESIAN_POINT ( 'NONE',  ( 54.68128364031794320, 49.75106746664991419, 1.000000000000001332 ) ) ;
#2459 = CARTESIAN_POINT ( 'NONE',  ( -34.50933864777273641, 49.88609274076018352, 8.217475927810877323 ) ) ;
#2460 = CARTESIAN_POINT ( 'NONE',  ( 55.63030110107261095, 14.68773102959335297, 14.39558378006033479 ) ) ;
#2461 = PLANE ( 'NONE',  #2018 ) ;
#2462 = CARTESIAN_POINT ( 'NONE',  ( 50.19336461115251780, 15.34162788853191728, 13.43234207486876564 ) ) ;
#2463 = ORIENTED_EDGE ( 'NONE', *, *, #750, .T. ) ;
#2464 = CARTESIAN_POINT ( 'NONE',  ( -42.76679826302412124, 44.93232158748264027, 10.08931938999860023 ) ) ;
#2465 = CARTESIAN_POINT ( 'NONE',  ( 90.90381089662555780, 40.17073019532197264, 10.68055600513609527 ) ) ;
#2466 = CARTESIAN_POINT ( 'NONE',  ( -44.15814474660479760, 40.32228180988690269, 14.42582472445121056 ) ) ;
#2467 = CARTESIAN_POINT ( 'NONE',  ( 4.526324651476631544, 19.87602798220095579, 5.979732332645653514 ) ) ;
#2468 = CARTESIAN_POINT ( 'NONE',  ( -29.25551623892739528, 25.71193210829879305, 15.73787577656938730 ) ) ;
#2469 = ORIENTED_EDGE ( 'NONE', *, *, #2185, .T. ) ;
#2470 = CARTESIAN_POINT ( 'NONE',  ( 71.13972278091310386, 45.15039891234891911, 15.00000000000000000 ) ) ;
#2471 = VECTOR ( 'NONE', #79, 1000.000000000000000 ) ;
#2472 = CARTESIAN_POINT ( 'NONE',  ( 87.00358046016130231, 17.96636968454438943, 8.252760843233362564 ) ) ;
#2473 = AXIS2_PLACEMENT_3D ( 'NONE', #18, #2747, #2059 ) ;
#2474 = CARTESIAN_POINT ( 'NONE',  ( 29.70964931340211024, 17.48190410222099089, 1.895551288196851036 ) ) ;
#2475 = CARTESIAN_POINT ( 'NONE',  ( 1.362370674792471315, 46.80450188444140025, 5.203801300052439238 ) ) ;
#2476 = CARTESIAN_POINT ( 'NONE',  ( -44.17003459305501423, 39.16835515137894674, 15.00000000000000000 ) ) ;
#2477 = CARTESIAN_POINT ( 'NONE',  ( -29.25551623892740238, 48.84055879384833077, 15.00000000946449497 ) ) ;
#2478 = CARTESIAN_POINT ( 'NONE',  ( -44.16925824726576622, 39.15198797110221562, 14.99999999999999467 ) ) ;
#2479 = CARTESIAN_POINT ( 'NONE',  ( 9.778293343852922703, 19.99245460383562900, 8.644211260847882272 ) ) ;
#2480 = ORIENTED_EDGE ( 'NONE', *, *, #2532, .F. ) ;
#2481 = CARTESIAN_POINT ( 'NONE',  ( -44.17017449125585671, 39.90324354156353337, 14.98105477152886422 ) ) ;
#2482 = CARTESIAN_POINT ( 'NONE',  ( 85.30975379023578853, 43.99496605329838417, 7.314255543165939066 ) ) ;
#2483 = CARTESIAN_POINT ( 'NONE',  ( -9.563592429034709852, 51.20012352401209199, 17.10453985769007090 ) ) ;
#2484 = CARTESIAN_POINT ( 'NONE',  ( 43.25617151404497918, 15.23167173931556739, 11.25186335515067171 ) ) ;
#2485 = CARTESIAN_POINT ( 'NONE',  ( 2.312957648003078237, 20.21202377143639950, 5.140269362395674335 ) ) ;
#2486 = CARTESIAN_POINT ( 'NONE',  ( -24.42685828349369714, 22.49119313550700738, 16.45038230421489445 ) ) ;
#2487 = EDGE_LOOP ( 'NONE', ( #2415, #531 ) ) ;
#2488 = CARTESIAN_POINT ( 'NONE',  ( 56.67020722839745872, 49.89725879057670710, 0.05062960508889290112 ) ) ;
#2489 = B_SPLINE_CURVE_WITH_KNOTS ( 'NONE', 3,
 ( #150, #1396, #1824, #2813, #2107, #629, #2123, #3108, #1625, #2094, #2607, #3061, #1097, #642, #3075, #1837, #1582, #1366, #1595, #2799, #1380, #2079, #2349, #897, #613, #867, #602, #2576 ),
 .UNSPECIFIED., .F., .F.,
 ( 4, 2, 2, 2, 2, 2, 2, 2, 2, 2, 2, 2, 2, 4 ),
 ( 0.0003174853089456554627, 0.005709061654581393079, 0.01110063800021712961, 0.01649221434585287221, 0.02188379069148860614, 0.02727536703712434354, 0.03266694338276008441, 0.04345009607403155227, 0.04884167241966728967, 0.05423324876530302707, 0.06501640145657451575, 0.07579955414784599055, 0.08119113049348171407, 0.08658270683911743759 ),
 .UNSPECIFIED. ) ;
#2490 = CARTESIAN_POINT ( 'NONE',  ( 42.31082326196113286, 49.25163295436854582, 18.48163186868129060 ) ) ;
#2491 = CARTESIAN_POINT ( 'NONE',  ( 53.58249862231041050, 14.60199832465329806, 1.000000000000000888 ) ) ;
#2492 = CARTESIAN_POINT ( 'NONE',  ( -31.11748284728068725, 26.85761846433934963, 8.200597157170355089 ) ) ;
#2493 = CARTESIAN_POINT ( 'NONE',  ( -14.75654732092023735, 47.80195835745458055, 7.476478605163006996 ) ) ;
#2494 = CARTESIAN_POINT ( 'NONE',  ( 89.24710069683808911, 41.79827360849797913, 9.597560513240210867 ) ) ;
#2495 = CARTESIAN_POINT ( 'NONE',  ( -25.14662567135474447, 47.78032957746002296, 7.942693145824974543 ) ) ;
#2496 = CARTESIAN_POINT ( 'NONE',  ( -44.11704584107444305, 38.53692779901530230, 13.72159660463367459 ) ) ;
#2497 = CARTESIAN_POINT ( 'NONE',  ( 90.82957632475871890, 39.55250778555879521, 11.84062010682906241 ) ) ;
#2498 = EDGE_LOOP ( 'NONE', ( #274, #2336, #90, #1729 ) ) ;
#2499 = CARTESIAN_POINT ( 'NONE',  ( -44.17015439295204970, 39.89437414670141635, 14.97107203255351138 ) ) ;
#2500 = CARTESIAN_POINT ( 'NONE',  ( 19.07205866042924569, 47.26916641165567512, 8.796715404184086040 ) ) ;
#2501 = CARTESIAN_POINT ( 'NONE',  ( -21.16965541903308079, 23.83702199077528761, 8.408053803548620309 ) ) ;
#2502 = CARTESIAN_POINT ( 'NONE',  ( 48.95871611548886193, 15.55424731638851199, 13.19457880660964122 ) ) ;
#2503 = EDGE_LOOP ( 'NONE', ( #2516, #2897, #671, #922, #1723 ) ) ;
#2504 = CARTESIAN_POINT ( 'NONE',  ( 43.59879712242327798, 15.91316737677725435, 12.27126016396551478 ) ) ;
#2505 = ADVANCED_FACE ( 'NONE', ( #2730 ), #2352, .T. ) ;
#2506 = CARTESIAN_POINT ( 'NONE',  ( -24.32185542118064348, 49.10651983169213253, 16.99665486417499949 ) ) ;
#2507 = CARTESIAN_POINT ( 'NONE',  ( 52.43872166855516070, 15.65762000197010906, 1.301042606982605321E-15 ) ) ;
#2508 = EDGE_CURVE ( 'NONE', #194, #1154, #1637, .T. ) ;
#2509 = DIRECTION ( 'NONE',  ( 0.000000000000000000, 1.000000000000000000, 0.000000000000000000 ) ) ;
#2510 = CARTESIAN_POINT ( 'NONE',  ( -40.75679674089969495, 33.35886520517368581, 9.086428570588056530 ) ) ;
#2511 = PLANE ( 'NONE',  #2110 ) ;
#2512 = CARTESIAN_POINT ( 'NONE',  ( -26.96822700757455848, 25.31849133463504131, 14.30528156381867966 ) ) ;
#2513 = CARTESIAN_POINT ( 'NONE',  ( -21.61108548976212873, 47.40868166926615146, 7.497825653889748310 ) ) ;
#2514 = CARTESIAN_POINT ( 'NONE',  ( -26.28585846137933046, 24.59316754188471066, 9.033265852041182598 ) ) ;
#2515 = CARTESIAN_POINT ( 'NONE',  ( 68.03609347307209987, 47.48329600053525468, 2.268488965929146950 ) ) ;
#2516 = ORIENTED_EDGE ( 'NONE', *, *, #1330, .F. ) ;
#2517 = CARTESIAN_POINT ( 'NONE',  ( -44.17046969752215801, 39.83564806534783997, 15.00492466762991839 ) ) ;
#2518 = APPLICATION_PROTOCOL_DEFINITION ( 'draft international standard', 'automotive_design', 1998, #3120 ) ;
#2519 = CARTESIAN_POINT ( 'NONE',  ( 19.06741225356282143, 46.38688363403853998, 8.699309897800379332 ) ) ;
#2520 = CARTESIAN_POINT ( 'NONE',  ( -23.43576245367061262, 24.17627499431200278, 7.771617849895348762 ) ) ;
#2521 = DIRECTION ( 'NONE',  ( -0.000000000000000000, -0.000000000000000000, -1.000000000000000000 ) ) ;
#2522 = CARTESIAN_POINT ( 'NONE',  ( 52.60823075770514379, 14.64894359893850684, 13.59897976914785467 ) ) ;
#2523 = B_SPLINE_CURVE_WITH_KNOTS ( 'NONE', 3,
 ( #551, #1564, #1043, #2287, #783, #2973, #1250, #2303, #2543, #2472, #1318, #2029, #3028, #1820, #3009, #2012, #1784, #2763, #1077, #2991, #2526, #584, #1748, #1545, #1268, #3043, #2255, #1006, #335, #266 ),
 .UNSPECIFIED., .F., .F.,
 ( 4, 2, 2, 2, 2, 2, 2, 2, 2, 2, 2, 2, 2, 2, 4 ),
 ( 3.878959614448864246E-18, 0.001291483839279904426, 0.002582967678559804948, 0.005165935357119598621, 0.006457419196399498060, 0.007748903035679397498, 0.01033187071423923020, 0.01291483839279906377, 0.01549780607135889735, 0.01808077374991872918, 0.02066374142847856449, 0.02582967678559822469, 0.03099561214271788837, 0.03616154749983759714, 0.04132748285695730245 ),
 .UNSPECIFIED. ) ;
#2524 = CARTESIAN_POINT ( 'NONE',  ( -9.485084529772104034, 44.53385618026528192, 12.07775367663901456 ) ) ;
#2525 = EDGE_CURVE ( 'NONE', #108, #280, #780, .T. ) ;
#2526 = CARTESIAN_POINT ( 'NONE',  ( 75.64595904517095448, 15.39847170133525900, 3.227715081038063705 ) ) ;
#2527 = DIRECTION ( 'NONE',  ( -0.000000000000000000, -0.000000000000000000, -1.000000000000000000 ) ) ;
#2528 = CARTESIAN_POINT ( 'NONE',  ( -28.51942055038400881, 26.03885840930315254, 8.172024497930575393 ) ) ;
#2529 = EDGE_CURVE ( 'NONE', #2970, #868, #1511, .T. ) ;
#2530 = CARTESIAN_POINT ( 'NONE',  ( -14.96910827690919810, 46.80542718801188329, 6.484834856569094086 ) ) ;
#2531 = CARTESIAN_POINT ( 'NONE',  ( 91.77006255437193261, 39.96488222838694071, 11.27363153566654930 ) ) ;
#2532 = EDGE_CURVE ( 'NONE', #1099, #108, #1984, .T. ) ;
#2533 = LINE ( 'NONE', #805, #51 ) ;
#2534 = CARTESIAN_POINT ( 'NONE',  ( 5.907714694356139162, 45.85384840067705881, 10.44681058659914008 ) ) ;
#2535 = CARTESIAN_POINT ( 'NONE',  ( 61.47147794015121747, 49.07901774462386868, 1.339705638112851371 ) ) ;
#2536 = VERTEX_POINT ( 'NONE', #1334 ) ;
#2537 = CARTESIAN_POINT ( 'NONE',  ( -39.05540732797165759, 42.44862401630017956, 8.671685787702889670 ) ) ;
#2538 = CARTESIAN_POINT ( 'NONE',  ( 21.92187757746101084, 17.43460211680357830, 8.098589295002016186 ) ) ;
#2539 = CARTESIAN_POINT ( 'NONE',  ( -32.52050543269663763, 26.37395928520744448, 9.197294680357776642 ) ) ;
#2540 = LINE ( 'NONE', #2775, #2471 ) ;
#2541 = CARTESIAN_POINT ( 'NONE',  ( 51.68750095446308279, 15.21019830080849289, 13.71699808914085494 ) ) ;
#2542 = CARTESIAN_POINT ( 'NONE',  ( -9.490510966986279939, 45.01697846643968148, 11.67516726346143230 ) ) ;
#2543 = CARTESIAN_POINT ( 'NONE',  ( 87.65955566617572003, 18.36035964849735791, 8.633545810994812442 ) ) ;
#2544 = LINE ( 'NONE', #54, #624 ) ;
#2545 = CARTESIAN_POINT ( 'NONE',  ( 46.91995087378487028, 15.94676642965952773, 0.07345293036497183015 ) ) ;
#2546 = CARTESIAN_POINT ( 'NONE',  ( -33.96574429572994092, 49.81885843669754621, 15.00000000000000000 ) ) ;
#2547 = CARTESIAN_POINT ( 'NONE',  ( 86.73677643279897609, 30.07552512577787240, 8.102311689819392981 ) ) ;
#2548 = CARTESIAN_POINT ( 'NONE',  ( 60.66009753661980142, 49.38248400680324579, 1.272212223294993283 ) ) ;
#2549 = ORIENTED_EDGE ( 'NONE', *, *, #2153, .F. ) ;
#2550 = CARTESIAN_POINT ( 'NONE',  ( -44.17033798076451490, 39.76939061580552703, 14.99062317077694750 ) ) ;
#2551 = B_SPLINE_CURVE_WITH_KNOTS ( 'NONE', 3,
 ( #2561, #1610, #1641, #2592, #2621, #386, #3091, #1081, #882, #2065 ),
 .UNSPECIFIED., .F., .F.,
 ( 4, 2, 2, 2, 4 ),
 ( -4.759999976454209808E-05, 0.0003470028966145127878, 0.0007416057929935677279, 0.001136208689372622451, 0.001530811585751677391 ),
 .UNSPECIFIED. ) ;
#2552 = CARTESIAN_POINT ( 'NONE',  ( -29.25551623892739883, 48.78017030590559955, 15.15196355034296261 ) ) ;
#2553 = CARTESIAN_POINT ( 'NONE',  ( -33.04657374273496373, 26.61321260347691364, 8.194244810661301059 ) ) ;
#2554 = CARTESIAN_POINT ( 'NONE',  ( 55.63030110107261095, 14.66366402555587989, 14.38257222055757367 ) ) ;
#2555 = CARTESIAN_POINT ( 'NONE',  ( 55.25110332074695663, 14.85628820423968754, 14.41496863597128275 ) ) ;
#2556 = CARTESIAN_POINT ( 'NONE',  ( 75.53483913210507694, 15.39291402037848400, 3.191867284771956470 ) ) ;
#2557 = CARTESIAN_POINT ( 'NONE',  ( 90.82957632475873311, 39.55250778555879521, 15.00000000000000000 ) ) ;
#2558 = CARTESIAN_POINT ( 'NONE',  ( 49.80445275547636896, 48.47599499475902718, 13.65279559076569349 ) ) ;
#2559 = CARTESIAN_POINT ( 'NONE',  ( 60.95443216526047792, 49.27648705239575833, 1.294647696759806843 ) ) ;
#2560 = CARTESIAN_POINT ( 'NONE',  ( -24.35384853537349414, 47.91806498342302945, 16.94308155213353473 ) ) ;
#2561 = CARTESIAN_POINT ( 'NONE',  ( 54.74542672906344620, 14.55303849486862866, 0.9999999999999988898 ) ) ;
#2562 = EDGE_CURVE ( 'NONE', #3125, #1982, #1557, .T. ) ;
#2563 = CARTESIAN_POINT ( 'NONE',  ( 14.70469773641962163, 25.27990187228851937, 15.00000000000000888 ) ) ;
#2564 = ORIENTED_EDGE ( 'NONE', *, *, #619, .T. ) ;
#2565 = CARTESIAN_POINT ( 'NONE',  ( 48.91961426092611731, 16.44726582340414112, 15.04538032670149583 ) ) ;
#2566 = SURFACE_SIDE_STYLE ('',( #296 ) ) ;
#2567 = CARTESIAN_POINT ( 'NONE',  ( -44.18039803234069041, 39.61955227874626928, 15.00000000000000000 ) ) ;
#2568 = CARTESIAN_POINT ( 'NONE',  ( -42.10555272188974385, 33.83702258606987812, 10.37055476101070361 ) ) ;
#2569 = ADVANCED_FACE ( 'NONE', ( #99 ), #3116, .T. ) ;
#2570 = CARTESIAN_POINT ( 'NONE',  ( -29.25551623892739528, 49.26968459363934016, 15.25674173518609678 ) ) ;
#2571 = CARTESIAN_POINT ( 'NONE',  ( 38.27128453195150826, 15.64556182261916994, 10.42669803213283508 ) ) ;
#2572 = CARTESIAN_POINT ( 'NONE',  ( 42.29019905459914952, 51.48455508421105975, 14.36802120257378057 ) ) ;
#2573 = CARTESIAN_POINT ( 'NONE',  ( 85.54401304364176895, 16.35172149746280823, 8.360855348810224186 ) ) ;
#2574 = PLANE ( 'NONE',  #3090 ) ;
#2575 = CARTESIAN_POINT ( 'NONE',  ( 76.05290089198420844, 45.75448105348289829, 3.341724744518746792 ) ) ;
#2576 = CARTESIAN_POINT ( 'NONE',  ( 55.63030110107261805, 49.26135788540010196, 14.99999859384042189 ) ) ;
#2577 = AXIS2_PLACEMENT_3D ( 'NONE', #3098, #1902, #1843 ) ;
#2578 = ORIENTED_EDGE ( 'NONE', *, *, #2060, .F. ) ;
#2579 = CARTESIAN_POINT ( 'NONE',  ( 12.42646687338569400, 28.06149539798838077, 14.55421416700641579 ) ) ;
#2580 = VECTOR ( 'NONE', #157, 1000.000000000000000 ) ;
#2581 = CARTESIAN_POINT ( 'NONE',  ( -27.15940211468642218, 24.73150456456279755, 13.36930075397207140 ) ) ;
#2582 = CARTESIAN_POINT ( 'NONE',  ( -42.09967676079289589, 34.87281136957538052, 9.659854188591033619 ) ) ;
#2583 = CARTESIAN_POINT ( 'NONE',  ( -15.33259966784527606, 47.84750250228398727, 11.23482543061592587 ) ) ;
#2584 = CARTESIAN_POINT ( 'NONE',  ( -35.29341570358273117, 48.78152643223326379, 8.239347083484993561 ) ) ;
#2585 = CARTESIAN_POINT ( 'NONE',  ( -29.12071359719112706, 25.17622011297584095, 14.58980243890730932 ) ) ;
#2586 = EDGE_CURVE ( 'NONE', #280, #229, #903, .T. ) ;
#2587 = CARTESIAN_POINT ( 'NONE',  ( 84.79818930263583354, 16.05281403139483132, 7.988470772236369477 ) ) ;
#2588 = CARTESIAN_POINT ( 'NONE',  ( -36.90328048073504164, 48.43202002304305864, 8.360484640327804584 ) ) ;
#2589 = CARTESIAN_POINT ( 'NONE',  ( -38.62274779997344609, 44.07300486407733331, 8.593446334141015441 ) ) ;
#2590 = CARTESIAN_POINT ( 'NONE',  ( -26.32869282502020525, 48.92541205945261140, 13.85727126936155251 ) ) ;
#2591 = CARTESIAN_POINT ( 'NONE',  ( 76.12744200579642495, 46.72424129449902352, 3.366344799965144130 ) ) ;
#2592 = CARTESIAN_POINT ( 'NONE',  ( 54.75521385399552798, 14.67921866967825650, 0.4961110141871327150 ) ) ;
#2593 = ORIENTED_EDGE ( 'NONE', *, *, #100, .T. ) ;
#2594 = CARTESIAN_POINT ( 'NONE',  ( -29.25551623892739528, 25.53520036748619404, 14.90513684741846490 ) ) ;
#2595 = SPHERICAL_SURFACE ( 'NONE', #365, 1.000000000000000000 ) ;
#2596 = CARTESIAN_POINT ( 'NONE',  ( -41.10314922201163768, 32.58014110754725579, 9.185505679553154224 ) ) ;
#2597 = CARTESIAN_POINT ( 'NONE',  ( 91.49694093792932392, 21.44141464842874001, 11.71094774213323220 ) ) ;
#2598 = CARTESIAN_POINT ( 'NONE',  ( -29.25551623892739883, 49.83592895721697857, 15.18244593946947774 ) ) ;
#2599 = CARTESIAN_POINT ( 'NONE',  ( -37.67970060057211867, 48.16665715478385579, 8.449557151716344805 ) ) ;
#2600 = CARTESIAN_POINT ( 'NONE',  ( -23.10861762396227093, 24.12696044823102426, 12.35514068211489835 ) ) ;
#2601 = CARTESIAN_POINT ( 'NONE',  ( 87.29782436021604042, 17.26559041652377147, 8.420988904969016531 ) ) ;
#2602 = CARTESIAN_POINT ( 'NONE',  ( -38.87767250315809520, 47.62639612333833128, 8.629447333759767247 ) ) ;
#2603 = CARTESIAN_POINT ( 'NONE',  ( -29.25551623892739883, 49.25555129212973071, 15.00000000000000000 ) ) ;
#2604 = CARTESIAN_POINT ( 'NONE',  ( -28.03887747765261906, 48.66298705321125340, 14.57146594150339247 ) ) ;
#2605 = EDGE_CURVE ( 'NONE', #229, #2771, #468, .T. ) ;
#2606 = CARTESIAN_POINT ( 'NONE',  ( 63.73168806078173532, 47.33443746582090483, 0.6154292247488891698 ) ) ;
#2607 = CARTESIAN_POINT ( 'NONE',  ( -4.505807410565195070, 43.22525147237539045, 15.00000000000000533 ) ) ;
#2608 = ORIENTED_EDGE ( 'NONE', *, *, #1521, .F. ) ;
#2609 = CARTESIAN_POINT ( 'NONE',  ( 35.57822460211659177, 15.04811306584155695, 18.09498367203713798 ) ) ;
#2610 = DIRECTION ( 'NONE',  ( -0.8240855012871827201, 0.000000000000000000, -0.5664654328096753177 ) ) ;
#2611 = CARTESIAN_POINT ( 'NONE',  ( -43.57716393534374077, 36.90195183497739606, 11.18835720544989876 ) ) ;
#2612 = CARTESIAN_POINT ( 'NONE',  ( 82.96970842487195341, 15.46400710091509190, 7.119352201638884381 ) ) ;
#2613 = CARTESIAN_POINT ( 'NONE',  ( -38.63428599616403858, 47.73461975417099978, 8.593414807960250812 ) ) ;
#2614 = CARTESIAN_POINT ( 'NONE',  ( -25.80813076344124468, 24.52368176465272143, 13.72322556943147198 ) ) ;
#2615 = CARTESIAN_POINT ( 'NONE',  ( 80.48777980638479335, 14.92100231117360032, 5.022944724783158676 ) ) ;
#2616 = CARTESIAN_POINT ( 'NONE',  ( -44.16982300003837736, 39.91832440125543258, 14.93961789995646328 ) ) ;
#2617 = VERTEX_POINT ( 'NONE', #2086 ) ;
#2618 = CARTESIAN_POINT ( 'NONE',  ( -38.38616895972880627, 43.80625782480704800, 8.554305393029814297 ) ) ;
#2619 = CARTESIAN_POINT ( 'NONE',  ( -17.51188792162292884, 48.03868790112846199, 12.27359672545231994 ) ) ;
#2620 = CARTESIAN_POINT ( 'NONE',  ( 72.60744262961797801, 47.02296066313205358, 3.329155309633288429 ) ) ;
#2621 = CARTESIAN_POINT ( 'NONE',  ( 54.75933888045744169, 14.75363505419030119, 0.3846910431111750239 ) ) ;
#2622 = VERTEX_POINT ( 'NONE', #425 ) ;
#2623 = CARTESIAN_POINT ( 'NONE',  ( -24.32465936384950922, 25.35228588018791740, 13.66699418596928162 ) ) ;
#2624 = B_SPLINE_CURVE_WITH_KNOTS ( 'NONE', 3,
 ( #2845, #1447, #1669, #1158 ),
 .UNSPECIFIED., .F., .F.,
 ( 4, 4 ),
 ( 0.000000000000000000, 0.004587011979382612549 ),
 .UNSPECIFIED. ) ;
#2625 = VECTOR ( 'NONE', #437, 1000.000000000000000 ) ;
#2626 = CARTESIAN_POINT ( 'NONE',  ( -30.81823390719426214, 25.25269311973528730, 0.9999999999999974465 ) ) ;
#2627 = CARTESIAN_POINT ( 'NONE',  ( -44.16773752847181100, 39.12055561200355669, 14.87702687043639749 ) ) ;
#2628 = CARTESIAN_POINT ( 'NONE',  ( 85.90457365994669203, 16.51469198617996526, 8.544670537006695099 ) ) ;
#2629 = CARTESIAN_POINT ( 'NONE',  ( 51.10840195499658023, 49.26655788815197923, 1.000000000000000888 ) ) ;
#2630 = CARTESIAN_POINT ( 'NONE',  ( -24.78078337553434807, 25.03158807951201226, 13.75034795229431595 ) ) ;
#2631 = CARTESIAN_POINT ( 'NONE',  ( 56.17742483288538580, 14.49141643923973888, 1.021261368288713500 ) ) ;
#2632 = CARTESIAN_POINT ( 'NONE',  ( -44.15986556236020277, 40.25247539649133444, 14.42603738716218054 ) ) ;
#2633 = CARTESIAN_POINT ( 'NONE',  ( -9.493626862235009511, 45.29020513480791266, 11.50382604349657001 ) ) ;
#2634 = CARTESIAN_POINT ( 'NONE',  ( -29.09836079352886529, 49.23740617484273940, 14.06483703134102825 ) ) ;
#2635 = CARTESIAN_POINT ( 'NONE',  ( 55.63030110107263226, 49.83789526612973475, 13.90762782793193075 ) ) ;
#2636 = CARTESIAN_POINT ( 'NONE',  ( 6.740048208460576618, 46.64519110007097424, 4.798524070103002970 ) ) ;
#2637 = CARTESIAN_POINT ( 'NONE',  ( -29.25551623892739528, 25.06566518764472562, 14.85173423423646355 ) ) ;
#2638 = FILL_AREA_STYLE ('',( #1658 ) ) ;
#2639 = CARTESIAN_POINT ( 'NONE',  ( -44.16989617476142627, 39.16453265922565663, 14.94176386305287352 ) ) ;
#2640 = CARTESIAN_POINT ( 'NONE',  ( 78.25657890929485916, 14.61882771016728100, 5.165434981425319982 ) ) ;
#2641 = CARTESIAN_POINT ( 'NONE',  ( -44.15880515380961668, 40.30819020035551858, 14.39127055554882695 ) ) ;
#2642 = CARTESIAN_POINT ( 'NONE',  ( -21.33218235176474664, 23.86100315127518101, 11.97560986276257999 ) ) ;
#2643 = CARTESIAN_POINT ( 'NONE',  ( 70.60839986263225398, 14.28085042407343686, 1.835481679641346009 ) ) ;
#2644 = CARTESIAN_POINT ( 'NONE',  ( -43.06955735476485359, 43.64713129617489784, 10.41908130469680493 ) ) ;
#2645 = VERTEX_POINT ( 'NONE', #888 ) ;
#2646 = CARTESIAN_POINT ( 'NONE',  ( 42.34169307610488886, 48.73633481555623348, 12.08114350405468684 ) ) ;
#2647 = FACE_OUTER_BOUND ( 'NONE', #2381, .T. ) ;
#2648 = CARTESIAN_POINT ( 'NONE',  ( 53.49590925102336314, 49.62434398211571107, 1.000000000000001332 ) ) ;
#2649 = CARTESIAN_POINT ( 'NONE',  ( 51.78940572054897729, 48.35619887414331686, -0.007509566241538844986 ) ) ;
#2650 = CARTESIAN_POINT ( 'NONE',  ( -9.636388152647915817, 23.89927574687960288, 11.14416967883118303 ) ) ;
#2651 = SURFACE_SIDE_STYLE ('',( #2398 ) ) ;
#2652 = CARTESIAN_POINT ( 'NONE',  ( -43.40528866326401669, 36.05568872047236084, 11.30686997862580156 ) ) ;
#2653 = CARTESIAN_POINT ( 'NONE',  ( 41.79896761192502197, 16.07713512539232781, 11.97293737379632184 ) ) ;
#2654 = ORIENTED_EDGE ( 'NONE', *, *, #1617, .T. ) ;
#2655 = CARTESIAN_POINT ( 'NONE',  ( -43.75694438804650588, 42.66882399199952403, 11.63148454375739504 ) ) ;
#2656 =( LENGTH_UNIT ( ) NAMED_UNIT ( * ) SI_UNIT ( .MILLI., .METRE. ) );
#2657 = EDGE_CURVE ( 'NONE', #1281, #615, #1939, .T. ) ;
#2658 = CARTESIAN_POINT ( 'NONE',  ( -27.01745716513632800, 25.89434665832092719, 14.99999999999998934 ) ) ;
#2659 = CARTESIAN_POINT ( 'NONE',  ( 34.56261687732980903, 15.97627537684044619, 2.238932389233938558 ) ) ;
#2660 = CARTESIAN_POINT ( 'NONE',  ( 55.63030110107261095, 14.76632049189994156, 14.44934690041494108 ) ) ;
#2661 = ADVANCED_FACE ( 'NONE', ( #2341 ), #1803, .T. ) ;
#2662 = CARTESIAN_POINT ( 'NONE',  ( -29.25551623892739883, 49.70918215124755335, 14.89205770564679554 ) ) ;
#2663 = CARTESIAN_POINT ( 'NONE',  ( 51.26610852714296840, 49.28878861839824310, 13.65110258044248681 ) ) ;
#2664 = CARTESIAN_POINT ( 'NONE',  ( 53.61705564830794657, 48.63190232389312939, 1.301042606982605321E-15 ) ) ;
#2665 = CARTESIAN_POINT ( 'NONE',  ( -44.17042367523624335, 15.51996108067987734, 15.00000000000000000 ) ) ;
#2666 = CARTESIAN_POINT ( 'NONE',  ( 12.41523402127503140, 19.39037735967191267, 6.575897169478370330 ) ) ;
#2667 = CARTESIAN_POINT ( 'NONE',  ( -43.66950144558098401, 36.70483325910421257, 11.38601284928556723 ) ) ;
#2668 = CARTESIAN_POINT ( 'NONE',  ( 45.15943524542621645, 15.77450617418558032, 12.53672716883835747 ) ) ;
#2669 = ORIENTED_EDGE ( 'NONE', *, *, #97, .T. ) ;
#2670 = CARTESIAN_POINT ( 'NONE',  ( -43.56166677429269640, 43.25516875010027462, 11.53239933722231392 ) ) ;
#2671 = CARTESIAN_POINT ( 'NONE',  ( 59.07369127664309616, 48.79981351115884536, 0.1718449159445633034 ) ) ;
#2672 = B_SPLINE_SURFACE_WITH_KNOTS ( 'NONE', 3, 1, ( 
 ( #123, #2383 ),
 ( #110, #2864 ),
 ( #1342, #3079 ),
 ( #2111, #2626 ),
 ( #2834, #857 ),
 ( #2353, #2127 ),
 ( #900, #1161 ),
 ( #1869, #632 ) ),
 .UNSPECIFIED., .F., .F., .F.,
 ( 4, 1, 1, 1, 1, 4 ),
 ( 2, 2 ),
 ( 0.000000000000000000, 0.07656969210473296705, 0.1682948849294029214, 0.1717157788930887552, 0.8395923591494283134, 0.9982597522374583310 ),
 ( 0.000000000000000000, 1.000000000000000000 ),
 .UNSPECIFIED. ) ;
#2673 = CARTESIAN_POINT ( 'NONE',  ( 55.63030110107261805, 49.97274693907731091, 15.64602256598102770 ) ) ;
#2674 = AXIS2_PLACEMENT_3D ( 'NONE', #3105, #1593, #611 ) ;
#2675 = CARTESIAN_POINT ( 'NONE',  ( -33.96576170302369491, 49.81885878188140282, 9.206159487898345262 ) ) ;
#2676 = CARTESIAN_POINT ( 'NONE',  ( 63.06090070474727582, 15.30807707991253608, 0.5184584936807418165 ) ) ;
#2677 = CARTESIAN_POINT ( 'NONE',  ( 12.42550668815097126, 27.66646918565033531, 18.80894902866545593 ) ) ;
#2678 = EDGE_LOOP ( 'NONE', ( #2919, #2952 ) ) ;
#2679 = VECTOR ( 'NONE', #1176, 1000.000000000000000 ) ;
#2680 = EDGE_CURVE ( 'NONE', #738, #1930, #105, .T. ) ;
#2681 = CARTESIAN_POINT ( 'NONE',  ( 55.63030110107261805, 50.26537473060221828, 14.95027286408522826 ) ) ;
#2682 = CARTESIAN_POINT ( 'NONE',  ( 20.41433791848900370, 46.67707888227078428, 9.344535225716100513 ) ) ;
#2683 = CARTESIAN_POINT ( 'NONE',  ( -9.199657816266224586, 47.36216301878722845, 6.850910901924676999 ) ) ;
#2684 = CARTESIAN_POINT ( 'NONE',  ( 37.31804340643897433, 47.63551094670071961, 1.928211674448566226 ) ) ;
#2685 = CARTESIAN_POINT ( 'NONE',  ( -24.34767642578380631, 24.78939825341159775, 13.40680539132682902 ) ) ;
#2686 = CARTESIAN_POINT ( 'NONE',  ( -27.08897535681258262, 24.72133043963320631, 9.091156985375517863 ) ) ;
#2687 = CARTESIAN_POINT ( 'NONE',  ( -10.36685859549094602, 22.98422188325375615, 10.98055327173433859 ) ) ;
#2688 = ORIENTED_EDGE ( 'NONE', *, *, #2296, .F. ) ;
#2689 = CARTESIAN_POINT ( 'NONE',  ( -43.90916278909983106, 41.87209727713883467, 12.14881960219846668 ) ) ;
#2690 = FACE_OUTER_BOUND ( 'NONE', #1258, .T. ) ;
#2691 = CARTESIAN_POINT ( 'NONE',  ( -29.03251189658111286, 25.70001621328620089, 14.99999999997811351 ) ) ;
#2692 = CARTESIAN_POINT ( 'NONE',  ( 63.04430109216581712, 14.30617144929076900, 0.5163845648503209151 ) ) ;
#2693 = CARTESIAN_POINT ( 'NONE',  ( 48.98467704100038134, 13.95112310334868866, 13.07655193793153181 ) ) ;
#2694 = VERTEX_POINT ( 'NONE', #1084 ) ;
#2695 = DIRECTION ( 'NONE',  ( 0.4646026479742464410, 0.8259252321841668021, 0.3193616920309148566 ) ) ;
#2696 = CARTESIAN_POINT ( 'NONE',  ( -29.25551623892739883, 48.80925940543183827, 15.06129602040718218 ) ) ;
#2697 = CARTESIAN_POINT ( 'NONE',  ( 41.98642765062148641, 47.40598693345197745, 12.36605095633736973 ) ) ;
#2698 = CARTESIAN_POINT ( 'NONE',  ( 54.68128364031794320, 49.75106746664991419, 1.000000000000001332 ) ) ;
#2699 = CARTESIAN_POINT ( 'NONE',  ( -44.17042367523624335, 49.02925930429154278, 15.00000000000000000 ) ) ;
#2700 = PLANE ( 'NONE',  #833 ) ;
#2701 = DIRECTION ( 'NONE',  ( 1.000000000000000000, 0.000000000000000000, 0.000000000000000000 ) ) ;
#2702 = CARTESIAN_POINT ( 'NONE',  ( -44.17042367523624335, 39.20113090044864634, 15.00000000000000000 ) ) ;
#2703 = CARTESIAN_POINT ( 'NONE',  ( 36.75651842000112879, 16.56899175803391699, 11.15925687565380997 ) ) ;
#2704 = ORIENTED_EDGE ( 'NONE', *, *, #2680, .T. ) ;
#2705 = CARTESIAN_POINT ( 'NONE',  ( -43.17425603507791010, 44.18088592448649621, 11.03282362090323865 ) ) ;
#2706 = CARTESIAN_POINT ( 'NONE',  ( 53.02952075661251996, 14.62997089966917663, 1.000000000000000888 ) ) ;
#2707 = CARTESIAN_POINT ( 'NONE',  ( -43.98836696944498925, 41.73520258012999307, 12.71815821506881150 ) ) ;
#2708 = CARTESIAN_POINT ( 'NONE',  ( -29.30989601630426833, 25.22347146739205925, 8.193572989072446688 ) ) ;
#2709 = CARTESIAN_POINT ( 'NONE',  ( -24.36236355769974082, 24.18314853804817588, 17.39849067928863136 ) ) ;
#2710 = ORIENTED_EDGE ( 'NONE', *, *, #1059, .T. ) ;
#2711 = CARTESIAN_POINT ( 'NONE',  ( 54.85717583237732953, 49.77200643734545338, 1.002263504121696291 ) ) ;
#2712 = CARTESIAN_POINT ( 'NONE',  ( 55.63030110107261805, 49.42341362166042273, 15.59270198314307265 ) ) ;
#2713 = CARTESIAN_POINT ( 'NONE',  ( 56.19939638198452769, 49.87379066126850802, 14.53925220585615641 ) ) ;
#2714 = CARTESIAN_POINT ( 'NONE',  ( -26.96822700757455848, 25.31849133463504131, 14.30528156381867966 ) ) ;
#2715 = CARTESIAN_POINT ( 'NONE',  ( -32.79345174353299797, 48.66723457917491658, 8.194708782104431322 ) ) ;
#2716 = CARTESIAN_POINT ( 'NONE',  ( 90.25871183355009464, 41.73286314717343970, 10.98750876547543776 ) ) ;
#2717 = FACE_OUTER_BOUND ( 'NONE', #1642, .T. ) ;
#2718 = CARTESIAN_POINT ( 'NONE',  ( -44.06800485297416969, 38.20840539455686979, 13.25678624972488961 ) ) ;
#2719 = CARTESIAN_POINT ( 'NONE',  ( 90.59982352795999816, 41.38461625152553580, 11.19508588087022538 ) ) ;
#2720 = ORIENTED_EDGE ( 'NONE', *, *, #2346, .F. ) ;
#2721 = CARTESIAN_POINT ( 'NONE',  ( -44.17011565235456061, 39.73017699888916354, 14.96778265575283484 ) ) ;
#2722 = CARTESIAN_POINT ( 'NONE',  ( 90.09878990840752522, 41.02412633613769088, 10.14665522770169304 ) ) ;
#2723 = PRODUCT_DEFINITION ( '未知', '', #929, #153 ) ;
#2724 = CARTESIAN_POINT ( 'NONE',  ( -20.28405582767339510, 26.17100693301857461, 15.00000000000000533 ) ) ;
#2725 = CARTESIAN_POINT ( 'NONE',  ( -16.90878255281853271, 24.17723937690163538, 6.754871131414993179 ) ) ;
#2726 = CARTESIAN_POINT ( 'NONE',  ( 12.42315127889071391, 25.58675920506946966, 10.57478787082140670 ) ) ;
#2727 = ORIENTED_EDGE ( 'NONE', *, *, #567, .F. ) ;
#2728 = CARTESIAN_POINT ( 'NONE',  ( 87.42180619482850545, 30.95671873226940463, 8.495498167893458685 ) ) ;
#2729 = CARTESIAN_POINT ( 'NONE',  ( 19.06485157748423021, 45.86411587150014668, 8.700937911801419844 ) ) ;
#2730 = FACE_OUTER_BOUND ( 'NONE', #688, .T. ) ;
#2731 = AXIS2_PLACEMENT_3D ( 'NONE', #179, #1910, #1667 ) ;
#2732 = CARTESIAN_POINT ( 'NONE',  ( 55.63030110107261095, 50.13298917311344383, 14.73722483056467603 ) ) ;
#2733 = CARTESIAN_POINT ( 'NONE',  ( 87.85716534510680731, 29.17599970623647465, 8.751136585282196734 ) ) ;
#2734 = CARTESIAN_POINT ( 'NONE',  ( -14.88683249821390753, 47.81282372207291331, 6.474129331139478083 ) ) ;
#2735 = CARTESIAN_POINT ( 'NONE',  ( 88.64064340205489145, 42.25319972067843111, 9.219571560454820514 ) ) ;
#2736 = CARTESIAN_POINT ( 'NONE',  ( -43.46062721984774413, 36.18306847338460841, 11.38552675514612567 ) ) ;
#2737 = CARTESIAN_POINT ( 'NONE',  ( 41.58481920795891540, 18.00719997685601115, 14.99999999999998224 ) ) ;
#2738 = VERTEX_POINT ( 'NONE', #2295 ) ;
#2739 = CARTESIAN_POINT ( 'NONE',  ( -38.27042367523633715, 43.23032803808634839, 8.536058040146963677 ) ) ;
#2740 =( LENGTH_UNIT ( ) NAMED_UNIT ( * ) SI_UNIT ( .MILLI., .METRE. ) );
#2741 = CARTESIAN_POINT ( 'NONE',  ( 42.38670141714589334, 44.88129825059337463, 16.26770197932130202 ) ) ;
#2742 = CARTESIAN_POINT ( 'NONE',  ( 10.96108470678077573, 18.92582403923969281, 5.364043042307764964 ) ) ;
#2743 = CARTESIAN_POINT ( 'NONE',  ( 12.42169121420565148, 24.47084574384428990, 9.409144328526576118 ) ) ;
#2744 = ORIENTED_EDGE ( 'NONE', *, *, #2089, .T. ) ;
#2745 = CARTESIAN_POINT ( 'NONE',  ( 27.36865959695040473, 17.61820085835050520, 9.691792394764688012 ) ) ;
#2746 = CARTESIAN_POINT ( 'NONE',  ( -9.563592429034709852, 51.20012352401209199, 17.10453985769007090 ) ) ;
#2747 = DIRECTION ( 'NONE',  ( -1.000000000000000000, 0.000000000000000000, 0.000000000000000000 ) ) ;
#2748 = CARTESIAN_POINT ( 'NONE',  ( -29.25551623892739883, 48.83950134430575929, 15.00072400551236029 ) ) ;
#2749 = CARTESIAN_POINT ( 'NONE',  ( -17.34208908242561265, 24.24322335829077346, 6.820569091658154726 ) ) ;
#2750 = CARTESIAN_POINT ( 'NONE',  ( -30.86893844876140136, 49.44332293313230053, 9.201677065516644660 ) ) ;
#2751 = DIRECTION ( 'NONE',  ( -0.000000000000000000, -0.000000000000000000, -1.000000000000000000 ) ) ;
#2752 = CARTESIAN_POINT ( 'NONE',  ( -1.437751927869557633, 46.14760711343691924, 10.90572780631307026 ) ) ;
#2753 = CARTESIAN_POINT ( 'NONE',  ( -14.28254407549911598, 22.78389363774286736, 7.385937672410511468 ) ) ;
#2754 = CARTESIAN_POINT ( 'NONE',  ( 58.15102319612736892, 49.88696352009661439, 1.114452013427019939 ) ) ;
#2755 = ORIENTED_EDGE ( 'NONE', *, *, #518, .F. ) ;
#2756 = CARTESIAN_POINT ( 'NONE',  ( -44.16733144077014828, 40.05130971297601405, 14.75618476145720948 ) ) ;
#2757 = CARTESIAN_POINT ( 'NONE',  ( -24.35723051530392880, 47.31012046471595767, 13.85725099481191158 ) ) ;
#2758 = CARTESIAN_POINT ( 'NONE',  ( 10.99303432818418358, 19.91559849113235003, 4.370163894652932868 ) ) ;
#2759 = CARTESIAN_POINT ( 'NONE',  ( 55.63030110107263226, 49.83789526612973475, 13.90762782793193075 ) ) ;
#2760 = CARTESIAN_POINT ( 'NONE',  ( 41.89522328907233373, 15.33792633326768673, 11.02327593053870380 ) ) ;
#2761 = EDGE_CURVE ( 'NONE', #229, #1571, #1793, .T. ) ;
#2762 = CARTESIAN_POINT ( 'NONE',  ( -29.25551623892739883, 48.88156637136361837, 15.64158179812923777 ) ) ;
#2763 = CARTESIAN_POINT ( 'NONE',  ( 78.85391021252937094, 15.65029777378140352, 4.363876314544766544 ) ) ;
#2764 = CARTESIAN_POINT ( 'NONE',  ( -9.494684536044539769, 45.38350803676736689, 11.44876424265396508 ) ) ;
#2765 = CARTESIAN_POINT ( 'NONE',  ( 51.27128756128788467, 15.71863280927838780, 3.980409523441139063E-07 ) ) ;
#2766 = CARTESIAN_POINT ( 'NONE',  ( -16.69115534469202089, 47.96814080834017346, 6.724196622673989765 ) ) ;
#2767 = DIRECTION ( 'NONE',  ( -1.000000000000000000, 0.000000000000000000, 0.000000000000000000 ) ) ;
#2768 =( NAMED_UNIT ( * ) SI_UNIT ( $, .STERADIAN. ) SOLID_ANGLE_UNIT ( ) );
#2769 = CARTESIAN_POINT ( 'NONE',  ( -6.804400120785182082, 47.21680043029213181, 10.35315381964365322 ) ) ;
#2770 = CARTESIAN_POINT ( 'NONE',  ( 54.68128364031794320, 49.75106746664991419, 1.000000000000001332 ) ) ;
#2771 = VERTEX_POINT ( 'NONE', #826 ) ;
#2772 = CARTESIAN_POINT ( 'NONE',  ( 91.82957632475871890, 39.87882871829902598, 11.84062010682906241 ) ) ;
#2773 = CARTESIAN_POINT ( 'NONE',  ( 37.92483137794152270, 15.67698963963794867, 10.37076217121068389 ) ) ;
#2774 = CARTESIAN_POINT ( 'NONE',  ( -23.28814831742660019, 25.14515048052715329, 7.751595217559757778 ) ) ;
#2775 = CARTESIAN_POINT ( 'NONE',  ( 54.79642867976509990, 161.9999999999999716, -5.421010862427522170E-17 ) ) ;
#2776 = CARTESIAN_POINT ( 'NONE',  ( 16.57919527120558811, 19.03473217432860665, 8.714969981710222413 ) ) ;
#2777 = CARTESIAN_POINT ( 'NONE',  ( 42.39128735818507465, 45.25783034385540304, 13.40781838747929555 ) ) ;
#2778 = CARTESIAN_POINT ( 'NONE',  ( 54.77550339710418825, 14.55177081956417062, 1.000000000000000888 ) ) ;
#2779 = CARTESIAN_POINT ( 'NONE',  ( 55.63030110107261805, 49.79469041395697815, 14.62403997395380273 ) ) ;
#2780 = CARTESIAN_POINT ( 'NONE',  ( 88.33483100820679113, 29.49559405189061678, 9.038186349251201790 ) ) ;
#2781 = CARTESIAN_POINT ( 'NONE',  ( -25.67080597790909380, 47.83763843961493478, 7.994916690466067344 ) ) ;
#2782 = CARTESIAN_POINT ( 'NONE',  ( 91.15818432207019839, 39.86529038839154993, 10.85303456223807039 ) ) ;
#2783 = CARTESIAN_POINT ( 'NONE',  ( 22.84642335275735192, 45.73943321903051640, 2.850804759143889200 ) ) ;
#2784 = CARTESIAN_POINT ( 'NONE',  ( 51.24051744661719709, 15.10536838282119376, 0.2007213233319381229 ) ) ;
#2785 = ORIENTED_EDGE ( 'NONE', *, *, #2562, .T. ) ;
#2786 = CARTESIAN_POINT ( 'NONE',  ( 12.42191434431022223, 24.64286806442233413, 9.567423495518349696 ) ) ;
#2787 = CARTESIAN_POINT ( 'NONE',  ( -9.470059281060038359, 43.01005022868255168, 15.34216810369637152 ) ) ;
#2788 = CARTESIAN_POINT ( 'NONE',  ( -42.70333078760832279, 34.72671561957898945, 10.03061643670391767 ) ) ;
#2789 = CARTESIAN_POINT ( 'NONE',  ( -29.25551623892739528, 25.06566518764472562, 14.85173423423646355 ) ) ;
#2790 = CARTESIAN_POINT ( 'NONE',  ( 43.56125138268508579, 15.20823634544771430, 12.05276312441205810 ) ) ;
#2791 = B_SPLINE_CURVE_WITH_KNOTS ( 'NONE', 3,
 ( #2752, #556, #1535, #3033, #106, #853, #656, #417, #120, #402, #1142, #1352, #1112, #1125 ),
 .UNSPECIFIED., .F., .F.,
 ( 4, 2, 2, 2, 2, 2, 4 ),
 ( 0.05762595470641661277, 0.06470474958851767100, 0.07178354447061872923, 0.07886233935271978746, 0.08240173679377031657, 0.08417143551429559500, 0.08594113423482085956 ),
 .UNSPECIFIED. ) ;
#2792 = CARTESIAN_POINT ( 'NONE',  ( 19.05863132125551118, 38.97548420262019420, 17.51987573624874983 ) ) ;
#2793 = CARTESIAN_POINT ( 'NONE',  ( 76.09203648087647309, 14.43824192228055203, 4.406966594739725629 ) ) ;
#2794 = PLANE ( 'NONE',  #3147 ) ;
#2795 = CARTESIAN_POINT ( 'NONE',  ( -9.500198299023157489, 45.86270134033517820, 11.22101910181124929 ) ) ;
#2796 = EDGE_CURVE ( 'NONE', #1711, #964, #1102, .T. ) ;
#2797 = CARTESIAN_POINT ( 'NONE',  ( -44.16672913313804827, 39.13246280049653336, 14.72395972270004094 ) ) ;
#2798 = CARTESIAN_POINT ( 'NONE',  ( 61.44110008231778863, 49.09172815544923907, 0.3654302213759550444 ) ) ;
#2799 = CARTESIAN_POINT ( 'NONE',  ( 27.71097196297698417, 42.63990057212448903, 14.99999999999999822 ) ) ;
#2800 = CARTESIAN_POINT ( 'NONE',  ( 27.76813514665778371, 21.99042656928337180, 15.00000000000000533 ) ) ;
#2801 = ORIENTED_EDGE ( 'NONE', *, *, #3097, .T. ) ;
#2802 = CARTESIAN_POINT ( 'NONE',  ( 12.42213747441479121, 24.81489038500037836, 9.725702662510126828 ) ) ;
#2803 = ADVANCED_FACE ( 'NONE', ( #3051 ), #2904, .F. ) ;
#2804 = CARTESIAN_POINT ( 'NONE',  ( -9.485084529772104034, 44.53385618026528192, 12.07775367663901456 ) ) ;
#2805 = CARTESIAN_POINT ( 'NONE',  ( -30.58053934203021740, 26.67653112833558282, 8.203094384266858441 ) ) ;
#2806 = CARTESIAN_POINT ( 'NONE',  ( 48.97535172517955004, 14.75020331391710116, 12.85862153102505268 ) ) ;
#2807 = CARTESIAN_POINT ( 'NONE',  ( 14.65961827492284186, 18.40458168255032945, 8.559826823473642321 ) ) ;
#2808 = CARTESIAN_POINT ( 'NONE',  ( 76.34878947201153210, 15.43644403440198865, 3.459012838542026902 ) ) ;
#2809 = CARTESIAN_POINT ( 'NONE',  ( 73.66099440457772118, 14.09750887314176282, 15.00000000000000000 ) ) ;
#2810 = CARTESIAN_POINT ( 'NONE',  ( -29.25551623892740238, 48.84055879384833077, 15.00000000946449497 ) ) ;
#2811 = B_SPLINE_CURVE_WITH_KNOTS ( 'NONE', 3,
 ( #1835, #2136, #1095, #2842, #1580, #639, #2558, #2077, #851, #1699, #195, #730, #2183, #2171, #213, #1666, #680, #2440, #430, #2218 ),
 .UNSPECIFIED., .F., .F.,
 ( 4, 2, 2, 2, 2, 2, 2, 2, 2, 4 ),
 ( -6.000000000560720716E-08, 0.001800752959575502255, 0.003601565919151010226, 0.007203191838302045250, 0.01440644367660411790, 0.02881294735320827707, 0.03601619919151036187, 0.04321945102981244319, 0.05042270286811453145, 0.05762595470641661277 ),
 .UNSPECIFIED. ) ;
#2812 = CARTESIAN_POINT ( 'NONE',  ( 77.74125433943108021, 46.57551190744992908, 3.926240323777439922 ) ) ;
#2813 = CARTESIAN_POINT ( 'NONE',  ( -22.15318664279597272, 46.43788870490585907, 15.00000000000026112 ) ) ;
#2814 = CARTESIAN_POINT ( 'NONE',  ( -11.29650288597708574, 26.33190837551252272, 14.99999999999999645 ) ) ;
#2815 = VERTEX_POINT ( 'NONE', #944 ) ;
#2816 = CARTESIAN_POINT ( 'NONE',  ( 12.42367462172482639, 25.98196634834541996, 11.12303861495543877 ) ) ;
#2817 = EDGE_CURVE ( 'NONE', #1099, #1217, #1464, .T. ) ;
#2818 = CARTESIAN_POINT ( 'NONE',  ( 67.30003568203389364, 49.12636133227525903, 0.2206240242886148561 ) ) ;
#2819 = CARTESIAN_POINT ( 'NONE',  ( -36.13611152082271616, 28.31946018729047054, 9.250948624920610541 ) ) ;
#2820 = CARTESIAN_POINT ( 'NONE',  ( 91.70114297656381552, 21.80442509812596441, 11.84062010682904820 ) ) ;
#2821 = CARTESIAN_POINT ( 'NONE',  ( -34.59872396113340187, 48.83749818331704518, 8.215553389628547976 ) ) ;
#2822 = CARTESIAN_POINT ( 'NONE',  ( -10.61673978890405046, 22.21521111446019603, 10.00703063759473288 ) ) ;
#2823 = CARTESIAN_POINT ( 'NONE',  ( 73.89968100943495699, 15.33016153550578764, 2.692902066743813716 ) ) ;
#2824 = B_SPLINE_CURVE_WITH_KNOTS ( 'NONE', 3,
 ( #57, #2033, #2476, #1534 ),
 .UNSPECIFIED., .F., .F.,
 ( 4, 4 ),
 ( 0.000000000000000000, 4.915674650648120509E-05 ),
 .UNSPECIFIED. ) ;
#2825 = CARTESIAN_POINT ( 'NONE',  ( 54.79642867976509990, 15.55252080458011044, -5.421010862427522170E-17 ) ) ;
#2826 = CARTESIAN_POINT ( 'NONE',  ( -38.93993722529864954, 44.22684381957745359, 8.649974011261789997 ) ) ;
#2827 = CARTESIAN_POINT ( 'NONE',  ( -29.59832238598268006, 49.29513202869312494, 14.68332437145662794 ) ) ;
#2828 = CARTESIAN_POINT ( 'NONE',  ( 85.17088225256733836, 44.92584754902112110, 8.186879515238620897 ) ) ;
#2829 = DIRECTION ( 'NONE',  ( 0.000000000000000000, 0.000000000000000000, -1.000000000000000000 ) ) ;
#2830 = AXIS2_PLACEMENT_3D ( 'NONE', #963, #1484, #2962 ) ;
#2831 = ORIENTED_EDGE ( 'NONE', *, *, #1624, .T. ) ;
#2832 = CARTESIAN_POINT ( 'NONE',  ( 12.41056979747298783, 16.58371364270711368, 25.18637288815948949 ) ) ;
#2833 = COLOUR_RGB ( '',1.000000000000000000, 1.000000000000000000, 1.000000000000000000 ) ;
#2834 = CARTESIAN_POINT ( 'NONE',  ( 5.820631125233425962, 19.92099830993060294, 15.00000000000000000 ) ) ;
#2835 = CARTESIAN_POINT ( 'NONE',  ( -37.14104021378921061, 29.01327123884220427, 8.363468033401224133 ) ) ;
#2836 = CARTESIAN_POINT ( 'NONE',  ( 54.79642867976509990, 15.55252080458011044, -5.421010862427522170E-17 ) ) ;
#2837 = CARTESIAN_POINT ( 'NONE',  ( -34.64353636127903968, 49.83900483379419200, 8.215881807477519061 ) ) ;
#2838 = CARTESIAN_POINT ( 'NONE',  ( -1.516309205056898479, 20.79704288107129528, 9.478383475154588567 ) ) ;
#2839 = EDGE_CURVE ( 'NONE', #3151, #183, #1213, .T. ) ;
#2840 = CARTESIAN_POINT ( 'NONE',  ( 91.58929403787460899, 21.59297958026669306, 11.14718627099563797 ) ) ;
#2841 = CARTESIAN_POINT ( 'NONE',  ( -29.25551623892739528, 25.43562280495003591, 14.86486047057391957 ) ) ;
#2842 = CARTESIAN_POINT ( 'NONE',  ( 53.30483630113781146, 49.04694826007789743, 14.27774160408694115 ) ) ;
#2843 = CARTESIAN_POINT ( 'NONE',  ( -10.37719870125283883, 46.69911996216145411, 11.65775588514040173 ) ) ;
#2844 = CARTESIAN_POINT ( 'NONE',  ( 71.13969627099619686, 46.15457126346228023, 1.944374416967334929 ) ) ;
#2845 = CARTESIAN_POINT ( 'NONE',  ( -44.17042367523624335, 39.84491314829713104, 15.00000000000000000 ) ) ;
#2846 = ORIENTED_EDGE ( 'NONE', *, *, #1895, .T. ) ;
#2847 = CARTESIAN_POINT ( 'NONE',  ( -24.31456399860011786, 25.59219174128273266, 13.85963737137014640 ) ) ;
#2848 = CARTESIAN_POINT ( 'NONE',  ( -44.18016026193215140, 39.39571452165286303, 14.98906432577621750 ) ) ;
#2849 = CARTESIAN_POINT ( 'NONE',  ( -44.14741579129240989, 38.88623428663064630, 14.10068264208325139 ) ) ;
#2850 = CARTESIAN_POINT ( 'NONE',  ( 61.61834929045748055, 14.33221998065329927, 1.371724419337543077 ) ) ;
#2851 = CARTESIAN_POINT ( 'NONE',  ( -36.33302231945808103, 48.58158660614164859, 8.309811477467009766 ) ) ;
#2852 = B_SPLINE_CURVE_WITH_KNOTS ( 'NONE', 3,
 ( #2714, #2220, #1959, #215, #2939, #1189, #1426 ),
 .UNSPECIFIED., .F., .F.,
 ( 4, 1, 1, 1, 4 ),
 ( 0.02761258579625061604, 0.1785101707367824919, 0.5300376096553749417, 0.7655067288412078508, 0.9755168590832535847 ),
 .UNSPECIFIED. ) ;
#2853 = CARTESIAN_POINT ( 'NONE',  ( -27.14834619782220315, 24.73173243223006423, 14.05542655490094184 ) ) ;
#2854 = ADVANCED_FACE ( 'NONE', ( #1719 ), #2700, .T. ) ;
#2855 = CARTESIAN_POINT ( 'NONE',  ( 80.93544270578837541, 15.00131759036672463, 6.225030626357029639 ) ) ;
#2856 = CARTESIAN_POINT ( 'NONE',  ( -43.63208194887008773, 42.65366790699871302, 11.30841712177987191 ) ) ;
#2857 = ORIENTED_EDGE ( 'NONE', *, *, #1528, .T. ) ;
#2858 = CARTESIAN_POINT ( 'NONE',  ( 55.63030110107261805, 49.44197218808296412, 14.72505280598328881 ) ) ;
#2859 = CARTESIAN_POINT ( 'NONE',  ( -27.64156663096818178, 49.07167480656710268, 14.17744718445698560 ) ) ;
#2860 = CARTESIAN_POINT ( 'NONE',  ( 61.55852228090166278, 49.04588293564771817, 1.348208485871663198 ) ) ;
#2861 = CARTESIAN_POINT ( 'NONE',  ( -29.25551623892739528, 48.92935625849188597, 14.89040823050785001 ) ) ;
#2862 = EDGE_LOOP ( 'NONE', ( #403, #2160, #745, #2593, #397, #2941, #2428, #1159, #2323, #2785, #2022, #31, #1144, #1433, #1474, #1491, #543, #2654 ) ) ;
#2863 = CARTESIAN_POINT ( 'NONE',  ( -24.31944658346355226, 25.47682917228686961, 13.75896025819469948 ) ) ;
#2864 = CARTESIAN_POINT ( 'NONE',  ( -44.33592975641833078, 36.10546468253888008, 0.9999999999999974465 ) ) ;
#2865 = CARTESIAN_POINT ( 'NONE',  ( -44.16027768919030905, 38.99222055508771945, 14.53803319875431299 ) ) ;
#2866 = CARTESIAN_POINT ( 'NONE',  ( -32.39158367967936414, 49.62415885399358473, 15.00000000000000000 ) ) ;
#2867 = CARTESIAN_POINT ( 'NONE',  ( -36.48646418887392429, 49.55502320835850583, 9.306775434657994950 ) ) ;
#2868 = CARTESIAN_POINT ( 'NONE',  ( -26.24919602247100414, 24.58751187395582249, 13.83061828737952403 ) ) ;
#2869 = CARTESIAN_POINT ( 'NONE',  ( 66.43297464890417814, 15.27141787654669436, 0.9930013227034979462 ) ) ;
#2870 = CARTESIAN_POINT ( 'NONE',  ( 12.42256802905080804, 25.14306010592580165, 10.05342581423539094 ) ) ;
#2871 = ORIENTED_EDGE ( 'NONE', *, *, #1185, .T. ) ;
#2872 = CARTESIAN_POINT ( 'NONE',  ( 42.34306433149593119, 48.65158190859661147, 12.06811420553710690 ) ) ;
#2873 = CARTESIAN_POINT ( 'NONE',  ( -29.37643390145683853, 49.26944712352872813, 14.62602439278854227 ) ) ;
#2874 = CARTESIAN_POINT ( 'NONE',  ( 54.87659191842715956, 49.77405123073238258, 0.0003977867381428340900 ) ) ;
#2875 = CARTESIAN_POINT ( 'NONE',  ( 44.47797353107647922, 48.37748380353073685, 1.262747409338855320 ) ) ;
#2876 = CARTESIAN_POINT ( 'NONE',  ( 55.63030110107261095, 14.58902474434495034, 14.35321696822808235 ) ) ;
#2877 =( GEOMETRIC_REPRESENTATION_CONTEXT ( 3 ) GLOBAL_UNCERTAINTY_ASSIGNED_CONTEXT ( ( #389 ) ) GLOBAL_UNIT_ASSIGNED_CONTEXT ( ( #3157, #2206, #1239 ) ) REPRESENTATION_CONTEXT ( 'NONE', 'WORKASPACE' ) );
#2878 = CARTESIAN_POINT ( 'NONE',  ( -33.99136270694390305, 49.61857109865088944, 8.591456457238724198 ) ) ;
#2879 = CARTESIAN_POINT ( 'NONE',  ( -44.17589683148909785, 39.34211281527402093, 15.63642117526041453 ) ) ;
#2880 = CARTESIAN_POINT ( 'NONE',  ( -33.96574429572994092, 49.81885843669754621, 15.00000000000000000 ) ) ;
#2881 = CARTESIAN_POINT ( 'NONE',  ( -37.67399421790962322, 49.19358496316731078, 8.446222806032665176 ) ) ;
#2882 = CARTESIAN_POINT ( 'NONE',  ( -4.969113893685400463, 22.18333944936522073, 10.10985238546541787 ) ) ;
#2883 = AXIS2_PLACEMENT_3D ( 'NONE', #493, #476, #2374 ) ;
#2884 = CARTESIAN_POINT ( 'NONE',  ( 68.10664288197932592, 14.26644085349867019, 1.289564712397982094 ) ) ;
#2885 = CARTESIAN_POINT ( 'NONE',  ( -39.49459996190809363, 47.25180145127545472, 8.749824039524177977 ) ) ;
#2886 = CARTESIAN_POINT ( 'NONE',  ( -29.25551623892739883, 48.83950134430575929, 15.00072400551236029 ) ) ;
#2887 = CARTESIAN_POINT ( 'NONE',  ( 14.96684657300131782, 46.58644000777516681, 9.252587764831048389 ) ) ;
#2888 = B_SPLINE_CURVE_WITH_KNOTS ( 'NONE', 3,
 ( #1310, #542, #1324, #1051 ),
 .UNSPECIFIED., .F., .F.,
 ( 4, 4 ),
 ( 0.000000000000000000, 0.001027965220355040463 ),
 .UNSPECIFIED. ) ;
#2889 = ADVANCED_FACE ( 'NONE', ( #1753 ), #1771, .T. ) ;
#2890 = CARTESIAN_POINT ( 'NONE',  ( -25.07789773693063751, 48.78984686419205730, 8.951765088578810037 ) ) ;
#2891 = CARTESIAN_POINT ( 'NONE',  ( -36.84795550201608449, 49.02925930429154278, 7.949715274160109146 ) ) ;
#2892 = CARTESIAN_POINT ( 'NONE',  ( -24.33026090806094999, 25.21701712302770915, 13.58573813553396903 ) ) ;
#2893 = EDGE_CURVE ( 'NONE', #2251, #3151, #2824, .T. ) ;
#2894 = SURFACE_STYLE_FILL_AREA ( #2223 ) ;
#2895 = CARTESIAN_POINT ( 'NONE',  ( -44.17116899204137326, 39.19369253888253013, 15.08228309446524662 ) ) ;
#2896 = CARTESIAN_POINT ( 'NONE',  ( 19.93105452141582745, 18.57775682038020904, 8.907515763579153756 ) ) ;
#2897 = ORIENTED_EDGE ( 'NONE', *, *, #2425, .F. ) ;
#2898 = CARTESIAN_POINT ( 'NONE',  ( -44.06175527519467749, 41.17876279360685032, 13.01575744847194116 ) ) ;
#2899 = CARTESIAN_POINT ( 'NONE',  ( 77.75459921673162000, 45.60236320954581402, 3.932795367197806424 ) ) ;
#2900 = FACE_BOUND ( 'NONE', #1826, .T. ) ;
#2901 = DIRECTION ( 'NONE',  ( -0.000000000000000000, -0.000000000000000000, -1.000000000000000000 ) ) ;
#2902 = CARTESIAN_POINT ( 'NONE',  ( 91.82957632475871890, 39.55250778555879521, 15.00000000000000000 ) ) ;
#2903 = ORIENTED_EDGE ( 'NONE', *, *, #1663, .T. ) ;
#2904 = B_SPLINE_SURFACE_WITH_KNOTS ( 'NONE', 3, 3, ( 
 ( #1071, #2982, #2310, #2786, #1740, #1015, #2004 ),
 ( #3002, #1776, #560, #2802, #122, #1127, #644 ),
 ( #3077, #2623, #2082, #1597, #1145, #605, #2109 ),
 ( #1612, #2863, #631, #3064, #2382, #1585, #856 ),
 ( #2594, #2847, #2351, #2816, #137, #3094, #1840 ),
 ( #2125, #1827, #616, #2579, #373, #419, #168 ),
 ( #152, #899, #1114, #869, #884, #2565, #3110 ),
 ( #1883, #1627, #842, #1853, #1354, #1868, #2367 ),
 ( #658, #1643, #2096, #2832, #2609, #355, #1398 ),
 ( #404, #1382, #2337, #1160, #2141, #388, #1340 ),
 ( #2324, #109, #1100, #1368, #1222, #2397, #2188 ),
 ( #1192, #251, #235, #3141, #718, #501, #913 ),
 ( #2637, #1656, #975, #2666, #466, #3170, #1448 ),
 ( #1898, #2685, #1481, #484, #1206, #1429, #2876 ),
 ( #930, #960, #2205, #1671, #1927, #434, #2411 ),
 ( #734, #2156, #2650, #2429, #684, #219, #1238 ),
 ( #1942, #3126, #184, #1913, #2924, #1961, #2460 ),
 ( #672, #2892, #1703, #451, #701, #200, #2175 ) ),
 .UNSPECIFIED., .T., .F., .F.,
 ( 4, 1, 1, 1, 1, 2, 2, 2, 1, 1, 1, 1, 4 ),
 ( 4, 1, 1, 1, 4 ),
 ( 0.000000000000000000, 0.01249999999999995559, 0.02499999999999991118, 0.03750000000000008882, 0.05000000000000004441, 0.2500000000000000000, 0.5000000000000000000, 0.7500000000000000000, 0.9499999999999999556, 0.9625000000000000222, 0.9749999999999999778, 0.9875000000000000444, 1.000000000000000000 ),
 ( 0.000000000000000000, 0.1785101707367824919, 0.5300376096553749417, 0.7655067288412079618, 1.000000000000000000 ),
 .UNSPECIFIED. ) ;
#2905 = CARTESIAN_POINT ( 'NONE',  ( -9.494684536044539769, 45.38350803676736689, 11.44876424265396508 ) ) ;
#2906 = CARTESIAN_POINT ( 'NONE',  ( 27.58937667632061519, 46.94303868700360738, 10.51560158762076114 ) ) ;
#2907 = CARTESIAN_POINT ( 'NONE',  ( -13.62220504667743448, 47.70881864445665599, 7.336473687030403035 ) ) ;
#2908 = CARTESIAN_POINT ( 'NONE',  ( -31.81454551310598688, 49.02925930429154278, 8.293628859069601234 ) ) ;
#2909 = CARTESIAN_POINT ( 'NONE',  ( -29.25551623892739883, 25.21515200245764632, 15.00000000000000000 ) ) ;
#2910 = DIRECTION ( 'NONE',  ( -0.000000000000000000, -0.000000000000000000, -1.000000000000000000 ) ) ;
#2911 = CARTESIAN_POINT ( 'NONE',  ( -44.16223711516344963, 39.06049046930029789, 14.51129730055154710 ) ) ;
#2912 = ADVANCED_FACE ( 'NONE', ( #1998 ), #2417, .F. ) ;
#2913 = CARTESIAN_POINT ( 'NONE',  ( -8.697683478136875479, 22.73695687713205515, 10.70436247300389709 ) ) ;
#2914 = CARTESIAN_POINT ( 'NONE',  ( -44.14127851389687152, 40.60452515502701232, 13.94355423402816818 ) ) ;
#2915 = CARTESIAN_POINT ( 'NONE',  ( 63.93455144912163490, 47.28287692556165922, 0.6413733361254753129 ) ) ;
#2916 = CARTESIAN_POINT ( 'NONE',  ( -42.56303975160221142, 45.26512118703239196, 10.59771496753787723 ) ) ;
#2917 = CARTESIAN_POINT ( 'NONE',  ( 71.42928159724034742, 15.28572190853870438, 2.031564270381187587 ) ) ;
#2918 = CARTESIAN_POINT ( 'NONE',  ( -24.31944658346355226, 25.47682917228686961, 13.75896025819469948 ) ) ;
#2919 = ORIENTED_EDGE ( 'NONE', *, *, #2041, .F. ) ;
#2920 = CARTESIAN_POINT ( 'NONE',  ( -9.524591900039563797, 47.95660608591864360, 10.65970333118174018 ) ) ;
#2921 = CARTESIAN_POINT ( 'NONE',  ( 27.66795988798732253, 46.94676133585505795, 9.729151191254615583 ) ) ;
#2922 = CARTESIAN_POINT ( 'NONE',  ( -33.07611278266953292, 49.70931920099447154, 9.196578232126659813 ) ) ;
#2923 = CARTESIAN_POINT ( 'NONE',  ( 51.27131114144090418, 15.51996108067987734, -1.575752332436120007E-13 ) ) ;
#2924 = CARTESIAN_POINT ( 'NONE',  ( 35.56546106982454347, 17.85413547090882602, 11.60696916915424026 ) ) ;
#2925 = CARTESIAN_POINT ( 'NONE',  ( -43.90707690092885684, 37.46745789510902114, 12.40694857259525286 ) ) ;
#2926 = CARTESIAN_POINT ( 'NONE',  ( 38.13112558091712856, 47.71047081415302671, 10.86065212260904111 ) ) ;
#2927 = EDGE_LOOP ( 'NONE', ( #2391, #2215, #2463, #1508 ) ) ;
#2928 = CARTESIAN_POINT ( 'NONE',  ( -41.67480519217022561, 45.37369608706728030, 9.441627590780386825 ) ) ;
#2929 = CARTESIAN_POINT ( 'NONE',  ( 54.79642867976509990, 48.75579176088336197, -5.421010862427522170E-17 ) ) ;
#2930 = B_SPLINE_CURVE_WITH_KNOTS ( 'NONE', 3,
 ( #2759, #846, #1280, #1104, #1588, #1575, #830, #1830 ),
 .UNSPECIFIED., .F., .F.,
 ( 4, 2, 2, 4 ),
 ( 0.000000000000000000, 0.0002338095091456734271, 0.0004676190182913468542, 0.0009352380365827028157 ),
 .UNSPECIFIED. ) ;
#2931 = CARTESIAN_POINT ( 'NONE',  ( -42.74745129841692659, 44.96922088747234625, 10.70459413680323024 ) ) ;
#2932 = CARTESIAN_POINT ( 'NONE',  ( 61.34227680707378028, 14.33803378556072694, 0.3387447457271771656 ) ) ;
#2933 = CARTESIAN_POINT ( 'NONE',  ( -24.44214045220834208, 22.15795542882082003, 15.19568755399185278 ) ) ;
#2934 = ORIENTED_EDGE ( 'NONE', *, *, #1856, .T. ) ;
#2935 = CARTESIAN_POINT ( 'NONE',  ( 88.53677643279894482, 30.07552512577785109, 9.161181879992771115 ) ) ;
#2936 = EDGE_CURVE ( 'NONE', #1083, #2068, #1527, .T. ) ;
#2937 = CARTESIAN_POINT ( 'NONE',  ( -9.500198299023157489, 45.86270134033517820, 11.22101910181124929 ) ) ;
#2938 = CARTESIAN_POINT ( 'NONE',  ( 31.17362637431714489, 47.15564196597991042, 10.82681235838395217 ) ) ;
#2939 = CARTESIAN_POINT ( 'NONE',  ( 34.87600575265978620, 18.12618441928438173, 11.60437739772396348 ) ) ;
#2940 = CARTESIAN_POINT ( 'NONE',  ( 51.64589804548101171, 49.34409133547873694, -0.005774182881734335818 ) ) ;
#2941 = ORIENTED_EDGE ( 'NONE', *, *, #2817, .F. ) ;
#2942 = CARTESIAN_POINT ( 'NONE',  ( -38.96461026270483075, 29.51673841865128978, 14.99999999999999822 ) ) ;
#2943 = CARTESIAN_POINT ( 'NONE',  ( 55.63030110107261805, 14.64052548319380520, 14.27702912705709615 ) ) ;
#2944 = CARTESIAN_POINT ( 'NONE',  ( -43.78782771219138681, 37.05942379107350604, 12.02886668409241722 ) ) ;
#2945 = CARTESIAN_POINT ( 'NONE',  ( -22.84868094473304723, 24.77396672226499419, 13.30340871085486398 ) ) ;
#2946 = ORIENTED_EDGE ( 'NONE', *, *, #169, .F. ) ;
#2947 = CARTESIAN_POINT ( 'NONE',  ( -41.33077267238684271, 46.83666400289677512, 10.08423172498982723 ) ) ;
#2948 = CARTESIAN_POINT ( 'NONE',  ( 51.27131114143148949, 162.0000000000000000, 1.897353801849632760E-16 ) ) ;
#2949 = CARTESIAN_POINT ( 'NONE',  ( -36.87702831335836606, 49.45296528199285291, 9.336868075709167769 ) ) ;
#2950 = CARTESIAN_POINT ( 'NONE',  ( -26.79929989013960778, 24.67132625145155700, 9.071846775779341954 ) ) ;
#2951 = CARTESIAN_POINT ( 'NONE',  ( -9.651823754536637878, 24.78739296809680681, 11.79711976880875923 ) ) ;
#2952 = ORIENTED_EDGE ( 'NONE', *, *, #2796, .F. ) ;
#2953 = CARTESIAN_POINT ( 'NONE',  ( 90.82957632475871890, 39.55250778555878099, 11.84062010682906951 ) ) ;
#2954 = CARTESIAN_POINT ( 'NONE',  ( -9.493970084377817642, 45.03289335629489898, 18.78816262349439370 ) ) ;
#2955 = CARTESIAN_POINT ( 'NONE',  ( 55.88659144683172286, 49.86048883175315183, 13.96696652373542769 ) ) ;
#2956 = CARTESIAN_POINT ( 'NONE',  ( -24.19502740169033572, 48.69606468688038348, 8.853602738148401485 ) ) ;
#2957 = CARTESIAN_POINT ( 'NONE',  ( -17.58816607728312675, 48.04836014326312466, 6.861010843643665424 ) ) ;
#2958 = ADVANCED_FACE ( 'NONE', ( #1272 ), #804, .F. ) ;
#2959 = CARTESIAN_POINT ( 'NONE',  ( 90.45804695750589985, 41.53655774382028198, 10.38096344556233142 ) ) ;
#2960 = CARTESIAN_POINT ( 'NONE',  ( 33.48984614181041053, 46.32741279148662983, 1.401122844010211033 ) ) ;
#2961 = CARTESIAN_POINT ( 'NONE',  ( -42.89164606077477515, 35.03131862495060744, 10.79409401493417953 ) ) ;
#2962 = DIRECTION ( 'NONE',  ( -1.000000000000000000, 0.000000000000000000, 0.000000000000000000 ) ) ;
#2963 = ORIENTED_EDGE ( 'NONE', *, *, #3137, .F. ) ;
#2964 = CARTESIAN_POINT ( 'NONE',  ( -44.12086296333650637, 40.75908331210529667, 13.61266060890632801 ) ) ;
#2965 = CARTESIAN_POINT ( 'NONE',  ( 71.29301668880761156, 46.14126403871200210, 1.981800076736180971 ) ) ;
#2966 = CARTESIAN_POINT ( 'NONE',  ( -44.17017839803893509, 39.90240321234858101, 14.98142825361487418 ) ) ;
#2967 = B_SPLINE_CURVE_WITH_KNOTS ( 'NONE', 3,
 ( #2332, #600, #3087, #909, #413 ),
 .UNSPECIFIED., .F., .F.,
 ( 4, 1, 4 ),
 ( 0.003530786957104996120, 0.1772581170950056351, 0.3292604874271330417 ),
 .UNSPECIFIED. ) ;
#2968 = CARTESIAN_POINT ( 'NONE',  ( -26.70844335961787408, 25.65792991017115199, 8.074476601921228180 ) ) ;
#2969 = CARTESIAN_POINT ( 'NONE',  ( 48.92991905534603347, 14.44999154776911610, 16.30747175559023532 ) ) ;
#2970 = VERTEX_POINT ( 'NONE', #5 ) ;
#2971 = CARTESIAN_POINT ( 'NONE',  ( 55.40706432435211326, 48.81841188478961158, 0.01174064679695020416 ) ) ;
#2972 = CARTESIAN_POINT ( 'NONE',  ( 19.08286835855775365, 41.27559463614853996, 20.94129261217814886 ) ) ;
#2973 = CARTESIAN_POINT ( 'NONE',  ( 89.47001558549507649, 19.76019237513385818, 9.739248206417398634 ) ) ;
#2974 = CARTESIAN_POINT ( 'NONE',  ( -24.32490197113977004, 48.42203908938905244, 13.18779145998485625 ) ) ;
#2975 = CARTESIAN_POINT ( 'NONE',  ( -44.15639134420396061, 38.98488140551698677, 14.32331353475977487 ) ) ;
#2976 = CARTESIAN_POINT ( 'NONE',  ( -30.08615461900437538, 48.34389245800483792, 8.206507868382308502 ) ) ;
#2977 = CARTESIAN_POINT ( 'NONE',  ( -5.505336275516397926, 46.29874142410038473, 0.9999999999999991118 ) ) ;
#2978 = DIRECTION ( 'NONE',  ( -0.000000000000000000, -0.000000000000000000, -1.000000000000000000 ) ) ;
#2979 = CARTESIAN_POINT ( 'NONE',  ( 46.86965155106189229, 14.95113778187334042, 1.073668142513402701 ) ) ;
#2980 = CARTESIAN_POINT ( 'NONE',  ( 59.00361471557683757, 49.80782242930683168, 1.161182302626241336 ) ) ;
#2981 = EDGE_LOOP ( 'NONE', ( #455, #1353 ) ) ;
#2982 = CARTESIAN_POINT ( 'NONE',  ( -24.33026090806094999, 25.21701712302770915, 13.58573813553396903 ) ) ;
#2983 = FILL_AREA_STYLE ('',( #356 ) ) ;
#2984 = CARTESIAN_POINT ( 'NONE',  ( 9.409490584404618829, 19.14553891518880491, 7.652165186191146162 ) ) ;
#2985 = CARTESIAN_POINT ( 'NONE',  ( 17.39071513850787909, 19.00897972720680329, 3.609478545305385033 ) ) ;
#2986 = PLANE ( 'NONE',  #926 ) ;
#2987 = ORIENTED_EDGE ( 'NONE', *, *, #1696, .T. ) ;
#2988 = CARTESIAN_POINT ( 'NONE',  ( 88.48377849208259249, 30.38606653723940809, 9.128817922410291885 ) ) ;
#2989 = CIRCLE ( 'NONE', #976, 0.8999999999999980238 ) ;
#2990 = CARTESIAN_POINT ( 'NONE',  ( 42.34443558688698062, 48.56682900163700367, 12.05508490701952518 ) ) ;
#2991 = CARTESIAN_POINT ( 'NONE',  ( 76.45186103729510307, 15.44295182918406262, 3.493893279379938654 ) ) ;
#2992 = CIRCLE ( 'NONE', #1908, 1.000000000000002442 ) ;
#2993 = CARTESIAN_POINT ( 'NONE',  ( -24.35510920050077033, 47.38000272322639006, 13.79087024516311466 ) ) ;
#2994 = CARTESIAN_POINT ( 'NONE',  ( 1.913639280342655402, 21.27468259465657496, 5.166284954244587446 ) ) ;
#2995 = CARTESIAN_POINT ( 'NONE',  ( -27.26332645181446068, 49.02876315211831582, 9.127611974456485200 ) ) ;
#2996 = CARTESIAN_POINT ( 'NONE',  ( 86.69144546104229221, 43.40049749087912545, 8.070669373338970942 ) ) ;
#2997 = ADVANCED_FACE ( 'NONE', ( #2290 ), #1673, .T. ) ;
#2998 = CARTESIAN_POINT ( 'NONE',  ( 54.79642867976509990, 48.75579176088336197, -5.421010862427522170E-17 ) ) ;
#2999 = CARTESIAN_POINT ( 'NONE',  ( -28.68022849925726092, 25.05710048126463363, 9.169578486111714000 ) ) ;
#3000 = CARTESIAN_POINT ( 'NONE',  ( 60.24981724184849696, 49.50992096066234893, 1.243194133553380709 ) ) ;
#3001 = VERTEX_POINT ( 'NONE', #3197 ) ;
#3002 = CARTESIAN_POINT ( 'NONE',  ( -29.25551623892739528, 25.43562280495003591, 14.86486047057391957 ) ) ;
#3003 = EDGE_CURVE ( 'NONE', #523, #2439, #1482, .T. ) ;
#3004 = CARTESIAN_POINT ( 'NONE',  ( 55.63030110107261095, 49.75364055210940251, 14.62118098027915636 ) ) ;
#3005 = CARTESIAN_POINT ( 'NONE',  ( -27.68737006273374490, 24.83098533906363414, 8.138073734873376708 ) ) ;
#3006 = CARTESIAN_POINT ( 'NONE',  ( -29.25551623892739528, 25.34211351156139358, 14.84689414802697627 ) ) ;
#3007 = CARTESIAN_POINT ( 'NONE',  ( -1.390585251565866765, 21.64505414589079990, 9.603250854218964960 ) ) ;
#3008 = CARTESIAN_POINT ( 'NONE',  ( 42.34306433149593119, 48.65158190859661147, 12.06811420553710690 ) ) ;
#3009 = CARTESIAN_POINT ( 'NONE',  ( 82.72766490010704388, 16.32315342489376064, 6.021646765160805437 ) ) ;
#3010 = CARTESIAN_POINT ( 'NONE',  ( -24.35292757390790896, 47.45250301765573653, 13.72758375621554627 ) ) ;
#3011 = CARTESIAN_POINT ( 'NONE',  ( 87.52950192460957624, 29.17529099336557863, 8.558393633845085446 ) ) ;
#3012 = CARTESIAN_POINT ( 'NONE',  ( -28.19876474483563555, 49.13398114403974404, 8.165210325614836506 ) ) ;
#3013 = B_SPLINE_CURVE_WITH_KNOTS ( 'NONE', 3,
 ( #475, #1951, #3148, #759 ),
 .UNSPECIFIED., .F., .F.,
 ( 4, 4 ),
 ( 0.000000000000000000, 1.878044161673344031E-06 ),
 .UNSPECIFIED. ) ;
#3014 = CARTESIAN_POINT ( 'NONE',  ( -28.49252512686614480, 25.54647869285221518, 14.74505156141727369 ) ) ;
#3015 = CARTESIAN_POINT ( 'NONE',  ( 1.473548469308959330, 45.79720986811521044, 5.196636737324428879 ) ) ;
#3016 = DIRECTION ( 'NONE',  ( 0.000000000000000000, 0.000000000000000000, -1.000000000000000000 ) ) ;
#3017 = CARTESIAN_POINT ( 'NONE',  ( 48.58910665270813922, 16.37826666191320868, 14.99999999999999467 ) ) ;
#3018 = ORIENTED_EDGE ( 'NONE', *, *, #2936, .F. ) ;
#3019 = CARTESIAN_POINT ( 'NONE',  ( -44.17023683033077219, 39.74383881436909860, 14.98699425172373090 ) ) ;
#3020 = EDGE_CURVE ( 'NONE', #738, #1571, #1860, .T. ) ;
#3021 = CARTESIAN_POINT ( 'NONE',  ( -29.25551623892739883, 48.75170610827179729, 15.42698517073655218 ) ) ;
#3022 = CARTESIAN_POINT ( 'NONE',  ( -28.22998123668059023, 24.94879126068815367, 8.162160294596379373 ) ) ;
#3023 = CARTESIAN_POINT ( 'NONE',  ( 12.42191434431022223, 24.64286806442233413, 9.567423495518349696 ) ) ;
#3024 = CARTESIAN_POINT ( 'NONE',  ( 56.20513718543412551, 14.49472843232188346, 14.31302646980393689 ) ) ;
#3025 = CARTESIAN_POINT ( 'NONE',  ( -9.525244227346393089, 47.36879020563010556, 19.39176448563643973 ) ) ;
#3026 = B_SPLINE_CURVE_WITH_KNOTS ( 'NONE', 3,
 ( #1207, #735, #2943, #1465, #3186, #685 ),
 .UNSPECIFIED., .F., .F.,
 ( 4, 2, 4 ),
 ( 0.000000000000000000, 0.0003967027181459239376, 0.0007934054362918478752 ),
 .UNSPECIFIED. ) ;
#3027 = CARTESIAN_POINT ( 'NONE',  ( 55.63030110107261805, 49.97274693907731091, 15.64602256598102770 ) ) ;
#3028 = CARTESIAN_POINT ( 'NONE',  ( 84.92497022250717009, 16.99616138397720277, 7.111449104456941228 ) ) ;
#3029 = FACE_OUTER_BOUND ( 'NONE', #223, .T. ) ;
#3030 = CARTESIAN_POINT ( 'NONE',  ( 86.93987102827546209, 29.49423327422801222, 8.217609973544668378 ) ) ;
#3031 = CARTESIAN_POINT ( 'NONE',  ( -22.13849918582151588, 47.46171742720265740, 7.576857337769507872 ) ) ;
#3032 = CARTESIAN_POINT ( 'NONE',  ( 24.35524197238540367, 44.84279716334420840, 15.00000000000000000 ) ) ;
#3033 = CARTESIAN_POINT ( 'NONE',  ( -10.82347316934450987, 46.72976405025192292, 11.69856126715106015 ) ) ;
#3034 = CARTESIAN_POINT ( 'NONE',  ( 71.33798765534940856, 47.11909784191094275, 2.999588674838606028 ) ) ;
#3035 = VERTEX_POINT ( 'NONE', #2635 ) ;
#3036 = CARTESIAN_POINT ( 'NONE',  ( -44.17006302507056148, 39.73461194322988632, 14.96265322627265348 ) ) ;
#3037 = UNCERTAINTY_MEASURE_WITH_UNIT (LENGTH_MEASURE( 1.000000000000000082E-05 ), #2740, 'distance_accuracy_value', 'NONE');
#3038 = CARTESIAN_POINT ( 'NONE',  ( -9.487677906402460337, 44.76570409226998493, 11.86811573925489682 ) ) ;
#3039 = CARTESIAN_POINT ( 'NONE',  ( -42.65290150654670498, 35.55508257189888610, 10.02804135084384285 ) ) ;
#3040 = CARTESIAN_POINT ( 'NONE',  ( 55.63030110107261095, 14.68773102959335297, 14.39558378006033479 ) ) ;
#3041 = CARTESIAN_POINT ( 'NONE',  ( 56.13288676824832635, 14.74088736906884556, 14.58261674256638685 ) ) ;
#3042 = CARTESIAN_POINT ( 'NONE',  ( 90.48825738440828559, 20.01112522946118588, 11.09028685008961901 ) ) ;
#3043 = CARTESIAN_POINT ( 'NONE',  ( 63.27963706494159624, 15.30467943110170026, 0.5445783833126899287 ) ) ;
#3044 = EDGE_CURVE ( 'NONE', #3076, #2771, #2992, .T. ) ;
#3045 = CARTESIAN_POINT ( 'NONE',  ( 42.34306433149593119, 48.65158190859661147, 12.06811420553710690 ) ) ;
#3046 = CARTESIAN_POINT ( 'NONE',  ( 42.59973783431642147, 16.25843323881628777, 0.4040417622377576179 ) ) ;
#3047 = CARTESIAN_POINT ( 'NONE',  ( 72.85827477949638364, 47.00272028232785715, 2.382307660581385989 ) ) ;
#3048 = CARTESIAN_POINT ( 'NONE',  ( 55.63030110107260384, 49.83789526655142765, 15.00000000000000000 ) ) ;
#3049 = CARTESIAN_POINT ( 'NONE',  ( 91.82957632475871890, 39.55250778555879521, 11.84062010682906241 ) ) ;
#3050 = ORIENTED_EDGE ( 'NONE', *, *, #1423, .F. ) ;
#3051 = FACE_OUTER_BOUND ( 'NONE', #1553, .T. ) ;
#3052 = CARTESIAN_POINT ( 'NONE',  ( 55.63030110107261095, 49.78095708102155470, 14.62270695938285492 ) ) ;
#3053 = CARTESIAN_POINT ( 'NONE',  ( -41.93091740190057237, 33.60151182475644305, 10.29741641874300839 ) ) ;
#3054 = CARTESIAN_POINT ( 'NONE',  ( -9.636388152647915817, 23.89927574687960288, 11.14416967883118303 ) ) ;
#3055 = CARTESIAN_POINT ( 'NONE',  ( 54.53593860787664482, 14.56071005811514496, 13.47019491836575789 ) ) ;
#3056 = CARTESIAN_POINT ( 'NONE',  ( 85.13946506136237247, 16.18217464939760575, 7.222829126244584508 ) ) ;
#3057 = CARTESIAN_POINT ( 'NONE',  ( 87.74478472837881782, 14.77119763163705457, 15.00000000000000000 ) ) ;
#3058 = FACE_OUTER_BOUND ( 'NONE', #1689, .T. ) ;
#3059 = EDGE_CURVE ( 'NONE', #1982, #868, #445, .T. ) ;
#3060 = CARTESIAN_POINT ( 'NONE',  ( 60.80879752842840702, 49.33168641113793029, 0.3077046604250692763 ) ) ;
#3061 = CARTESIAN_POINT ( 'NONE',  ( -0.9426234634940826584, 42.78643113898129258, 15.00000000000000533 ) ) ;
#3062 = CARTESIAN_POINT ( 'NONE',  ( -0.5100920129884217724, 26.51722354531962011, 15.00000000000000178 ) ) ;
#3063 = ORIENTED_EDGE ( 'NONE', *, *, #1696, .F. ) ;
#3064 = CARTESIAN_POINT ( 'NONE',  ( 12.42315127889071391, 25.58675920506946966, 10.57478787082140670 ) ) ;
#3065 = CARTESIAN_POINT ( 'NONE',  ( 54.79642867976509990, 49.12636133227525903, 9.757819552369539906E-16 ) ) ;
#3066 = CARTESIAN_POINT ( 'NONE',  ( -34.10075738982187232, 27.13971474598714195, 8.204054313445098501 ) ) ;
#3067 = CARTESIAN_POINT ( 'NONE',  ( 79.06132755427094594, 14.71136142971610994, 5.469731856676717463 ) ) ;
#3068 = CARTESIAN_POINT ( 'NONE',  ( 53.07693289165226957, 15.62884631204600261, 0.000000000000000000 ) ) ;
#3069 = CARTESIAN_POINT ( 'NONE',  ( 5.675820705445026704, 19.70073556304912543, 8.767879549820404961 ) ) ;
#3070 = CARTESIAN_POINT ( 'NONE',  ( 78.52829220675887711, 14.64739093852643492, 5.266819226895240291 ) ) ;
#3071 = CARTESIAN_POINT ( 'NONE',  ( 51.27131114143148949, 48.27968647252895096, 1.897353801849632760E-16 ) ) ;
#3072 = CARTESIAN_POINT ( 'NONE',  ( -29.82957557263400972, 49.32205474363172470, 14.73520073433310174 ) ) ;
#3073 = CARTESIAN_POINT ( 'NONE',  ( 80.80165642598258557, 45.18771015224528753, 5.137226577117916193 ) ) ;
#3074 = CARTESIAN_POINT ( 'NONE',  ( -29.25551623892739883, 49.34398038935596986, 15.82298609876373341 ) ) ;
#3075 = CARTESIAN_POINT ( 'NONE',  ( 9.791468172642174395, 41.86701515447631294, 14.99999999999999645 ) ) ;
#3076 = VERTEX_POINT ( 'NONE', #1173 ) ;
#3077 = CARTESIAN_POINT ( 'NONE',  ( -29.25551623892739528, 25.46180667255418584, 14.87279308939255529 ) ) ;
#3078 = EDGE_CURVE ( 'NONE', #1982, #738, #2152, .T. ) ;
#3079 = CARTESIAN_POINT ( 'NONE',  ( -38.51970273199024319, 28.80814644946919145, 0.9999999999999974465 ) ) ;
#3080 = CARTESIAN_POINT ( 'NONE',  ( -38.98572412057004044, 30.50213502093887286, 8.646627885106685341 ) ) ;
#3081 = LINE ( 'NONE', #1163, #2625 ) ;
#3082 = CARTESIAN_POINT ( 'NONE',  ( 51.10840195499658023, 49.26655788815197923, 1.301042606982605124E-15 ) ) ;
#3083 = CARTESIAN_POINT ( 'NONE',  ( -29.52805846587194338, 25.66284624586589658, 15.05725984946448470 ) ) ;
#3084 = CARTESIAN_POINT ( 'NONE',  ( -9.548361499762311411, 49.73954841478309419, 11.36742199409108167 ) ) ;
#3085 = CARTESIAN_POINT ( 'NONE',  ( 89.64387321829083533, 19.05246219212726189, 10.58771799843450445 ) ) ;
#3086 = CARTESIAN_POINT ( 'NONE',  ( -34.77968909801560926, 48.83005326686247827, 8.220563624863986618 ) ) ;
#3087 = CARTESIAN_POINT ( 'NONE',  ( -15.00723487547809754, 46.06591781291680121, 12.36850070924992728 ) ) ;
#3088 = CARTESIAN_POINT ( 'NONE',  ( -17.62462490116377012, 48.04889479922519513, 11.52507225602246876 ) ) ;
#3089 = CARTESIAN_POINT ( 'NONE',  ( 85.54434876958760015, 44.77809479322223041, 8.375526139677978321 ) ) ;
#3090 = AXIS2_PLACEMENT_3D ( 'NONE', #1878, #1335, #3121 ) ;
#3091 = CARTESIAN_POINT ( 'NONE',  ( 54.77406890653071514, 15.04862314691024316, 0.1262157392028425973 ) ) ;
#3092 = ADVANCED_FACE ( 'NONE', ( #1492 ), #2126, .T. ) ;
#3093 = ORIENTED_EDGE ( 'NONE', *, *, #2237, .F. ) ;
#3094 = CARTESIAN_POINT ( 'NONE',  ( 48.94585939440905520, 16.03920324531530639, 13.60697352572948482 ) ) ;
#3095 = CARTESIAN_POINT ( 'NONE',  ( -44.17042367523624335, 39.84491314829713104, 14.98906432577621750 ) ) ;
#3096 = CARTESIAN_POINT ( 'NONE',  ( -30.91788020864469644, 25.73499359445025547, 8.203254050606728853 ) ) ;
#3097 = EDGE_CURVE ( 'NONE', #1099, #2536, #707, .T. ) ;
#3098 = CARTESIAN_POINT ( 'NONE',  ( -29.25551623892739528, 49.26968459363934016, 15.25674173518609678 ) ) ;
#3099 = CARTESIAN_POINT ( 'NONE',  ( 51.27131114143148949, 15.71952504505333437, 1.897353801849632760E-16 ) ) ;
#3100 = CARTESIAN_POINT ( 'NONE',  ( -26.09457985504711885, 25.19986233249467134, 14.07408830340176564 ) ) ;
#3101 = CARTESIAN_POINT ( 'NONE',  ( 85.87237964696997494, 16.49359902133529587, 7.615394067977951487 ) ) ;
#3102 = EDGE_CURVE ( 'NONE', #2694, #3180, #1441, .T. ) ;
#3103 = CARTESIAN_POINT ( 'NONE',  ( -29.25551623892739528, 25.46180667255418584, 14.87279308939255529 ) ) ;
#3104 = ORIENTED_EDGE ( 'NONE', *, *, #3044, .T. ) ;
#3105 = CARTESIAN_POINT ( 'NONE',  ( 87.63677643279896756, 30.07552512577783688, 15.00000000000000000 ) ) ;
#3106 = CARTESIAN_POINT ( 'NONE',  ( 5.880271468008565705, 46.64878746016805877, 9.469241509706090909 ) ) ;
#3107 = CARTESIAN_POINT ( 'NONE',  ( 62.21672674057158048, 48.80824726080135179, 0.4435955540411022358 ) ) ;
#3108 = CARTESIAN_POINT ( 'NONE',  ( -11.60409563516876830, 44.28558341709172197, 14.99999999999998579 ) ) ;
#3109 = ORIENTED_EDGE ( 'NONE', *, *, #890, .T. ) ;
#3110 = CARTESIAN_POINT ( 'NONE',  ( 55.63030110107261805, 14.98657444478089751, 14.89822927576062561 ) ) ;
#3111 = CARTESIAN_POINT ( 'NONE',  ( -15.36775826413252588, 22.95175333431408404, 10.83967243894097621 ) ) ;
#3112 = CARTESIAN_POINT ( 'NONE',  ( -43.90850210656982711, 37.70500836107216003, 12.15183548718587048 ) ) ;
#3113 = CARTESIAN_POINT ( 'NONE',  ( 54.74542672906344620, 14.55303849486862866, 0.9999999999999988898 ) ) ;
#3114 = CARTESIAN_POINT ( 'NONE',  ( 54.71207198216413303, 49.75434520783599623, 1.301042606982605124E-15 ) ) ;
#3115 = CARTESIAN_POINT ( 'NONE',  ( -12.40620050078142533, 22.49366995271155290, 10.31594108425221101 ) ) ;
#3116 =( BOUNDED_SURFACE ( )  B_SPLINE_SURFACE ( 3, 2, ( 
 ( #2629, #3082, #141 ),
 ( #860, #1164, #1615 ),
 ( #662, #377, #1150 ),
 ( #2130, #3114, #621 ) ),
 .UNSPECIFIED., .F., .F., .F. ) 
 B_SPLINE_SURFACE_WITH_KNOTS ( ( 4, 4 ),
 ( 3, 3 ),
 ( 0.1188064449069395762, 0.1224084259760495064 ),
 ( 0.000000000000000000, 1.000000000000000000 ),
 .UNSPECIFIED. ) 
 GEOMETRIC_REPRESENTATION_ITEM ( )  RATIONAL_B_SPLINE_SURFACE ( (
 ( 1.000000000000000000, 0.7071067811865476838, 1.000000000000000000),
 ( 1.000000000000000000, 0.7071067811865476838, 1.000000000000000000),
 ( 1.000000000000000000, 0.7071067811865476838, 1.000000000000000000),
 ( 1.000000000000000000, 0.7071067811865476838, 1.000000000000000000) ) ) 
 REPRESENTATION_ITEM ( '' )  SURFACE ( )  );
#3117 = CARTESIAN_POINT ( 'NONE',  ( 90.82957632475873311, 39.55250778555879521, 13.15856605931003465 ) ) ;
#3118 = CARTESIAN_POINT ( 'NONE',  ( 55.63030110107260384, 14.51691283662306198, 15.00000000000000000 ) ) ;
#3119 = CARTESIAN_POINT ( 'NONE',  ( 51.13947287014551080, 49.24422027587537087, 0.7368993276000730397 ) ) ;
#3120 = APPLICATION_CONTEXT ( 'automotive_design' ) ;
#3121 = DIRECTION ( 'NONE',  ( -0.5614444404113307918, 0.000000000000000000, -0.8275144351195377057 ) ) ;
#3122 = CARTESIAN_POINT ( 'NONE',  ( -1.340750736086587569, 46.13791372808418600, 10.89397098442171341 ) ) ;
#3123 = CARTESIAN_POINT ( 'NONE',  ( 56.18176268405165530, 49.87667716507171889, 1.035879334284004027 ) ) ;
#3124 = CARTESIAN_POINT ( 'NONE',  ( 15.82476775706488326, 46.57645885178344969, 4.803184923356491609 ) ) ;
#3125 = VERTEX_POINT ( 'NONE', #951 ) ;
#3126 = CARTESIAN_POINT ( 'NONE',  ( -24.33215177672022023, 25.17114698580652643, 13.55989376004334801 ) ) ;
#3127 = CARTESIAN_POINT ( 'NONE',  ( -33.96574429572994092, 49.81885843669754621, 15.00000000000000000 ) ) ;
#3128 = CARTESIAN_POINT ( 'NONE',  ( -44.17369537666996848, 39.25959400586318537, 15.36119635789171589 ) ) ;
#3129 = CARTESIAN_POINT ( 'NONE',  ( 80.65063556525400656, 14.95146977256798237, 6.105884071671777491 ) ) ;
#3130 = CARTESIAN_POINT ( 'NONE',  ( -9.570666487754456497, 51.80395618651829892, 14.77608173174088968 ) ) ;
#3131 = CARTESIAN_POINT ( 'NONE',  ( -39.71516837144182688, 48.14995337738097447, 8.800955238042940110 ) ) ;
#3132 = CARTESIAN_POINT ( 'NONE',  ( -28.00746423711325050, 24.90102039079123131, 13.61788746687195228 ) ) ;
#3133 = CARTESIAN_POINT ( 'NONE',  ( -42.70320749709016184, 44.14874908051960034, 10.06513819773371665 ) ) ;
#3134 = EDGE_CURVE ( 'NONE', #728, #1930, #1794, .T. ) ;
#3135 = CARTESIAN_POINT ( 'NONE',  ( 19.11763199355503318, 53.16314118509747999, 13.69982297072299815 ) ) ;
#3136 = CARTESIAN_POINT ( 'NONE',  ( 22.22911544898834180, 46.73090965877079128, 9.418043062704059665 ) ) ;
#3137 = EDGE_CURVE ( 'NONE', #2003, #615, #999, .T. ) ;
#3138 = DIRECTION ( 'NONE',  ( -6.938893903907352229E-15, 9.267225049632580755E-15, -1.000000000000000000 ) ) ;
#3139 = CARTESIAN_POINT ( 'NONE',  ( 36.95061290204440496, 47.60331408568147538, 1.970745034916762561 ) ) ;
#3140 = CARTESIAN_POINT ( 'NONE',  ( -44.14730812800272730, 49.02925930429154278, 12.44803990761418611 ) ) ;
#3141 = CARTESIAN_POINT ( 'NONE',  ( 12.41020144073860898, 15.19033074893145674, 7.325164396124798749 ) ) ;
#3142 = CARTESIAN_POINT ( 'NONE',  ( 91.39604175781660444, 49.12636133227525903, 11.01653460571249710 ) ) ;
#3143 = CARTESIAN_POINT ( 'NONE',  ( -43.67910468919603062, 37.11200677998696307, 11.42204764469697587 ) ) ;
#3144 = CARTESIAN_POINT ( 'NONE',  ( 53.45854036494148431, 49.60336679146594463, 13.42290670002483566 ) ) ;
#3145 = CARTESIAN_POINT ( 'NONE',  ( -43.39096484327643566, 43.70481202469043325, 10.82050552847744207 ) ) ;
#3146 = CARTESIAN_POINT ( 'NONE',  ( -29.10613710550855515, 25.17318871761133181, 13.99960673431557723 ) ) ;
#3147 = AXIS2_PLACEMENT_3D ( 'NONE', #2045, #800, #598 ) ;
#3148 = CARTESIAN_POINT ( 'NONE',  ( 54.79642867976507148, 48.75641777560391432, 0.000000000000000000 ) ) ;
#3149 = CARTESIAN_POINT ( 'NONE',  ( 51.27130328679952953, 15.71892990907459975, 1.325871986236209383E-07 ) ) ;
#3150 = CARTESIAN_POINT ( 'NONE',  ( 12.42191434431022223, 24.64286806442233413, 9.567423495518349696 ) ) ;
#3151 = VERTEX_POINT ( 'NONE', #724 ) ;
#3152 = FACE_OUTER_BOUND ( 'NONE', #177, .T. ) ;
#3153 = CARTESIAN_POINT ( 'NONE',  ( 16.78311494198171516, 45.80990444155956709, 10.24014064704864602 ) ) ;
#3154 = CARTESIAN_POINT ( 'NONE',  ( -32.18540993089100510, 49.60117132171956200, 9.196090567183116349 ) ) ;
#3155 = CARTESIAN_POINT ( 'NONE',  ( 5.029861709946721327, 46.68586407127680360, 5.948265570978152006 ) ) ;
#3156 = CARTESIAN_POINT ( 'NONE',  ( -44.16925824726576622, 39.15198797110221562, 14.99999999999999467 ) ) ;
#3157 =( LENGTH_UNIT ( ) NAMED_UNIT ( * ) SI_UNIT ( .MILLI., .METRE. ) );
#3158 = CARTESIAN_POINT ( 'NONE',  ( -44.15316087034928216, 38.94781424181051221, 14.23611356882716272 ) ) ;
#3159 = CARTESIAN_POINT ( 'NONE',  ( 55.63030110107263226, 49.83789526612973475, 13.90762782793193075 ) ) ;
#3160 = ORIENTED_EDGE ( 'NONE', *, *, #1778, .F. ) ;
#3161 = CARTESIAN_POINT ( 'NONE',  ( -43.83614433424745727, 42.12144152861360880, 11.86670024778415033 ) ) ;
#3162 = DIRECTION ( 'NONE',  ( -0.000000000000000000, -0.000000000000000000, -1.000000000000000000 ) ) ;
#3163 = CARTESIAN_POINT ( 'NONE',  ( -14.89136722021932080, 26.25737349151776101, 14.99999999999999289 ) ) ;
#3164 = CARTESIAN_POINT ( 'NONE',  ( 61.24841019484158267, 14.34019104453815707, 1.336711163426662852 ) ) ;
#3165 = CARTESIAN_POINT ( 'NONE',  ( 35.55564718365294397, 14.12715193873652986, 10.93768035875698175 ) ) ;
#3166 = CARTESIAN_POINT ( 'NONE',  ( 19.07600313465161790, 47.97231628930651226, 8.953706598623726975 ) ) ;
#3167 = CARTESIAN_POINT ( 'NONE',  ( 53.15937034619235391, 49.56304345598432803, 13.36358494268442243 ) ) ;
#3168 = CARTESIAN_POINT ( 'NONE',  ( 12.15017358521021329, 46.56490523394077030, 5.267097629251675350 ) ) ;
#3169 = CARTESIAN_POINT ( 'NONE',  ( 22.86323944471824277, 46.73537500588665239, 2.848589409348063040 ) ) ;
#3170 = CARTESIAN_POINT ( 'NONE',  ( 48.97535172517955004, 14.75020331391710116, 12.85862153102505268 ) ) ;
#3171 = CARTESIAN_POINT ( 'NONE',  ( -43.88025325855483061, 37.36374403717410786, 12.03364941916690789 ) ) ;
#3172 = CYLINDRICAL_SURFACE ( 'NONE', #2830, 10.00633195501485950 ) ;
#3173 = ORIENTED_EDGE ( 'NONE', *, *, #1617, .F. ) ;
#3174 = CARTESIAN_POINT ( 'NONE',  ( -42.37859438504612797, 45.54360713040082942, 9.794417246235946450 ) ) ;
#3175 = ADVANCED_FACE ( 'NONE', ( #2690 ), #1725, .T. ) ;
#3176 = CARTESIAN_POINT ( 'NONE',  ( 89.24391611891216769, 41.80066798350611634, 9.595574753123251810 ) ) ;
#3177 = DIRECTION ( 'NONE',  ( 0.000000000000000000, 0.000000000000000000, 1.000000000000000000 ) ) ;
#3178 = CARTESIAN_POINT ( 'NONE',  ( 67.92006294158105106, 14.26663328498740491, 2.272572331923407685 ) ) ;
#3179 = CARTESIAN_POINT ( 'NONE',  ( 35.56854969730448346, 18.49089095765797808, 12.26241542583848698 ) ) ;
#3180 = VERTEX_POINT ( 'NONE', #490 ) ;
#3181 = CARTESIAN_POINT ( 'NONE',  ( 19.07401573297242336, 47.62396833651909844, 8.868478238356340526 ) ) ;
#3182 = CARTESIAN_POINT ( 'NONE',  ( 53.06503922744343527, 49.00681153097089293, 14.23412781066856425 ) ) ;
#3183 = CARTESIAN_POINT ( 'NONE',  ( 51.13789534448082463, 49.27078332650491177, 1.000000000000001332 ) ) ;
#3184 = CARTESIAN_POINT ( 'NONE',  ( 23.00448956532439126, 46.74031422702314131, 3.833663712717773731 ) ) ;
#3185 = CARTESIAN_POINT ( 'NONE',  ( 55.63030110107260384, 17.66327151073699042, 15.00000000000000000 ) ) ;
#3186 = CARTESIAN_POINT ( 'NONE',  ( 55.63030110107261805, 14.51691283636221463, 13.89531159850138486 ) ) ;
#3187 = CARTESIAN_POINT ( 'NONE',  ( -17.48072812116722119, 23.27589607126576965, 7.830221946794979182 ) ) ;
#3188 = CARTESIAN_POINT ( 'NONE',  ( 6.404450621361648111, 20.48673004442129653, 8.835290547418251705 ) ) ;
#3189 = ORIENTED_EDGE ( 'NONE', *, *, #518, .T. ) ;
#3190 = CARTESIAN_POINT ( 'NONE',  ( -42.56730637220064040, 45.25009616965179760, 10.60463792138036077 ) ) ;
#3191 = CARTESIAN_POINT ( 'NONE',  ( 68.02015478492891987, 46.50258799763478379, 1.273997354344458710 ) ) ;
#3192 = AXIS2_PLACEMENT_3D ( 'NONE', #135, #1881, #2829 ) ;
#3193 = CARTESIAN_POINT ( 'NONE',  ( -38.89655624548358759, 48.63854082204983342, 9.572146329785535812 ) ) ;
#3194 = CARTESIAN_POINT ( 'NONE',  ( -23.29893118539463615, 24.15602273350052798, 8.742987976708565867 ) ) ;
#3195 = CARTESIAN_POINT ( 'NONE',  ( 48.94838232275787959, 15.95773956472443977, 13.51092462885845435 ) ) ;
#3196 = EDGE_LOOP ( 'NONE', ( #722, #1412, #934, #2688 ) ) ;
#3197 = CARTESIAN_POINT ( 'NONE',  ( -29.25551623892739173, 25.21515200435774773, 14.06000518454717962 ) ) ;
ENDSEC;
END-ISO-10303-21;
